Trial,amine_chemical_name,aldehyde_chemical_name,mic_operator,mic_value,mic_unit
1,"2,2-bis(2-aminoethoxy)propane",(E)-2-Octenal,=,0.098,mM
1,"1,7-Diaminoheptane",(E)-2-Octenal,=,0.049,mM
1,"1,11-diamino-3,6,9-trioxaundecane",(E)-2-Octenal,=,0.098,mM
1,"1,5-diaminopentane",(E)-2-Octenal,=,0.098,mM
1,"1,4-diaminobutane",(E)-2-Octenal,=,0.098,mM
1,"1,8-diaminooctan",(E)-2-Octenal,=,0.098,mM
1,p-Phenylenediamine,(E)-2-Octenal,>,12.5,mM
1,Polyethylenimine linear,(E)-2-Octenal,=,0.38,mM
1,"3,7-diazanonane-1,9-diamine",(E)-2-Octenal,=,0.196,mM
1,"1,6-Hexanediamine",(E)-2-Octenal,=,0.098,mM
1,"1,3-bis(aminomethyl)cyclohexane",(E)-2-Octenal,=,0.39,mM
1,1.9-diaminononane,(E)-2-Octenal,=,0.098,mM
1,"2,2'-(ethylenedioxy)bis(ethylamine)",(E)-2-Octenal,=,0.049,mM
1,"1,5-diamino-3-azapentane",(E)-2-Octenal,=,0.38,mM
1,Bis(3-aminopropyl)amine,(E)-2-Octenal,=,0.75,mM
1,"3,3'-Diamino-N-methyldipropylamine",(E)-2-Octenal,=,0.098,mM
1,Spermine,(E)-2-Octenal,=,0.75,mM
1,"1,11-diamino-3,6,9-trioxaundecane",1H-Imidazole-2-carboxaldehyde,=,0.39,mM
1,"1,6-Hexanediamine",1H-Imidazole-2-carboxaldehyde,=,3.12,mM
1,"1,11-diamino-3,6,9-trioxaundecane",4-Ethynylbenzaldehyde,=,3.12,mM
1,"1,11-diamino-3,6,9-trioxaundecane","3,4-Dihydroxybenzaldehyde",=,6.25,mM
1,"1,6-Hexanediamine","3,4-Dihydroxybenzaldehyde",=,6.25,mM
1,"1,6-Hexanediamine",(E)-Dec-2-enal,=,0.098,mM
1,"1,5-diamino-3-azapentane",(E)-Dec-2-enal,=,1.5,mM
1,"N-bis-(2-amino-ethyl)-ethane-1,2-diamine","2,6-Dimethyl-5-heptenal",=,3.12,mM
1,"2,2-bis(2-aminoethoxy)propane","2,6-Dimethyl-5-heptenal",>,12.5,mM
1,(Z)-[bis(2-aminoethyl)amino]-hydroxyimino-oxidoazanium,"2,6-Dimethyl-5-heptenal",=,6.25,mM
1,cystamine dihydrochloride,"2,6-Dimethyl-5-heptenal",=,6.25,mM
1,"1,7-Diaminoheptane","2,6-Dimethyl-5-heptenal",=,3.12,mM
1,"2,2'-diaminodiethyl ether","2,6-Dimethyl-5-heptenal",>,12.5,mM
1,"1,11-diamino-3,6,9-trioxaundecane","2,6-Dimethyl-5-heptenal",=,12.5,mM
1,"1,4-diaminobutane","2,6-Dimethyl-5-heptenal",=,3.12,mM
1,"2,5-Bis(aminomethyl)furan","2,6-Dimethyl-5-heptenal",=,6.25,mM
1,"1,8-diaminooctan","2,6-Dimethyl-5-heptenal",=,1.56,mM
1,p-Phenylenediamine,"2,6-Dimethyl-5-heptenal",=,1.56,mM
1,"3,7-diazanonane-1,9-diamine","2,6-Dimethyl-5-heptenal",=,6.25,mM
1,"(3-aminopropyl)-1,2-ethylenediamine","2,6-Dimethyl-5-heptenal",=,12.5,mM
1,"1,6-Hexanediamine","2,6-Dimethyl-5-heptenal",=,6.25,mM
1,"1,3-di(aminomethyl)benzene","2,6-Dimethyl-5-heptenal",=,12.5,mM
1,"1,3-bis(aminomethyl)cyclohexane","2,6-Dimethyl-5-heptenal",=,12.5,mM
1,"2,2'-(ethylenedioxy)bis(ethylamine)","2,6-Dimethyl-5-heptenal",=,3.12,mM
1,"2,2',2''-triaminotriethylamine","2,6-Dimethyl-5-heptenal",=,3.12,mM
1,"N'-(2-aminoethyl)-N'-methylethane-1,2-diamine","2,6-Dimethyl-5-heptenal",>,12.5,mM
1,Bis(3-aminopropyl)amine,"2,6-Dimethyl-5-heptenal",=,3.12,mM
1,"3,3'-Diamino-N-methyldipropylamine","2,6-Dimethyl-5-heptenal",=,12.5,mM
1,"1,5-diamino-3-azapentane",4-Nitrobenzaldehyde,=,3.12,mM
1,"1,11-diamino-3,6,9-trioxaundecane",Hexanal,=,0.39,mM
1,"1,6-Hexanediamine",Hexanal,=,0.048,mM
1,"1,5-diamino-3-azapentane",Hexanal,=,0.78,mM
1,"1,11-diamino-3,6,9-trioxaundecane",Vanillin,=,12.5,mM
1,"1,6-Hexanediamine",Vanillin,=,6.25,mM
1,"1,5-diamino-3-azapentane",Vanillin,=,1.5,mM
1,"1,11-diamino-3,6,9-trioxaundecane",Octyl aldehyde,=,0.024,mM
1,"1,6-Hexanediamine",Octyl aldehyde,=,0.098,mM
1,"1,5-diamino-3-azapentane",Octyl aldehyde,=,0.39,mM
1,"1,6-Hexanediamine",Nonyl aldehyde,=,0.19,mM
1,"1,5-diamino-3-azapentane",Nonyl aldehyde,=,0.098,mM
1,"N-bis-(2-amino-ethyl)-ethane-1,2-diamine",Trans-2-pentenal,=,6.25,mM
1,(Z)-[bis(2-aminoethyl)amino]-hydroxyimino-oxidoazanium,Trans-2-pentenal,=,0.39,mM
1,"1,7-Diaminoheptane",Trans-2-pentenal,=,0.39,mM
1,"2,2'-diaminodiethyl ether",Trans-2-pentenal,=,3.12,mM
1,"1,11-diamino-3,6,9-trioxaundecane",Trans-2-pentenal,=,3.12,mM
1,"1,5-diaminopentane",Trans-2-pentenal,=,1.56,mM
1,"1,8-diaminooctan",Trans-2-pentenal,=,0.39,mM
1,p-Phenylenediamine,Trans-2-pentenal,>,12.5,mM
1,"3,7-diazanonane-1,9-diamine",Trans-2-pentenal,=,6.25,mM
1,"(3-aminopropyl)-1,2-ethylenediamine",Trans-2-pentenal,=,6.25,mM
1,"1,6-Hexanediamine",Trans-2-pentenal,=,0.19,mM
1,"1,3-bis(aminomethyl)cyclohexane",Trans-2-pentenal,=,1.56,mM
1,1.9-diaminononane,Trans-2-pentenal,=,0.098,mM
1,"2,2'-(ethylenedioxy)bis(ethylamine)",Trans-2-pentenal,=,3.12,mM
1,"N'-(2-aminoethyl)-N'-methylethane-1,2-diamine",Trans-2-pentenal,=,0.78,mM
1,"1,5-diamino-3-azapentane",Trans-2-pentenal,=,6.25,mM
1,Bis(3-aminopropyl)amine,Trans-2-pentenal,=,0.39,mM
1,"3,3'-Diamino-N-methyldipropylamine",Trans-2-pentenal,=,3.12,mM
1,"1,6-Hexanediamine",citronellal,=,0.048,mM
1,"1,5-diamino-3-azapentane",citronellal,=,1.56,mM
1,"1,6-Hexanediamine",2-Pyridinecarboxaldehyde,=,3.12,mM
1,"1,5-diamino-3-azapentane",2-Pyridinecarboxaldehyde,=,12.5,mM
1,"1,11-diamino-3,6,9-trioxaundecane",(E)-hept-2-enal,=,0.049,mM
1,"1,6-Hexanediamine",(E)-hept-2-enal,=,0.048,mM
1,"1,11-diamino-3,6,9-trioxaundecane","(2E,4E)-deca-2,4-dienal",=,0.049,mM
1,"1,6-Hexanediamine","(2E,4E)-deca-2,4-dienal",=,0.19,mM
1,"1,5-diamino-3-azapentane","(2E,4E)-deca-2,4-dienal",=,0.75,mM
1,"1,11-diamino-3,6,9-trioxaundecane",Cinnamaldehyde,=,0.19,mM
1,"1,6-Hexanediamine",Cinnamaldehyde,=,0.39,mM
1,"1,5-diamino-3-azapentane",Cinnamaldehyde,=,3,mM
1,"1,6-Hexanediamine",p-Bromo benzaldehyde,=,6.25,mM
1,"1,5-diamino-3-azapentane",p-Bromo benzaldehyde,=,3.12,mM
1,"1,11-diamino-3,6,9-trioxaundecane",(E)-non-2-enal,=,0.048,mM
1,"1,6-Hexanediamine",(E)-non-2-enal,=,0.098,mM
1,"1,11-diamino-3,6,9-trioxaundecane","(2E)-nona-2,6-dienal",=,0.098,mM
1,"1,6-Hexanediamine","(2E)-nona-2,6-dienal",=,0.19,mM
1,"1,11-diamino-3,6,9-trioxaundecane",Citral,=,0.098,mM
1,"1,6-Hexanediamine",Citral,=,0.19,mM
1,"1,5-diamino-3-azapentane",Citral,=,0.19,mM
1,"1,11-diamino-3,6,9-trioxaundecane",(E)-hex-2-enal,=,0.19,mM
1,"1,6-Hexanediamine",(E)-hex-2-enal,=,0.39,mM
1,"1,5-diamino-3-azapentane",(E)-hex-2-enal,=,3,mM
1,"1,11-diamino-3,6,9-trioxaundecane",Formaldehyde,=,3.12,mM
2,"2,2-bis(2-aminoethoxy)propane",(E)-2-Octenal,=,0.098,mM
2,"1,7-Diaminoheptane",(E)-2-Octenal,=,0.049,mM
2,"1,11-diamino-3,6,9-trioxaundecane",(E)-2-Octenal,=,0.098,mM
2,"1,5-diaminopentane",(E)-2-Octenal,=,0.098,mM
2,"1,8-diaminooctan",(E)-2-Octenal,=,0.098,mM
2,p-Phenylenediamine,(E)-2-Octenal,>,12.5,mM
2,Polyethylenimine linear,(E)-2-Octenal,=,0.38,mM
2,"3,7-diazanonane-1,9-diamine",(E)-2-Octenal,=,0.196,mM
2,"(3-aminopropyl)-1,2-ethylenediamine",(E)-2-Octenal,=,0.39,mM
2,"1,6-Hexanediamine",(E)-2-Octenal,=,0.098,mM
2,"1,3-bis(aminomethyl)cyclohexane",(E)-2-Octenal,=,0.39,mM
2,1.9-diaminononane,(E)-2-Octenal,=,0.098,mM
2,"2,2'-(ethylenedioxy)bis(ethylamine)",(E)-2-Octenal,=,0.049,mM
2,"2,2',2''-triaminotriethylamine",(E)-2-Octenal,=,0.098,mM
2,"N'-(2-aminoethyl)-N'-methylethane-1,2-diamine",(E)-2-Octenal,=,0.049,mM
2,"1,5-diamino-3-azapentane",(E)-2-Octenal,=,0.38,mM
2,Bis(3-aminopropyl)amine,(E)-2-Octenal,=,0.75,mM
2,"3,3'-Diamino-N-methyldipropylamine",(E)-2-Octenal,=,0.098,mM
2,"1,6-Hexanediamine",1H-Imidazole-2-carboxaldehyde,=,3.12,mM
2,"1,5-diamino-3-azapentane",1H-Imidazole-2-carboxaldehyde,=,0.78,mM
2,"1,11-diamino-3,6,9-trioxaundecane",4-Ethynylbenzaldehyde,=,3.12,mM
2,"1,11-diamino-3,6,9-trioxaundecane","3,4-Dihydroxybenzaldehyde",=,6.25,mM
2,"1,6-Hexanediamine","3,4-Dihydroxybenzaldehyde",=,6.25,mM
2,"1,11-diamino-3,6,9-trioxaundecane",(E)-Dec-2-enal,=,0.024,mM
2,"1,6-Hexanediamine",(E)-Dec-2-enal,=,0.098,mM
2,"N-bis-(2-amino-ethyl)-ethane-1,2-diamine","2,6-Dimethyl-5-heptenal",=,3.12,mM
2,"2,2-bis(2-aminoethoxy)propane","2,6-Dimethyl-5-heptenal",>,12.5,mM
2,(Z)-[bis(2-aminoethyl)amino]-hydroxyimino-oxidoazanium,"2,6-Dimethyl-5-heptenal",=,6.25,mM
2,cystamine dihydrochloride,"2,6-Dimethyl-5-heptenal",=,6.25,mM
2,"1,7-Diaminoheptane","2,6-Dimethyl-5-heptenal",=,3.12,mM
2,"2,2'-diaminodiethyl ether","2,6-Dimethyl-5-heptenal",>,12.5,mM
2,"1,11-diamino-3,6,9-trioxaundecane","2,6-Dimethyl-5-heptenal",=,12.5,mM
2,"1,5-diaminopentane","2,6-Dimethyl-5-heptenal",=,6.25,mM
2,"2,5-Bis(aminomethyl)furan","2,6-Dimethyl-5-heptenal",=,6.25,mM
2,"1,8-diaminooctan","2,6-Dimethyl-5-heptenal",=,1.56,mM
2,p-Phenylenediamine,"2,6-Dimethyl-5-heptenal",=,1.56,mM
2,"3,7-diazanonane-1,9-diamine","2,6-Dimethyl-5-heptenal",=,6.25,mM
2,"(3-aminopropyl)-1,2-ethylenediamine","2,6-Dimethyl-5-heptenal",=,12.5,mM
2,"1,6-Hexanediamine","2,6-Dimethyl-5-heptenal",=,6.25,mM
2,"1,3-di(aminomethyl)benzene","2,6-Dimethyl-5-heptenal",=,12.5,mM
2,1.9-diaminononane,"2,6-Dimethyl-5-heptenal",=,1.56,mM
2,"2,2'-(ethylenedioxy)bis(ethylamine)","2,6-Dimethyl-5-heptenal",=,3.12,mM
2,"2,2',2''-triaminotriethylamine","2,6-Dimethyl-5-heptenal",=,3.12,mM
2,"N'-(2-aminoethyl)-N'-methylethane-1,2-diamine","2,6-Dimethyl-5-heptenal",>,12.5,mM
2,"1,5-diamino-3-azapentane","2,6-Dimethyl-5-heptenal",=,6.25,mM
2,"3,3'-Diamino-N-methyldipropylamine","2,6-Dimethyl-5-heptenal",=,12.5,mM
2,Spermine,"2,6-Dimethyl-5-heptenal",=,6.25,mM
2,"1,6-Hexanediamine",4-Nitrobenzaldehyde,=,3.12,mM
2,"1,5-diamino-3-azapentane",4-Nitrobenzaldehyde,=,3.12,mM
2,"1,6-Hexanediamine",Hexanal,=,0.048,mM
2,"1,5-diamino-3-azapentane",Hexanal,=,0.78,mM
2,"1,11-diamino-3,6,9-trioxaundecane",Vanillin,=,12.5,mM
2,"1,6-Hexanediamine",Vanillin,=,6.25,mM
2,"1,5-diamino-3-azapentane",Vanillin,=,1.5,mM
2,"1,11-diamino-3,6,9-trioxaundecane",Octyl aldehyde,=,0.024,mM
2,"1,6-Hexanediamine",Octyl aldehyde,=,0.098,mM
2,"1,5-diamino-3-azapentane",Octyl aldehyde,=,0.39,mM
2,"1,6-Hexanediamine",Nonyl aldehyde,=,0.19,mM
2,"N-bis-(2-amino-ethyl)-ethane-1,2-diamine",Trans-2-pentenal,=,6.25,mM
2,"2,2-bis(2-aminoethoxy)propane",Trans-2-pentenal,=,1.56,mM
2,(Z)-[bis(2-aminoethyl)amino]-hydroxyimino-oxidoazanium,Trans-2-pentenal,=,0.39,mM
2,"2,2'-diaminodiethyl ether",Trans-2-pentenal,=,3.12,mM
2,"1,11-diamino-3,6,9-trioxaundecane",Trans-2-pentenal,=,3.12,mM
2,"1,5-diaminopentane",Trans-2-pentenal,=,1.56,mM
2,"1,4-diaminobutane",Trans-2-pentenal,=,0.19,mM
2,"1,8-diaminooctan",Trans-2-pentenal,=,0.39,mM
2,p-Phenylenediamine,Trans-2-pentenal,>,12.5,mM
2,"3,7-diazanonane-1,9-diamine",Trans-2-pentenal,=,6.25,mM
2,"(3-aminopropyl)-1,2-ethylenediamine",Trans-2-pentenal,=,6.25,mM
2,"1,6-Hexanediamine",Trans-2-pentenal,=,0.19,mM
2,1.9-diaminononane,Trans-2-pentenal,=,0.098,mM
2,"2,2'-(ethylenedioxy)bis(ethylamine)",Trans-2-pentenal,=,3.12,mM
2,"N'-(2-aminoethyl)-N'-methylethane-1,2-diamine",Trans-2-pentenal,=,0.78,mM
2,"1,5-diamino-3-azapentane",Trans-2-pentenal,=,6.25,mM
2,Bis(3-aminopropyl)amine,Trans-2-pentenal,=,0.39,mM
2,"1,11-diamino-3,6,9-trioxaundecane",citronellal,=,0.0061,mM
2,"1,6-Hexanediamine",citronellal,=,0.048,mM
2,"1,5-diamino-3-azapentane",citronellal,=,1.56,mM
2,"1,11-diamino-3,6,9-trioxaundecane",2-Pyridinecarboxaldehyde,=,3.12,mM
2,"1,6-Hexanediamine",2-Pyridinecarboxaldehyde,=,3.12,mM
2,"1,6-Hexanediamine",(E)-hept-2-enal,=,0.048,mM
2,"1,5-diamino-3-azapentane",(E)-hept-2-enal,=,1.5,mM
2,"1,11-diamino-3,6,9-trioxaundecane","(2E,4E)-deca-2,4-dienal",=,0.049,mM
2,"1,11-diamino-3,6,9-trioxaundecane",Cinnamaldehyde,=,0.19,mM
2,"1,6-Hexanediamine",Cinnamaldehyde,=,0.39,mM
2,"1,5-diamino-3-azapentane",Cinnamaldehyde,=,3,mM
2,"1,11-diamino-3,6,9-trioxaundecane",p-Bromo benzaldehyde,=,6.25,mM
2,"1,6-Hexanediamine",p-Bromo benzaldehyde,=,6.25,mM
2,"1,5-diamino-3-azapentane",p-Bromo benzaldehyde,=,3.12,mM
2,"1,11-diamino-3,6,9-trioxaundecane",(E)-non-2-enal,=,0.048,mM
2,"1,6-Hexanediamine",(E)-non-2-enal,=,0.098,mM
2,"1,5-diamino-3-azapentane",(E)-non-2-enal,=,0.38,mM
2,"1,11-diamino-3,6,9-trioxaundecane","(2E)-nona-2,6-dienal",=,0.098,mM
2,"1,6-Hexanediamine","(2E)-nona-2,6-dienal",=,0.19,mM
2,"1,11-diamino-3,6,9-trioxaundecane",Citral,=,0.098,mM
2,"1,6-Hexanediamine",Citral,=,0.19,mM
2,"1,6-Hexanediamine",(E)-hex-2-enal,=,0.39,mM
2,"1,5-diamino-3-azapentane",(E)-hex-2-enal,=,3,mM
2,"1,11-diamino-3,6,9-trioxaundecane",Formaldehyde,=,3.12,mM
2,"1,5-diamino-3-azapentane",Formaldehyde,=,12.5,mM
3,"2,2-bis(2-aminoethoxy)propane",(E)-2-Octenal,=,0.098,mM
3,(Z)-[bis(2-aminoethyl)amino]-hydroxyimino-oxidoazanium,(E)-2-Octenal,=,0.098,mM
3,"1,7-Diaminoheptane",(E)-2-Octenal,=,0.049,mM
3,"2,2'-diaminodiethyl ether",(E)-2-Octenal,=,0.098,mM
3,"1,11-diamino-3,6,9-trioxaundecane",(E)-2-Octenal,=,0.098,mM
3,"1,5-diaminopentane",(E)-2-Octenal,=,0.098,mM
3,"1,4-diaminobutane",(E)-2-Octenal,=,0.098,mM
3,"1,8-diaminooctan",(E)-2-Octenal,=,0.098,mM
3,Polyethylenimine linear,(E)-2-Octenal,=,0.38,mM
3,"3,7-diazanonane-1,9-diamine",(E)-2-Octenal,=,0.196,mM
3,"1,6-Hexanediamine",(E)-2-Octenal,=,0.098,mM
3,"1,3-bis(aminomethyl)cyclohexane",(E)-2-Octenal,=,0.39,mM
3,"2,2'-(ethylenedioxy)bis(ethylamine)",(E)-2-Octenal,=,0.049,mM
3,"2,2',2''-triaminotriethylamine",(E)-2-Octenal,=,0.098,mM
3,"N'-(2-aminoethyl)-N'-methylethane-1,2-diamine",(E)-2-Octenal,=,0.049,mM
3,"1,5-diamino-3-azapentane",(E)-2-Octenal,=,0.38,mM
3,Bis(3-aminopropyl)amine,(E)-2-Octenal,=,0.75,mM
3,"3,3'-Diamino-N-methyldipropylamine",(E)-2-Octenal,=,0.098,mM
3,"1,11-diamino-3,6,9-trioxaundecane",1H-Imidazole-2-carboxaldehyde,=,0.39,mM
3,"1,6-Hexanediamine",1H-Imidazole-2-carboxaldehyde,=,3.12,mM
3,"1,5-diamino-3-azapentane",1H-Imidazole-2-carboxaldehyde,=,0.78,mM
3,"1,11-diamino-3,6,9-trioxaundecane",4-Ethynylbenzaldehyde,=,3.12,mM
3,"1,5-diamino-3-azapentane",4-Ethynylbenzaldehyde,>,12.5,mM
3,"1,11-diamino-3,6,9-trioxaundecane","3,4-Dihydroxybenzaldehyde",=,6.25,mM
3,"1,6-Hexanediamine","3,4-Dihydroxybenzaldehyde",=,6.25,mM
3,"1,11-diamino-3,6,9-trioxaundecane",(E)-Dec-2-enal,=,0.024,mM
3,"1,6-Hexanediamine",(E)-Dec-2-enal,=,0.098,mM
3,"N-bis-(2-amino-ethyl)-ethane-1,2-diamine","2,6-Dimethyl-5-heptenal",=,3.12,mM
3,"2,2-bis(2-aminoethoxy)propane","2,6-Dimethyl-5-heptenal",>,12.5,mM
3,(Z)-[bis(2-aminoethyl)amino]-hydroxyimino-oxidoazanium,"2,6-Dimethyl-5-heptenal",=,6.25,mM
3,cystamine dihydrochloride,"2,6-Dimethyl-5-heptenal",=,6.25,mM
3,"1,7-Diaminoheptane","2,6-Dimethyl-5-heptenal",=,3.12,mM
3,"1,11-diamino-3,6,9-trioxaundecane","2,6-Dimethyl-5-heptenal",=,12.5,mM
3,"1,5-diaminopentane","2,6-Dimethyl-5-heptenal",=,6.25,mM
3,"1,4-diaminobutane","2,6-Dimethyl-5-heptenal",=,3.12,mM
3,"2,5-Bis(aminomethyl)furan","2,6-Dimethyl-5-heptenal",=,6.25,mM
3,"1,8-diaminooctan","2,6-Dimethyl-5-heptenal",=,1.56,mM
3,p-Phenylenediamine,"2,6-Dimethyl-5-heptenal",=,1.56,mM
3,"3,7-diazanonane-1,9-diamine","2,6-Dimethyl-5-heptenal",=,6.25,mM
3,"1,6-Hexanediamine","2,6-Dimethyl-5-heptenal",=,6.25,mM
3,"1,3-bis(aminomethyl)cyclohexane","2,6-Dimethyl-5-heptenal",=,12.5,mM
3,1.9-diaminononane,"2,6-Dimethyl-5-heptenal",=,1.56,mM
3,"2,2'-(ethylenedioxy)bis(ethylamine)","2,6-Dimethyl-5-heptenal",=,3.12,mM
3,"2,2',2''-triaminotriethylamine","2,6-Dimethyl-5-heptenal",=,3.12,mM
3,Spermidine,"2,6-Dimethyl-5-heptenal",=,6.25,mM
3,"1,5-diamino-3-azapentane","2,6-Dimethyl-5-heptenal",=,6.25,mM
3,Bis(3-aminopropyl)amine,"2,6-Dimethyl-5-heptenal",=,3.12,mM
3,Spermine,"2,6-Dimethyl-5-heptenal",=,6.25,mM
3,"1,11-diamino-3,6,9-trioxaundecane",4-Nitrobenzaldehyde,=,1.56,mM
3,"1,5-diamino-3-azapentane",4-Nitrobenzaldehyde,=,3.12,mM
3,"1,5-diamino-3-azapentane",Hexanal,=,0.78,mM
3,"1,11-diamino-3,6,9-trioxaundecane",Vanillin,=,12.5,mM
3,"1,6-Hexanediamine",Vanillin,=,6.25,mM
3,"1,5-diamino-3-azapentane",Vanillin,=,1.5,mM
3,"1,11-diamino-3,6,9-trioxaundecane",Octyl aldehyde,=,0.024,mM
3,"1,6-Hexanediamine",Octyl aldehyde,=,0.098,mM
3,"1,5-diamino-3-azapentane",Octyl aldehyde,=,0.39,mM
3,"1,6-Hexanediamine",Nonyl aldehyde,=,0.19,mM
3,"1,5-diamino-3-azapentane",Nonyl aldehyde,=,0.098,mM
3,"N-bis-(2-amino-ethyl)-ethane-1,2-diamine",Trans-2-pentenal,=,6.25,mM
3,"2,2-bis(2-aminoethoxy)propane",Trans-2-pentenal,=,1.56,mM
3,(Z)-[bis(2-aminoethyl)amino]-hydroxyimino-oxidoazanium,Trans-2-pentenal,=,0.39,mM
3,"1,7-Diaminoheptane",Trans-2-pentenal,=,0.39,mM
3,"1,11-diamino-3,6,9-trioxaundecane",Trans-2-pentenal,=,3.12,mM
3,"1,5-diaminopentane",Trans-2-pentenal,=,1.56,mM
3,"1,4-diaminobutane",Trans-2-pentenal,=,0.19,mM
3,"1,8-diaminooctan",Trans-2-pentenal,=,0.39,mM
3,"(3-aminopropyl)-1,2-ethylenediamine",Trans-2-pentenal,=,6.25,mM
3,"1,3-bis(aminomethyl)cyclohexane",Trans-2-pentenal,=,1.56,mM
3,"2,2'-(ethylenedioxy)bis(ethylamine)",Trans-2-pentenal,=,3.12,mM
3,"N'-(2-aminoethyl)-N'-methylethane-1,2-diamine",Trans-2-pentenal,=,0.78,mM
3,"1,5-diamino-3-azapentane",Trans-2-pentenal,=,6.25,mM
3,Bis(3-aminopropyl)amine,Trans-2-pentenal,=,0.39,mM
3,"3,3'-Diamino-N-methyldipropylamine",Trans-2-pentenal,=,3.12,mM
3,"1,11-diamino-3,6,9-trioxaundecane",citronellal,=,0.0061,mM
3,"1,6-Hexanediamine",citronellal,=,0.048,mM
3,"1,6-Hexanediamine",2-Pyridinecarboxaldehyde,=,3.12,mM
3,"1,11-diamino-3,6,9-trioxaundecane",(E)-hept-2-enal,=,0.049,mM
3,"1,6-Hexanediamine",(E)-hept-2-enal,=,0.048,mM
3,"1,5-diamino-3-azapentane",(E)-hept-2-enal,=,1.5,mM
3,"1,11-diamino-3,6,9-trioxaundecane","(2E,4E)-deca-2,4-dienal",=,0.049,mM
3,"1,6-Hexanediamine","(2E,4E)-deca-2,4-dienal",=,0.19,mM
3,"1,5-diamino-3-azapentane","(2E,4E)-deca-2,4-dienal",=,0.75,mM
3,"1,6-Hexanediamine",Cinnamaldehyde,=,0.39,mM
3,"1,5-diamino-3-azapentane",Cinnamaldehyde,=,3,mM
3,"1,11-diamino-3,6,9-trioxaundecane",p-Bromo benzaldehyde,=,6.25,mM
3,"1,6-Hexanediamine",p-Bromo benzaldehyde,=,6.25,mM
3,"1,5-diamino-3-azapentane",p-Bromo benzaldehyde,=,3.12,mM
3,"1,6-Hexanediamine",(E)-non-2-enal,=,0.098,mM
3,"1,5-diamino-3-azapentane",(E)-non-2-enal,=,0.38,mM
3,"1,11-diamino-3,6,9-trioxaundecane","(2E)-nona-2,6-dienal",=,0.098,mM
3,"1,5-diamino-3-azapentane","(2E)-nona-2,6-dienal",=,0.19,mM
3,"1,11-diamino-3,6,9-trioxaundecane",Citral,=,0.098,mM
3,"1,6-Hexanediamine",Citral,=,0.19,mM
3,"1,5-diamino-3-azapentane",Citral,=,0.19,mM
3,"1,11-diamino-3,6,9-trioxaundecane",(E)-hex-2-enal,=,0.19,mM
3,"1,6-Hexanediamine",(E)-hex-2-enal,=,0.39,mM
3,"1,5-diamino-3-azapentane",(E)-hex-2-enal,=,3,mM
3,"1,11-diamino-3,6,9-trioxaundecane",Formaldehyde,=,3.12,mM
3,"1,5-diamino-3-azapentane",Formaldehyde,=,12.5,mM
4,"N-bis-(2-amino-ethyl)-ethane-1,2-diamine",(E)-2-Octenal,=,0.196,mM
4,"2,2-bis(2-aminoethoxy)propane",(E)-2-Octenal,=,0.098,mM
4,(Z)-[bis(2-aminoethyl)amino]-hydroxyimino-oxidoazanium,(E)-2-Octenal,=,0.098,mM
4,"1,7-Diaminoheptane",(E)-2-Octenal,=,0.049,mM
4,"2,2'-diaminodiethyl ether",(E)-2-Octenal,=,0.098,mM
4,"1,11-diamino-3,6,9-trioxaundecane",(E)-2-Octenal,=,0.098,mM
4,"1,5-diaminopentane",(E)-2-Octenal,=,0.098,mM
4,"1,4-diaminobutane",(E)-2-Octenal,=,0.098,mM
4,Polyethylenimine linear,(E)-2-Octenal,=,0.38,mM
4,"3,7-diazanonane-1,9-diamine",(E)-2-Octenal,=,0.196,mM
4,"(3-aminopropyl)-1,2-ethylenediamine",(E)-2-Octenal,=,0.39,mM
4,"1,3-bis(aminomethyl)cyclohexane",(E)-2-Octenal,=,0.39,mM
4,1.9-diaminononane,(E)-2-Octenal,=,0.098,mM
4,"2,2'-(ethylenedioxy)bis(ethylamine)",(E)-2-Octenal,=,0.049,mM
4,"2,2',2''-triaminotriethylamine",(E)-2-Octenal,=,0.098,mM
4,"N'-(2-aminoethyl)-N'-methylethane-1,2-diamine",(E)-2-Octenal,=,0.049,mM
4,"1,5-diamino-3-azapentane",(E)-2-Octenal,=,0.38,mM
4,Bis(3-aminopropyl)amine,(E)-2-Octenal,=,0.75,mM
4,"3,3'-Diamino-N-methyldipropylamine",(E)-2-Octenal,=,0.098,mM
4,Spermine,(E)-2-Octenal,=,0.75,mM
4,"1,11-diamino-3,6,9-trioxaundecane",1H-Imidazole-2-carboxaldehyde,=,0.39,mM
4,"1,6-Hexanediamine",1H-Imidazole-2-carboxaldehyde,=,3.12,mM
4,"1,5-diamino-3-azapentane",1H-Imidazole-2-carboxaldehyde,=,0.78,mM
4,"1,11-diamino-3,6,9-trioxaundecane",4-Ethynylbenzaldehyde,=,3.12,mM
4,"1,5-diamino-3-azapentane",4-Ethynylbenzaldehyde,>,12.5,mM
4,"1,11-diamino-3,6,9-trioxaundecane","3,4-Dihydroxybenzaldehyde",=,6.25,mM
4,"1,11-diamino-3,6,9-trioxaundecane",(E)-Dec-2-enal,=,0.024,mM
4,"1,5-diamino-3-azapentane",(E)-Dec-2-enal,=,1.5,mM
4,"N-bis-(2-amino-ethyl)-ethane-1,2-diamine","2,6-Dimethyl-5-heptenal",=,3.12,mM
4,"2,2-bis(2-aminoethoxy)propane","2,6-Dimethyl-5-heptenal",>,12.5,mM
4,(Z)-[bis(2-aminoethyl)amino]-hydroxyimino-oxidoazanium,"2,6-Dimethyl-5-heptenal",=,6.25,mM
4,"1,7-Diaminoheptane","2,6-Dimethyl-5-heptenal",=,3.12,mM
4,"2,2'-diaminodiethyl ether","2,6-Dimethyl-5-heptenal",>,12.5,mM
4,"1,11-diamino-3,6,9-trioxaundecane","2,6-Dimethyl-5-heptenal",=,12.5,mM
4,"1,5-diaminopentane","2,6-Dimethyl-5-heptenal",=,6.25,mM
4,"2,5-Bis(aminomethyl)furan","2,6-Dimethyl-5-heptenal",=,6.25,mM
4,"1,8-diaminooctan","2,6-Dimethyl-5-heptenal",=,1.56,mM
4,"3,7-diazanonane-1,9-diamine","2,6-Dimethyl-5-heptenal",=,6.25,mM
4,"(3-aminopropyl)-1,2-ethylenediamine","2,6-Dimethyl-5-heptenal",=,12.5,mM
4,"1,6-Hexanediamine","2,6-Dimethyl-5-heptenal",=,6.25,mM
4,1.9-diaminononane,"2,6-Dimethyl-5-heptenal",=,1.56,mM
4,"2,2'-(ethylenedioxy)bis(ethylamine)","2,6-Dimethyl-5-heptenal",=,3.12,mM
4,"2,2',2''-triaminotriethylamine","2,6-Dimethyl-5-heptenal",=,3.12,mM
4,"N'-(2-aminoethyl)-N'-methylethane-1,2-diamine","2,6-Dimethyl-5-heptenal",>,12.5,mM
4,Spermidine,"2,6-Dimethyl-5-heptenal",=,6.25,mM
4,"1,5-diamino-3-azapentane","2,6-Dimethyl-5-heptenal",=,6.25,mM
4,Bis(3-aminopropyl)amine,"2,6-Dimethyl-5-heptenal",=,3.12,mM
4,"3,3'-Diamino-N-methyldipropylamine","2,6-Dimethyl-5-heptenal",=,12.5,mM
4,Spermine,"2,6-Dimethyl-5-heptenal",=,6.25,mM
4,"1,11-diamino-3,6,9-trioxaundecane",4-Nitrobenzaldehyde,=,1.56,mM
4,"1,6-Hexanediamine",4-Nitrobenzaldehyde,=,3.12,mM
4,"1,5-diamino-3-azapentane",4-Nitrobenzaldehyde,=,3.12,mM
4,"1,5-diamino-3-azapentane",Hexanal,=,0.78,mM
4,"1,11-diamino-3,6,9-trioxaundecane",Vanillin,=,12.5,mM
4,"1,6-Hexanediamine",Vanillin,=,6.25,mM
4,"1,5-diamino-3-azapentane",Vanillin,=,1.5,mM
4,"1,6-Hexanediamine",Octyl aldehyde,=,0.098,mM
4,"1,5-diamino-3-azapentane",Octyl aldehyde,=,0.39,mM
4,"1,6-Hexanediamine",Nonyl aldehyde,=,0.19,mM
4,"1,5-diamino-3-azapentane",Nonyl aldehyde,=,0.098,mM
4,"N-bis-(2-amino-ethyl)-ethane-1,2-diamine",Trans-2-pentenal,=,6.25,mM
4,"2,2-bis(2-aminoethoxy)propane",Trans-2-pentenal,=,1.56,mM
4,(Z)-[bis(2-aminoethyl)amino]-hydroxyimino-oxidoazanium,Trans-2-pentenal,=,0.39,mM
4,"1,7-Diaminoheptane",Trans-2-pentenal,=,0.39,mM
4,"1,11-diamino-3,6,9-trioxaundecane",Trans-2-pentenal,=,3.12,mM
4,"1,5-diaminopentane",Trans-2-pentenal,=,1.56,mM
4,"1,4-diaminobutane",Trans-2-pentenal,=,0.19,mM
4,p-Phenylenediamine,Trans-2-pentenal,>,12.5,mM
4,"3,7-diazanonane-1,9-diamine",Trans-2-pentenal,=,6.25,mM
4,"1,3-bis(aminomethyl)cyclohexane",Trans-2-pentenal,=,1.56,mM
4,1.9-diaminononane,Trans-2-pentenal,=,0.098,mM
4,"2,2'-(ethylenedioxy)bis(ethylamine)",Trans-2-pentenal,=,3.12,mM
4,"N'-(2-aminoethyl)-N'-methylethane-1,2-diamine",Trans-2-pentenal,=,0.78,mM
4,"1,5-diamino-3-azapentane",Trans-2-pentenal,=,6.25,mM
4,"3,3'-Diamino-N-methyldipropylamine",Trans-2-pentenal,=,3.12,mM
4,"1,11-diamino-3,6,9-trioxaundecane",citronellal,=,0.0061,mM
4,"1,6-Hexanediamine",citronellal,=,0.048,mM
4,"1,5-diamino-3-azapentane",citronellal,=,1.56,mM
4,"1,11-diamino-3,6,9-trioxaundecane",2-Pyridinecarboxaldehyde,=,3.12,mM
4,"1,5-diamino-3-azapentane",2-Pyridinecarboxaldehyde,=,12.5,mM
4,"1,11-diamino-3,6,9-trioxaundecane",(E)-hept-2-enal,=,0.049,mM
4,"1,6-Hexanediamine",(E)-hept-2-enal,=,0.048,mM
4,"1,5-diamino-3-azapentane",(E)-hept-2-enal,=,1.5,mM
4,"1,11-diamino-3,6,9-trioxaundecane","(2E,4E)-deca-2,4-dienal",=,0.049,mM
4,"1,5-diamino-3-azapentane","(2E,4E)-deca-2,4-dienal",=,0.75,mM
4,"1,11-diamino-3,6,9-trioxaundecane",Cinnamaldehyde,=,0.19,mM
4,"1,6-Hexanediamine",Cinnamaldehyde,=,0.39,mM
4,"1,5-diamino-3-azapentane",Cinnamaldehyde,=,3,mM
4,"1,11-diamino-3,6,9-trioxaundecane",p-Bromo benzaldehyde,=,6.25,mM
4,"1,6-Hexanediamine",p-Bromo benzaldehyde,=,6.25,mM
4,"1,5-diamino-3-azapentane",p-Bromo benzaldehyde,=,3.12,mM
4,"1,6-Hexanediamine",(E)-non-2-enal,=,0.098,mM
4,"1,5-diamino-3-azapentane",(E)-non-2-enal,=,0.38,mM
4,"1,11-diamino-3,6,9-trioxaundecane","(2E)-nona-2,6-dienal",=,0.098,mM
4,"1,6-Hexanediamine","(2E)-nona-2,6-dienal",=,0.19,mM
4,"1,5-diamino-3-azapentane","(2E)-nona-2,6-dienal",=,0.19,mM
4,"1,11-diamino-3,6,9-trioxaundecane",Citral,=,0.098,mM
4,"1,6-Hexanediamine",(E)-hex-2-enal,=,0.39,mM
4,"1,5-diamino-3-azapentane",(E)-hex-2-enal,=,3,mM
4,"1,11-diamino-3,6,9-trioxaundecane",Formaldehyde,=,3.12,mM
5,"N-bis-(2-amino-ethyl)-ethane-1,2-diamine",(E)-2-Octenal,=,0.196,mM
5,"2,2-bis(2-aminoethoxy)propane",(E)-2-Octenal,=,0.098,mM
5,(Z)-[bis(2-aminoethyl)amino]-hydroxyimino-oxidoazanium,(E)-2-Octenal,=,0.098,mM
5,"1,7-Diaminoheptane",(E)-2-Octenal,=,0.049,mM
5,"2,2'-diaminodiethyl ether",(E)-2-Octenal,=,0.098,mM
5,"1,11-diamino-3,6,9-trioxaundecane",(E)-2-Octenal,=,0.098,mM
5,"1,4-diaminobutane",(E)-2-Octenal,=,0.098,mM
5,"1,8-diaminooctan",(E)-2-Octenal,=,0.098,mM
5,p-Phenylenediamine,(E)-2-Octenal,>,12.5,mM
5,Polyethylenimine linear,(E)-2-Octenal,=,0.38,mM
5,"3,7-diazanonane-1,9-diamine",(E)-2-Octenal,=,0.196,mM
5,"1,6-Hexanediamine",(E)-2-Octenal,=,0.098,mM
5,"1,3-bis(aminomethyl)cyclohexane",(E)-2-Octenal,=,0.39,mM
5,1.9-diaminononane,(E)-2-Octenal,=,0.098,mM
5,"2,2'-(ethylenedioxy)bis(ethylamine)",(E)-2-Octenal,=,0.049,mM
5,"2,2',2''-triaminotriethylamine",(E)-2-Octenal,=,0.098,mM
5,"N'-(2-aminoethyl)-N'-methylethane-1,2-diamine",(E)-2-Octenal,=,0.049,mM
5,"1,5-diamino-3-azapentane",(E)-2-Octenal,=,0.38,mM
5,Bis(3-aminopropyl)amine,(E)-2-Octenal,=,0.75,mM
5,"3,3'-Diamino-N-methyldipropylamine",(E)-2-Octenal,=,0.098,mM
5,Spermine,(E)-2-Octenal,=,0.75,mM
5,"1,11-diamino-3,6,9-trioxaundecane",1H-Imidazole-2-carboxaldehyde,=,0.39,mM
5,"1,6-Hexanediamine",1H-Imidazole-2-carboxaldehyde,=,3.12,mM
5,"1,5-diamino-3-azapentane",1H-Imidazole-2-carboxaldehyde,=,0.78,mM
5,"1,11-diamino-3,6,9-trioxaundecane",4-Ethynylbenzaldehyde,=,3.12,mM
5,"1,5-diamino-3-azapentane",4-Ethynylbenzaldehyde,>,12.5,mM
5,"1,11-diamino-3,6,9-trioxaundecane","3,4-Dihydroxybenzaldehyde",=,6.25,mM
5,"1,11-diamino-3,6,9-trioxaundecane",(E)-Dec-2-enal,=,0.024,mM
5,"2,2-bis(2-aminoethoxy)propane","2,6-Dimethyl-5-heptenal",>,12.5,mM
5,(Z)-[bis(2-aminoethyl)amino]-hydroxyimino-oxidoazanium,"2,6-Dimethyl-5-heptenal",=,6.25,mM
5,"1,7-Diaminoheptane","2,6-Dimethyl-5-heptenal",=,3.12,mM
5,"2,2'-diaminodiethyl ether","2,6-Dimethyl-5-heptenal",>,12.5,mM
5,"1,11-diamino-3,6,9-trioxaundecane","2,6-Dimethyl-5-heptenal",=,12.5,mM
5,"1,5-diaminopentane","2,6-Dimethyl-5-heptenal",=,6.25,mM
5,"2,5-Bis(aminomethyl)furan","2,6-Dimethyl-5-heptenal",=,6.25,mM
5,"1,8-diaminooctan","2,6-Dimethyl-5-heptenal",=,1.56,mM
5,p-Phenylenediamine,"2,6-Dimethyl-5-heptenal",=,1.56,mM
5,"3,7-diazanonane-1,9-diamine","2,6-Dimethyl-5-heptenal",=,6.25,mM
5,"(3-aminopropyl)-1,2-ethylenediamine","2,6-Dimethyl-5-heptenal",=,12.5,mM
5,"1,6-Hexanediamine","2,6-Dimethyl-5-heptenal",=,6.25,mM
5,"1,3-di(aminomethyl)benzene","2,6-Dimethyl-5-heptenal",=,12.5,mM
5,"1,3-bis(aminomethyl)cyclohexane","2,6-Dimethyl-5-heptenal",=,12.5,mM
5,1.9-diaminononane,"2,6-Dimethyl-5-heptenal",=,1.56,mM
5,"2,2',2''-triaminotriethylamine","2,6-Dimethyl-5-heptenal",=,3.12,mM
5,"N'-(2-aminoethyl)-N'-methylethane-1,2-diamine","2,6-Dimethyl-5-heptenal",>,12.5,mM
5,Bis(3-aminopropyl)amine,"2,6-Dimethyl-5-heptenal",=,3.12,mM
5,Spermine,"2,6-Dimethyl-5-heptenal",=,6.25,mM
5,"1,11-diamino-3,6,9-trioxaundecane",4-Nitrobenzaldehyde,=,1.56,mM
5,"1,6-Hexanediamine",4-Nitrobenzaldehyde,=,3.12,mM
5,"1,5-diamino-3-azapentane",4-Nitrobenzaldehyde,=,3.12,mM
5,"1,11-diamino-3,6,9-trioxaundecane",Hexanal,=,0.39,mM
5,"1,6-Hexanediamine",Hexanal,=,0.048,mM
5,"1,11-diamino-3,6,9-trioxaundecane",Vanillin,=,12.5,mM
5,"1,6-Hexanediamine",Vanillin,=,6.25,mM
5,"1,5-diamino-3-azapentane",Vanillin,=,1.5,mM
5,"1,6-Hexanediamine",Octyl aldehyde,=,0.098,mM
5,"1,6-Hexanediamine",Nonyl aldehyde,=,0.19,mM
5,"1,5-diamino-3-azapentane",Nonyl aldehyde,=,0.098,mM
5,"N-bis-(2-amino-ethyl)-ethane-1,2-diamine",Trans-2-pentenal,=,6.25,mM
5,(Z)-[bis(2-aminoethyl)amino]-hydroxyimino-oxidoazanium,Trans-2-pentenal,=,0.39,mM
5,"1,7-Diaminoheptane",Trans-2-pentenal,=,0.39,mM
5,"2,2'-diaminodiethyl ether",Trans-2-pentenal,=,3.12,mM
5,"1,11-diamino-3,6,9-trioxaundecane",Trans-2-pentenal,=,3.12,mM
5,"1,5-diaminopentane",Trans-2-pentenal,=,1.56,mM
5,"1,4-diaminobutane",Trans-2-pentenal,=,0.19,mM
5,p-Phenylenediamine,Trans-2-pentenal,>,12.5,mM
5,"3,7-diazanonane-1,9-diamine",Trans-2-pentenal,=,6.25,mM
5,"(3-aminopropyl)-1,2-ethylenediamine",Trans-2-pentenal,=,6.25,mM
5,"1,6-Hexanediamine",Trans-2-pentenal,=,0.19,mM
5,"1,3-bis(aminomethyl)cyclohexane",Trans-2-pentenal,=,1.56,mM
5,1.9-diaminononane,Trans-2-pentenal,=,0.098,mM
5,"2,2'-(ethylenedioxy)bis(ethylamine)",Trans-2-pentenal,=,3.12,mM
5,"N'-(2-aminoethyl)-N'-methylethane-1,2-diamine",Trans-2-pentenal,=,0.78,mM
5,"1,5-diamino-3-azapentane",Trans-2-pentenal,=,6.25,mM
5,"1,11-diamino-3,6,9-trioxaundecane",citronellal,=,0.0061,mM
5,"1,6-Hexanediamine",citronellal,=,0.048,mM
5,"1,5-diamino-3-azapentane",citronellal,=,1.56,mM
5,"1,11-diamino-3,6,9-trioxaundecane",2-Pyridinecarboxaldehyde,=,3.12,mM
5,"1,6-Hexanediamine",2-Pyridinecarboxaldehyde,=,3.12,mM
5,"1,5-diamino-3-azapentane",2-Pyridinecarboxaldehyde,=,12.5,mM
5,"1,11-diamino-3,6,9-trioxaundecane",(E)-hept-2-enal,=,0.049,mM
5,"1,5-diamino-3-azapentane",(E)-hept-2-enal,=,1.5,mM
5,"1,11-diamino-3,6,9-trioxaundecane","(2E,4E)-deca-2,4-dienal",=,0.049,mM
5,"1,6-Hexanediamine","(2E,4E)-deca-2,4-dienal",=,0.19,mM
5,"1,5-diamino-3-azapentane","(2E,4E)-deca-2,4-dienal",=,0.75,mM
5,"1,6-Hexanediamine",Cinnamaldehyde,=,0.39,mM
5,"1,5-diamino-3-azapentane",Cinnamaldehyde,=,3,mM
5,"1,11-diamino-3,6,9-trioxaundecane",p-Bromo benzaldehyde,=,6.25,mM
5,"1,6-Hexanediamine",p-Bromo benzaldehyde,=,6.25,mM
5,"1,5-diamino-3-azapentane",p-Bromo benzaldehyde,=,3.12,mM
5,"1,11-diamino-3,6,9-trioxaundecane",(E)-non-2-enal,=,0.048,mM
5,"1,5-diamino-3-azapentane",(E)-non-2-enal,=,0.38,mM
5,"1,11-diamino-3,6,9-trioxaundecane","(2E)-nona-2,6-dienal",=,0.098,mM
5,"1,6-Hexanediamine","(2E)-nona-2,6-dienal",=,0.19,mM
5,"1,5-diamino-3-azapentane","(2E)-nona-2,6-dienal",=,0.19,mM
5,"1,6-Hexanediamine",Citral,=,0.19,mM
5,"1,5-diamino-3-azapentane",Citral,=,0.19,mM
5,"1,5-diamino-3-azapentane",(E)-hex-2-enal,=,3,mM
5,"1,11-diamino-3,6,9-trioxaundecane",Formaldehyde,=,3.12,mM
5,"1,5-diamino-3-azapentane",Formaldehyde,=,12.5,mM
6,"1,7-Diaminoheptane",(E)-2-Octenal,=,0.049,mM
6,"2,2'-diaminodiethyl ether",(E)-2-Octenal,=,0.098,mM
6,"1,11-diamino-3,6,9-trioxaundecane",(E)-2-Octenal,=,0.098,mM
6,"1,5-diaminopentane",(E)-2-Octenal,=,0.098,mM
6,"1,4-diaminobutane",(E)-2-Octenal,=,0.098,mM
6,"1,8-diaminooctan",(E)-2-Octenal,=,0.098,mM
6,p-Phenylenediamine,(E)-2-Octenal,>,12.5,mM
6,Polyethylenimine linear,(E)-2-Octenal,=,0.38,mM
6,"3,7-diazanonane-1,9-diamine",(E)-2-Octenal,=,0.196,mM
6,"1,6-Hexanediamine",(E)-2-Octenal,=,0.098,mM
6,"1,3-bis(aminomethyl)cyclohexane",(E)-2-Octenal,=,0.39,mM
6,1.9-diaminononane,(E)-2-Octenal,=,0.098,mM
6,"2,2',2''-triaminotriethylamine",(E)-2-Octenal,=,0.098,mM
6,"N'-(2-aminoethyl)-N'-methylethane-1,2-diamine",(E)-2-Octenal,=,0.049,mM
6,Bis(3-aminopropyl)amine,(E)-2-Octenal,=,0.75,mM
6,"1,11-diamino-3,6,9-trioxaundecane",1H-Imidazole-2-carboxaldehyde,=,0.39,mM
6,"1,6-Hexanediamine",1H-Imidazole-2-carboxaldehyde,=,3.12,mM
6,"1,5-diamino-3-azapentane",1H-Imidazole-2-carboxaldehyde,=,0.78,mM
6,"1,11-diamino-3,6,9-trioxaundecane",4-Ethynylbenzaldehyde,=,3.12,mM
6,"1,5-diamino-3-azapentane",4-Ethynylbenzaldehyde,>,12.5,mM
6,"1,6-Hexanediamine","3,4-Dihydroxybenzaldehyde",=,6.25,mM
6,"1,11-diamino-3,6,9-trioxaundecane",(E)-Dec-2-enal,=,0.024,mM
6,"1,6-Hexanediamine",(E)-Dec-2-enal,=,0.098,mM
6,"2,2-bis(2-aminoethoxy)propane","2,6-Dimethyl-5-heptenal",>,12.5,mM
6,(Z)-[bis(2-aminoethyl)amino]-hydroxyimino-oxidoazanium,"2,6-Dimethyl-5-heptenal",=,6.25,mM
6,cystamine dihydrochloride,"2,6-Dimethyl-5-heptenal",=,6.25,mM
6,"2,2'-diaminodiethyl ether","2,6-Dimethyl-5-heptenal",>,12.5,mM
6,"1,11-diamino-3,6,9-trioxaundecane","2,6-Dimethyl-5-heptenal",=,12.5,mM
6,"1,4-diaminobutane","2,6-Dimethyl-5-heptenal",=,3.12,mM
6,"2,5-Bis(aminomethyl)furan","2,6-Dimethyl-5-heptenal",=,6.25,mM
6,"1,8-diaminooctan","2,6-Dimethyl-5-heptenal",=,1.56,mM
6,"3,7-diazanonane-1,9-diamine","2,6-Dimethyl-5-heptenal",=,6.25,mM
6,"(3-aminopropyl)-1,2-ethylenediamine","2,6-Dimethyl-5-heptenal",=,12.5,mM
6,"1,6-Hexanediamine","2,6-Dimethyl-5-heptenal",=,6.25,mM
6,"1,3-bis(aminomethyl)cyclohexane","2,6-Dimethyl-5-heptenal",=,12.5,mM
6,1.9-diaminononane,"2,6-Dimethyl-5-heptenal",=,1.56,mM
6,"2,2'-(ethylenedioxy)bis(ethylamine)","2,6-Dimethyl-5-heptenal",=,3.12,mM
6,"2,2',2''-triaminotriethylamine","2,6-Dimethyl-5-heptenal",=,3.12,mM
6,"N'-(2-aminoethyl)-N'-methylethane-1,2-diamine","2,6-Dimethyl-5-heptenal",>,12.5,mM
6,Spermidine,"2,6-Dimethyl-5-heptenal",=,6.25,mM
6,Bis(3-aminopropyl)amine,"2,6-Dimethyl-5-heptenal",=,3.12,mM
6,"3,3'-Diamino-N-methyldipropylamine","2,6-Dimethyl-5-heptenal",=,12.5,mM
6,Spermine,"2,6-Dimethyl-5-heptenal",=,6.25,mM
6,"1,11-diamino-3,6,9-trioxaundecane",4-Nitrobenzaldehyde,=,1.56,mM
6,"1,6-Hexanediamine",4-Nitrobenzaldehyde,=,3.12,mM
6,"1,6-Hexanediamine",Hexanal,=,0.048,mM
6,"1,11-diamino-3,6,9-trioxaundecane",Vanillin,=,12.5,mM
6,"1,6-Hexanediamine",Vanillin,=,6.25,mM
6,"1,11-diamino-3,6,9-trioxaundecane",Octyl aldehyde,=,0.024,mM
6,"1,6-Hexanediamine",Octyl aldehyde,=,0.098,mM
6,"1,5-diamino-3-azapentane",Octyl aldehyde,=,0.39,mM
6,"1,6-Hexanediamine",Nonyl aldehyde,=,0.19,mM
6,"1,5-diamino-3-azapentane",Nonyl aldehyde,=,0.098,mM
6,"2,2-bis(2-aminoethoxy)propane",Trans-2-pentenal,=,1.56,mM
6,(Z)-[bis(2-aminoethyl)amino]-hydroxyimino-oxidoazanium,Trans-2-pentenal,=,0.39,mM
6,"2,2'-diaminodiethyl ether",Trans-2-pentenal,=,3.12,mM
6,"1,11-diamino-3,6,9-trioxaundecane",Trans-2-pentenal,=,3.12,mM
6,"1,5-diaminopentane",Trans-2-pentenal,=,1.56,mM
6,"1,4-diaminobutane",Trans-2-pentenal,=,0.19,mM
6,"1,8-diaminooctan",Trans-2-pentenal,=,0.39,mM
6,p-Phenylenediamine,Trans-2-pentenal,>,12.5,mM
6,"3,7-diazanonane-1,9-diamine",Trans-2-pentenal,=,6.25,mM
6,"(3-aminopropyl)-1,2-ethylenediamine",Trans-2-pentenal,=,6.25,mM
6,"1,6-Hexanediamine",Trans-2-pentenal,=,0.19,mM
6,"1,3-bis(aminomethyl)cyclohexane",Trans-2-pentenal,=,1.56,mM
6,1.9-diaminononane,Trans-2-pentenal,=,0.098,mM
6,"N'-(2-aminoethyl)-N'-methylethane-1,2-diamine",Trans-2-pentenal,=,0.78,mM
6,Bis(3-aminopropyl)amine,Trans-2-pentenal,=,0.39,mM
6,"3,3'-Diamino-N-methyldipropylamine",Trans-2-pentenal,=,3.12,mM
6,"1,11-diamino-3,6,9-trioxaundecane",citronellal,=,0.0061,mM
6,"1,6-Hexanediamine",citronellal,=,0.048,mM
6,"1,5-diamino-3-azapentane",citronellal,=,1.56,mM
6,"1,11-diamino-3,6,9-trioxaundecane",2-Pyridinecarboxaldehyde,=,3.12,mM
6,"1,6-Hexanediamine",2-Pyridinecarboxaldehyde,=,3.12,mM
6,"1,5-diamino-3-azapentane",2-Pyridinecarboxaldehyde,=,12.5,mM
6,"1,11-diamino-3,6,9-trioxaundecane",(E)-hept-2-enal,=,0.049,mM
6,"1,6-Hexanediamine",(E)-hept-2-enal,=,0.048,mM
6,"1,5-diamino-3-azapentane",(E)-hept-2-enal,=,1.5,mM
6,"1,11-diamino-3,6,9-trioxaundecane","(2E,4E)-deca-2,4-dienal",=,0.049,mM
6,"1,6-Hexanediamine","(2E,4E)-deca-2,4-dienal",=,0.19,mM
6,"1,5-diamino-3-azapentane","(2E,4E)-deca-2,4-dienal",=,0.75,mM
6,"1,11-diamino-3,6,9-trioxaundecane",Cinnamaldehyde,=,0.19,mM
6,"1,6-Hexanediamine",Cinnamaldehyde,=,0.39,mM
6,"1,5-diamino-3-azapentane",Cinnamaldehyde,=,3,mM
6,"1,11-diamino-3,6,9-trioxaundecane",p-Bromo benzaldehyde,=,6.25,mM
6,"1,5-diamino-3-azapentane",p-Bromo benzaldehyde,=,3.12,mM
6,"1,11-diamino-3,6,9-trioxaundecane",(E)-non-2-enal,=,0.048,mM
6,"1,6-Hexanediamine",(E)-non-2-enal,=,0.098,mM
6,"1,5-diamino-3-azapentane",(E)-non-2-enal,=,0.38,mM
6,"1,11-diamino-3,6,9-trioxaundecane","(2E)-nona-2,6-dienal",=,0.098,mM
6,"1,6-Hexanediamine","(2E)-nona-2,6-dienal",=,0.19,mM
6,"1,5-diamino-3-azapentane","(2E)-nona-2,6-dienal",=,0.19,mM
6,"1,11-diamino-3,6,9-trioxaundecane",Citral,=,0.098,mM
6,"1,6-Hexanediamine",Citral,=,0.19,mM
6,"1,5-diamino-3-azapentane",Citral,=,0.19,mM
6,"1,11-diamino-3,6,9-trioxaundecane",(E)-hex-2-enal,=,0.19,mM
6,"1,6-Hexanediamine",(E)-hex-2-enal,=,0.39,mM
6,"1,5-diamino-3-azapentane",(E)-hex-2-enal,=,3,mM
6,"1,11-diamino-3,6,9-trioxaundecane",Formaldehyde,=,3.12,mM
6,"1,5-diamino-3-azapentane",Formaldehyde,=,12.5,mM
7,"N-bis-(2-amino-ethyl)-ethane-1,2-diamine",(E)-2-Octenal,=,0.196,mM
7,"2,2-bis(2-aminoethoxy)propane",(E)-2-Octenal,=,0.098,mM
7,(Z)-[bis(2-aminoethyl)amino]-hydroxyimino-oxidoazanium,(E)-2-Octenal,=,0.098,mM
7,"2,2'-diaminodiethyl ether",(E)-2-Octenal,=,0.098,mM
7,"1,5-diaminopentane",(E)-2-Octenal,=,0.098,mM
7,"1,8-diaminooctan",(E)-2-Octenal,=,0.098,mM
7,p-Phenylenediamine,(E)-2-Octenal,>,12.5,mM
7,Polyethylenimine linear,(E)-2-Octenal,=,0.38,mM
7,"3,7-diazanonane-1,9-diamine",(E)-2-Octenal,=,0.196,mM
7,"(3-aminopropyl)-1,2-ethylenediamine",(E)-2-Octenal,=,0.39,mM
7,"1,6-Hexanediamine",(E)-2-Octenal,=,0.098,mM
7,"1,3-bis(aminomethyl)cyclohexane",(E)-2-Octenal,=,0.39,mM
7,"2,2'-(ethylenedioxy)bis(ethylamine)",(E)-2-Octenal,=,0.049,mM
7,"2,2',2''-triaminotriethylamine",(E)-2-Octenal,=,0.098,mM
7,"N'-(2-aminoethyl)-N'-methylethane-1,2-diamine",(E)-2-Octenal,=,0.049,mM
7,Bis(3-aminopropyl)amine,(E)-2-Octenal,=,0.75,mM
7,"3,3'-Diamino-N-methyldipropylamine",(E)-2-Octenal,=,0.098,mM
7,Spermine,(E)-2-Octenal,=,0.75,mM
7,"1,11-diamino-3,6,9-trioxaundecane",1H-Imidazole-2-carboxaldehyde,=,0.39,mM
7,"1,6-Hexanediamine",1H-Imidazole-2-carboxaldehyde,=,3.12,mM
7,"1,5-diamino-3-azapentane",1H-Imidazole-2-carboxaldehyde,=,0.78,mM
7,"1,11-diamino-3,6,9-trioxaundecane",4-Ethynylbenzaldehyde,=,3.12,mM
7,"1,5-diamino-3-azapentane",4-Ethynylbenzaldehyde,>,12.5,mM
7,"1,11-diamino-3,6,9-trioxaundecane","3,4-Dihydroxybenzaldehyde",=,6.25,mM
7,"1,6-Hexanediamine","3,4-Dihydroxybenzaldehyde",=,6.25,mM
7,"1,6-Hexanediamine",(E)-Dec-2-enal,=,0.098,mM
7,"1,5-diamino-3-azapentane",(E)-Dec-2-enal,=,1.5,mM
7,"N-bis-(2-amino-ethyl)-ethane-1,2-diamine","2,6-Dimethyl-5-heptenal",=,3.12,mM
7,"2,2-bis(2-aminoethoxy)propane","2,6-Dimethyl-5-heptenal",>,12.5,mM
7,(Z)-[bis(2-aminoethyl)amino]-hydroxyimino-oxidoazanium,"2,6-Dimethyl-5-heptenal",=,6.25,mM
7,"1,7-Diaminoheptane","2,6-Dimethyl-5-heptenal",=,3.12,mM
7,"2,2'-diaminodiethyl ether","2,6-Dimethyl-5-heptenal",>,12.5,mM
7,"1,11-diamino-3,6,9-trioxaundecane","2,6-Dimethyl-5-heptenal",=,12.5,mM
7,"1,5-diaminopentane","2,6-Dimethyl-5-heptenal",=,6.25,mM
7,"2,5-Bis(aminomethyl)furan","2,6-Dimethyl-5-heptenal",=,6.25,mM
7,"1,8-diaminooctan","2,6-Dimethyl-5-heptenal",=,1.56,mM
7,p-Phenylenediamine,"2,6-Dimethyl-5-heptenal",=,1.56,mM
7,"3,7-diazanonane-1,9-diamine","2,6-Dimethyl-5-heptenal",=,6.25,mM
7,"(3-aminopropyl)-1,2-ethylenediamine","2,6-Dimethyl-5-heptenal",=,12.5,mM
7,"1,6-Hexanediamine","2,6-Dimethyl-5-heptenal",=,6.25,mM
7,"1,3-bis(aminomethyl)cyclohexane","2,6-Dimethyl-5-heptenal",=,12.5,mM
7,1.9-diaminononane,"2,6-Dimethyl-5-heptenal",=,1.56,mM
7,"N'-(2-aminoethyl)-N'-methylethane-1,2-diamine","2,6-Dimethyl-5-heptenal",>,12.5,mM
7,Spermidine,"2,6-Dimethyl-5-heptenal",=,6.25,mM
7,Bis(3-aminopropyl)amine,"2,6-Dimethyl-5-heptenal",=,3.12,mM
7,Spermine,"2,6-Dimethyl-5-heptenal",=,6.25,mM
7,"1,11-diamino-3,6,9-trioxaundecane",4-Nitrobenzaldehyde,=,1.56,mM
7,"1,6-Hexanediamine",4-Nitrobenzaldehyde,=,3.12,mM
7,"1,5-diamino-3-azapentane",4-Nitrobenzaldehyde,=,3.12,mM
7,"1,11-diamino-3,6,9-trioxaundecane",Hexanal,=,0.39,mM
7,"1,6-Hexanediamine",Hexanal,=,0.048,mM
7,"1,5-diamino-3-azapentane",Hexanal,=,0.78,mM
7,"1,6-Hexanediamine",Vanillin,=,6.25,mM
7,"1,5-diamino-3-azapentane",Vanillin,=,1.5,mM
7,"1,11-diamino-3,6,9-trioxaundecane",Octyl aldehyde,=,0.024,mM
7,"1,6-Hexanediamine",Nonyl aldehyde,=,0.19,mM
7,"1,5-diamino-3-azapentane",Nonyl aldehyde,=,0.098,mM
7,"N-bis-(2-amino-ethyl)-ethane-1,2-diamine",Trans-2-pentenal,=,6.25,mM
7,"2,2-bis(2-aminoethoxy)propane",Trans-2-pentenal,=,1.56,mM
7,(Z)-[bis(2-aminoethyl)amino]-hydroxyimino-oxidoazanium,Trans-2-pentenal,=,0.39,mM
7,"1,7-Diaminoheptane",Trans-2-pentenal,=,0.39,mM
7,"2,2'-diaminodiethyl ether",Trans-2-pentenal,=,3.12,mM
7,"1,11-diamino-3,6,9-trioxaundecane",Trans-2-pentenal,=,3.12,mM
7,"1,5-diaminopentane",Trans-2-pentenal,=,1.56,mM
7,"1,4-diaminobutane",Trans-2-pentenal,=,0.19,mM
7,p-Phenylenediamine,Trans-2-pentenal,>,12.5,mM
7,"3,7-diazanonane-1,9-diamine",Trans-2-pentenal,=,6.25,mM
7,"1,6-Hexanediamine",Trans-2-pentenal,=,0.19,mM
7,"1,3-bis(aminomethyl)cyclohexane",Trans-2-pentenal,=,1.56,mM
7,1.9-diaminononane,Trans-2-pentenal,=,0.098,mM
7,"2,2'-(ethylenedioxy)bis(ethylamine)",Trans-2-pentenal,=,3.12,mM
7,"N'-(2-aminoethyl)-N'-methylethane-1,2-diamine",Trans-2-pentenal,=,0.78,mM
7,"1,5-diamino-3-azapentane",Trans-2-pentenal,=,6.25,mM
7,Bis(3-aminopropyl)amine,Trans-2-pentenal,=,0.39,mM
7,"3,3'-Diamino-N-methyldipropylamine",Trans-2-pentenal,=,3.12,mM
7,"1,5-diamino-3-azapentane",citronellal,=,1.56,mM
7,"1,11-diamino-3,6,9-trioxaundecane",2-Pyridinecarboxaldehyde,=,3.12,mM
7,"1,6-Hexanediamine",2-Pyridinecarboxaldehyde,=,3.12,mM
7,"1,5-diamino-3-azapentane",2-Pyridinecarboxaldehyde,=,12.5,mM
7,"1,11-diamino-3,6,9-trioxaundecane",(E)-hept-2-enal,=,0.049,mM
7,"1,6-Hexanediamine",(E)-hept-2-enal,=,0.048,mM
7,"1,11-diamino-3,6,9-trioxaundecane","(2E,4E)-deca-2,4-dienal",=,0.049,mM
7,"1,6-Hexanediamine","(2E,4E)-deca-2,4-dienal",=,0.19,mM
7,"1,5-diamino-3-azapentane","(2E,4E)-deca-2,4-dienal",=,0.75,mM
7,"1,11-diamino-3,6,9-trioxaundecane",Cinnamaldehyde,=,0.19,mM
7,"1,5-diamino-3-azapentane",Cinnamaldehyde,=,3,mM
7,"1,11-diamino-3,6,9-trioxaundecane",p-Bromo benzaldehyde,=,6.25,mM
7,"1,6-Hexanediamine",p-Bromo benzaldehyde,=,6.25,mM
7,"1,11-diamino-3,6,9-trioxaundecane",(E)-non-2-enal,=,0.048,mM
7,"1,6-Hexanediamine",(E)-non-2-enal,=,0.098,mM
7,"1,5-diamino-3-azapentane",(E)-non-2-enal,=,0.38,mM
7,"1,11-diamino-3,6,9-trioxaundecane","(2E)-nona-2,6-dienal",=,0.098,mM
7,"1,5-diamino-3-azapentane","(2E)-nona-2,6-dienal",=,0.19,mM
7,"1,11-diamino-3,6,9-trioxaundecane",Citral,=,0.098,mM
7,"1,5-diamino-3-azapentane",Citral,=,0.19,mM
7,"1,11-diamino-3,6,9-trioxaundecane",(E)-hex-2-enal,=,0.19,mM
7,"1,6-Hexanediamine",(E)-hex-2-enal,=,0.39,mM
7,"1,5-diamino-3-azapentane",(E)-hex-2-enal,=,3,mM
7,"1,11-diamino-3,6,9-trioxaundecane",Formaldehyde,=,3.12,mM
7,"1,5-diamino-3-azapentane",Formaldehyde,=,12.5,mM
8,"N-bis-(2-amino-ethyl)-ethane-1,2-diamine",(E)-2-Octenal,=,0.196,mM
8,"2,2-bis(2-aminoethoxy)propane",(E)-2-Octenal,=,0.098,mM
8,"2,2'-diaminodiethyl ether",(E)-2-Octenal,=,0.098,mM
8,"1,11-diamino-3,6,9-trioxaundecane",(E)-2-Octenal,=,0.098,mM
8,"1,5-diaminopentane",(E)-2-Octenal,=,0.098,mM
8,"1,4-diaminobutane",(E)-2-Octenal,=,0.098,mM
8,"1,8-diaminooctan",(E)-2-Octenal,=,0.098,mM
8,p-Phenylenediamine,(E)-2-Octenal,>,12.5,mM
8,Polyethylenimine linear,(E)-2-Octenal,=,0.38,mM
8,"3,7-diazanonane-1,9-diamine",(E)-2-Octenal,=,0.196,mM
8,"(3-aminopropyl)-1,2-ethylenediamine",(E)-2-Octenal,=,0.39,mM
8,"1,6-Hexanediamine",(E)-2-Octenal,=,0.098,mM
8,"1,3-bis(aminomethyl)cyclohexane",(E)-2-Octenal,=,0.39,mM
8,1.9-diaminononane,(E)-2-Octenal,=,0.098,mM
8,"2,2'-(ethylenedioxy)bis(ethylamine)",(E)-2-Octenal,=,0.049,mM
8,"2,2',2''-triaminotriethylamine",(E)-2-Octenal,=,0.098,mM
8,"N'-(2-aminoethyl)-N'-methylethane-1,2-diamine",(E)-2-Octenal,=,0.049,mM
8,"1,5-diamino-3-azapentane",(E)-2-Octenal,=,0.38,mM
8,"3,3'-Diamino-N-methyldipropylamine",(E)-2-Octenal,=,0.098,mM
8,Spermine,(E)-2-Octenal,=,0.75,mM
8,"1,6-Hexanediamine",1H-Imidazole-2-carboxaldehyde,=,3.12,mM
8,"1,5-diamino-3-azapentane",1H-Imidazole-2-carboxaldehyde,=,0.78,mM
8,"1,11-diamino-3,6,9-trioxaundecane",4-Ethynylbenzaldehyde,=,3.12,mM
8,"1,5-diamino-3-azapentane",4-Ethynylbenzaldehyde,>,12.5,mM
8,"1,11-diamino-3,6,9-trioxaundecane","3,4-Dihydroxybenzaldehyde",=,6.25,mM
8,"1,6-Hexanediamine","3,4-Dihydroxybenzaldehyde",=,6.25,mM
8,"1,11-diamino-3,6,9-trioxaundecane",(E)-Dec-2-enal,=,0.024,mM
8,"1,6-Hexanediamine",(E)-Dec-2-enal,=,0.098,mM
8,"1,5-diamino-3-azapentane",(E)-Dec-2-enal,=,1.5,mM
8,"N-bis-(2-amino-ethyl)-ethane-1,2-diamine","2,6-Dimethyl-5-heptenal",=,3.12,mM
8,(Z)-[bis(2-aminoethyl)amino]-hydroxyimino-oxidoazanium,"2,6-Dimethyl-5-heptenal",=,6.25,mM
8,"2,2'-diaminodiethyl ether","2,6-Dimethyl-5-heptenal",>,12.5,mM
8,"1,11-diamino-3,6,9-trioxaundecane","2,6-Dimethyl-5-heptenal",=,12.5,mM
8,"1,5-diaminopentane","2,6-Dimethyl-5-heptenal",=,6.25,mM
8,"1,4-diaminobutane","2,6-Dimethyl-5-heptenal",=,3.12,mM
8,"2,5-Bis(aminomethyl)furan","2,6-Dimethyl-5-heptenal",=,6.25,mM
8,"1,8-diaminooctan","2,6-Dimethyl-5-heptenal",=,1.56,mM
8,p-Phenylenediamine,"2,6-Dimethyl-5-heptenal",=,1.56,mM
8,"3,7-diazanonane-1,9-diamine","2,6-Dimethyl-5-heptenal",=,6.25,mM
8,"(3-aminopropyl)-1,2-ethylenediamine","2,6-Dimethyl-5-heptenal",=,12.5,mM
8,"1,6-Hexanediamine","2,6-Dimethyl-5-heptenal",=,6.25,mM
8,"1,3-di(aminomethyl)benzene","2,6-Dimethyl-5-heptenal",=,12.5,mM
8,"1,3-bis(aminomethyl)cyclohexane","2,6-Dimethyl-5-heptenal",=,12.5,mM
8,"2,2',2''-triaminotriethylamine","2,6-Dimethyl-5-heptenal",=,3.12,mM
8,"1,5-diamino-3-azapentane","2,6-Dimethyl-5-heptenal",=,6.25,mM
8,Bis(3-aminopropyl)amine,"2,6-Dimethyl-5-heptenal",=,3.12,mM
8,"3,3'-Diamino-N-methyldipropylamine","2,6-Dimethyl-5-heptenal",=,12.5,mM
8,Spermine,"2,6-Dimethyl-5-heptenal",=,6.25,mM
8,"1,11-diamino-3,6,9-trioxaundecane",4-Nitrobenzaldehyde,=,1.56,mM
8,"1,5-diamino-3-azapentane",4-Nitrobenzaldehyde,=,3.12,mM
8,"1,6-Hexanediamine",Hexanal,=,0.048,mM
8,"1,11-diamino-3,6,9-trioxaundecane",Vanillin,=,12.5,mM
8,"1,6-Hexanediamine",Vanillin,=,6.25,mM
8,"1,11-diamino-3,6,9-trioxaundecane",Octyl aldehyde,=,0.024,mM
8,"1,6-Hexanediamine",Octyl aldehyde,=,0.098,mM
8,"1,5-diamino-3-azapentane",Octyl aldehyde,=,0.39,mM
8,"1,6-Hexanediamine",Nonyl aldehyde,=,0.19,mM
8,"1,5-diamino-3-azapentane",Nonyl aldehyde,=,0.098,mM
8,"2,2-bis(2-aminoethoxy)propane",Trans-2-pentenal,=,1.56,mM
8,"1,7-Diaminoheptane",Trans-2-pentenal,=,0.39,mM
8,"1,11-diamino-3,6,9-trioxaundecane",Trans-2-pentenal,=,3.12,mM
8,"1,5-diaminopentane",Trans-2-pentenal,=,1.56,mM
8,"1,4-diaminobutane",Trans-2-pentenal,=,0.19,mM
8,p-Phenylenediamine,Trans-2-pentenal,>,12.5,mM
8,"3,7-diazanonane-1,9-diamine",Trans-2-pentenal,=,6.25,mM
8,"(3-aminopropyl)-1,2-ethylenediamine",Trans-2-pentenal,=,6.25,mM
8,"1,6-Hexanediamine",Trans-2-pentenal,=,0.19,mM
8,"1,3-bis(aminomethyl)cyclohexane",Trans-2-pentenal,=,1.56,mM
8,1.9-diaminononane,Trans-2-pentenal,=,0.098,mM
8,"2,2'-(ethylenedioxy)bis(ethylamine)",Trans-2-pentenal,=,3.12,mM
8,"N'-(2-aminoethyl)-N'-methylethane-1,2-diamine",Trans-2-pentenal,=,0.78,mM
8,"1,5-diamino-3-azapentane",Trans-2-pentenal,=,6.25,mM
8,Bis(3-aminopropyl)amine,Trans-2-pentenal,=,0.39,mM
8,"3,3'-Diamino-N-methyldipropylamine",Trans-2-pentenal,=,3.12,mM
8,"1,11-diamino-3,6,9-trioxaundecane",citronellal,=,0.0061,mM
8,"1,6-Hexanediamine",citronellal,=,0.048,mM
8,"1,5-diamino-3-azapentane",citronellal,=,1.56,mM
8,"1,11-diamino-3,6,9-trioxaundecane",2-Pyridinecarboxaldehyde,=,3.12,mM
8,"1,6-Hexanediamine",2-Pyridinecarboxaldehyde,=,3.12,mM
8,"1,5-diamino-3-azapentane",2-Pyridinecarboxaldehyde,=,12.5,mM
8,"1,11-diamino-3,6,9-trioxaundecane",(E)-hept-2-enal,=,0.049,mM
8,"1,6-Hexanediamine",(E)-hept-2-enal,=,0.048,mM
8,"1,5-diamino-3-azapentane",(E)-hept-2-enal,=,1.5,mM
8,"1,11-diamino-3,6,9-trioxaundecane","(2E,4E)-deca-2,4-dienal",=,0.049,mM
8,"1,5-diamino-3-azapentane","(2E,4E)-deca-2,4-dienal",=,0.75,mM
8,"1,11-diamino-3,6,9-trioxaundecane",Cinnamaldehyde,=,0.19,mM
8,"1,11-diamino-3,6,9-trioxaundecane",p-Bromo benzaldehyde,=,6.25,mM
8,"1,5-diamino-3-azapentane",p-Bromo benzaldehyde,=,3.12,mM
8,"1,11-diamino-3,6,9-trioxaundecane",(E)-non-2-enal,=,0.048,mM
8,"1,11-diamino-3,6,9-trioxaundecane","(2E)-nona-2,6-dienal",=,0.098,mM
8,"1,6-Hexanediamine","(2E)-nona-2,6-dienal",=,0.19,mM
8,"1,5-diamino-3-azapentane","(2E)-nona-2,6-dienal",=,0.19,mM
8,"1,11-diamino-3,6,9-trioxaundecane",Citral,=,0.098,mM
8,"1,6-Hexanediamine",Citral,=,0.19,mM
8,"1,5-diamino-3-azapentane",Citral,=,0.19,mM
8,"1,11-diamino-3,6,9-trioxaundecane",(E)-hex-2-enal,=,0.19,mM
8,"1,6-Hexanediamine",(E)-hex-2-enal,=,0.39,mM
8,"1,5-diamino-3-azapentane",(E)-hex-2-enal,=,3,mM
8,"1,11-diamino-3,6,9-trioxaundecane",Formaldehyde,=,3.12,mM
8,"1,5-diamino-3-azapentane",Formaldehyde,=,12.5,mM
9,"N-bis-(2-amino-ethyl)-ethane-1,2-diamine",(E)-2-Octenal,=,0.196,mM
9,"2,2-bis(2-aminoethoxy)propane",(E)-2-Octenal,=,0.098,mM
9,(Z)-[bis(2-aminoethyl)amino]-hydroxyimino-oxidoazanium,(E)-2-Octenal,=,0.098,mM
9,"1,7-Diaminoheptane",(E)-2-Octenal,=,0.049,mM
9,"2,2'-diaminodiethyl ether",(E)-2-Octenal,=,0.098,mM
9,"1,11-diamino-3,6,9-trioxaundecane",(E)-2-Octenal,=,0.098,mM
9,"1,5-diaminopentane",(E)-2-Octenal,=,0.098,mM
9,"1,4-diaminobutane",(E)-2-Octenal,=,0.098,mM
9,Polyethylenimine linear,(E)-2-Octenal,=,0.38,mM
9,"3,7-diazanonane-1,9-diamine",(E)-2-Octenal,=,0.196,mM
9,"(3-aminopropyl)-1,2-ethylenediamine",(E)-2-Octenal,=,0.39,mM
9,"1,6-Hexanediamine",(E)-2-Octenal,=,0.098,mM
9,"1,3-bis(aminomethyl)cyclohexane",(E)-2-Octenal,=,0.39,mM
9,"2,2'-(ethylenedioxy)bis(ethylamine)",(E)-2-Octenal,=,0.049,mM
9,"2,2',2''-triaminotriethylamine",(E)-2-Octenal,=,0.098,mM
9,"N'-(2-aminoethyl)-N'-methylethane-1,2-diamine",(E)-2-Octenal,=,0.049,mM
9,"1,5-diamino-3-azapentane",(E)-2-Octenal,=,0.38,mM
9,Spermine,(E)-2-Octenal,=,0.75,mM
9,"1,11-diamino-3,6,9-trioxaundecane",1H-Imidazole-2-carboxaldehyde,=,0.39,mM
9,"1,6-Hexanediamine",1H-Imidazole-2-carboxaldehyde,=,3.12,mM
9,"1,5-diamino-3-azapentane",1H-Imidazole-2-carboxaldehyde,=,0.78,mM
9,"1,11-diamino-3,6,9-trioxaundecane",4-Ethynylbenzaldehyde,=,3.12,mM
9,"1,5-diamino-3-azapentane",4-Ethynylbenzaldehyde,>,12.5,mM
9,"1,6-Hexanediamine","3,4-Dihydroxybenzaldehyde",=,6.25,mM
9,"1,11-diamino-3,6,9-trioxaundecane",(E)-Dec-2-enal,=,0.024,mM
9,"1,6-Hexanediamine",(E)-Dec-2-enal,=,0.098,mM
9,"1,5-diamino-3-azapentane",(E)-Dec-2-enal,=,1.5,mM
9,"2,2-bis(2-aminoethoxy)propane","2,6-Dimethyl-5-heptenal",>,12.5,mM
9,(Z)-[bis(2-aminoethyl)amino]-hydroxyimino-oxidoazanium,"2,6-Dimethyl-5-heptenal",=,6.25,mM
9,cystamine dihydrochloride,"2,6-Dimethyl-5-heptenal",=,6.25,mM
9,"2,2'-diaminodiethyl ether","2,6-Dimethyl-5-heptenal",>,12.5,mM
9,"1,11-diamino-3,6,9-trioxaundecane","2,6-Dimethyl-5-heptenal",=,12.5,mM
9,"1,4-diaminobutane","2,6-Dimethyl-5-heptenal",=,3.12,mM
9,"2,5-Bis(aminomethyl)furan","2,6-Dimethyl-5-heptenal",=,6.25,mM
9,"1,8-diaminooctan","2,6-Dimethyl-5-heptenal",=,1.56,mM
9,"3,7-diazanonane-1,9-diamine","2,6-Dimethyl-5-heptenal",=,6.25,mM
9,"(3-aminopropyl)-1,2-ethylenediamine","2,6-Dimethyl-5-heptenal",=,12.5,mM
9,"1,6-Hexanediamine","2,6-Dimethyl-5-heptenal",=,6.25,mM
9,"1,3-di(aminomethyl)benzene","2,6-Dimethyl-5-heptenal",=,12.5,mM
9,"1,3-bis(aminomethyl)cyclohexane","2,6-Dimethyl-5-heptenal",=,12.5,mM
9,1.9-diaminononane,"2,6-Dimethyl-5-heptenal",=,1.56,mM
9,"2,2'-(ethylenedioxy)bis(ethylamine)","2,6-Dimethyl-5-heptenal",=,3.12,mM
9,"2,2',2''-triaminotriethylamine","2,6-Dimethyl-5-heptenal",=,3.12,mM
9,Spermidine,"2,6-Dimethyl-5-heptenal",=,6.25,mM
9,"1,5-diamino-3-azapentane","2,6-Dimethyl-5-heptenal",=,6.25,mM
9,Bis(3-aminopropyl)amine,"2,6-Dimethyl-5-heptenal",=,3.12,mM
9,"3,3'-Diamino-N-methyldipropylamine","2,6-Dimethyl-5-heptenal",=,12.5,mM
9,Spermine,"2,6-Dimethyl-5-heptenal",=,6.25,mM
9,"1,11-diamino-3,6,9-trioxaundecane",4-Nitrobenzaldehyde,=,1.56,mM
9,"1,6-Hexanediamine",4-Nitrobenzaldehyde,=,3.12,mM
9,"1,11-diamino-3,6,9-trioxaundecane",Hexanal,=,0.39,mM
9,"1,6-Hexanediamine",Hexanal,=,0.048,mM
9,"1,5-diamino-3-azapentane",Hexanal,=,0.78,mM
9,"1,11-diamino-3,6,9-trioxaundecane",Vanillin,=,12.5,mM
9,"1,6-Hexanediamine",Vanillin,=,6.25,mM
9,"1,5-diamino-3-azapentane",Vanillin,=,1.5,mM
9,"1,11-diamino-3,6,9-trioxaundecane",Octyl aldehyde,=,0.024,mM
9,"1,6-Hexanediamine",Octyl aldehyde,=,0.098,mM
9,"1,5-diamino-3-azapentane",Octyl aldehyde,=,0.39,mM
9,"1,6-Hexanediamine",Nonyl aldehyde,=,0.19,mM
9,"1,5-diamino-3-azapentane",Nonyl aldehyde,=,0.098,mM
9,"N-bis-(2-amino-ethyl)-ethane-1,2-diamine",Trans-2-pentenal,=,6.25,mM
9,"2,2-bis(2-aminoethoxy)propane",Trans-2-pentenal,=,1.56,mM
9,"1,7-Diaminoheptane",Trans-2-pentenal,=,0.39,mM
9,"2,2'-diaminodiethyl ether",Trans-2-pentenal,=,3.12,mM
9,"1,4-diaminobutane",Trans-2-pentenal,=,0.19,mM
9,"1,8-diaminooctan",Trans-2-pentenal,=,0.39,mM
9,"3,7-diazanonane-1,9-diamine",Trans-2-pentenal,=,6.25,mM
9,"(3-aminopropyl)-1,2-ethylenediamine",Trans-2-pentenal,=,6.25,mM
9,"1,6-Hexanediamine",Trans-2-pentenal,=,0.19,mM
9,"1,3-bis(aminomethyl)cyclohexane",Trans-2-pentenal,=,1.56,mM
9,1.9-diaminononane,Trans-2-pentenal,=,0.098,mM
9,"N'-(2-aminoethyl)-N'-methylethane-1,2-diamine",Trans-2-pentenal,=,0.78,mM
9,"1,5-diamino-3-azapentane",Trans-2-pentenal,=,6.25,mM
9,Bis(3-aminopropyl)amine,Trans-2-pentenal,=,0.39,mM
9,"3,3'-Diamino-N-methyldipropylamine",Trans-2-pentenal,=,3.12,mM
9,"1,11-diamino-3,6,9-trioxaundecane",citronellal,=,0.0061,mM
9,"1,6-Hexanediamine",citronellal,=,0.048,mM
9,"1,5-diamino-3-azapentane",citronellal,=,1.56,mM
9,"1,6-Hexanediamine",2-Pyridinecarboxaldehyde,=,3.12,mM
9,"1,5-diamino-3-azapentane",2-Pyridinecarboxaldehyde,=,12.5,mM
9,"1,11-diamino-3,6,9-trioxaundecane",(E)-hept-2-enal,=,0.049,mM
9,"1,5-diamino-3-azapentane",(E)-hept-2-enal,=,1.5,mM
9,"1,11-diamino-3,6,9-trioxaundecane","(2E,4E)-deca-2,4-dienal",=,0.049,mM
9,"1,6-Hexanediamine","(2E,4E)-deca-2,4-dienal",=,0.19,mM
9,"1,5-diamino-3-azapentane","(2E,4E)-deca-2,4-dienal",=,0.75,mM
9,"1,11-diamino-3,6,9-trioxaundecane",Cinnamaldehyde,=,0.19,mM
9,"1,6-Hexanediamine",Cinnamaldehyde,=,0.39,mM
9,"1,5-diamino-3-azapentane",Cinnamaldehyde,=,3,mM
9,"1,5-diamino-3-azapentane",p-Bromo benzaldehyde,=,3.12,mM
9,"1,11-diamino-3,6,9-trioxaundecane",(E)-non-2-enal,=,0.048,mM
9,"1,5-diamino-3-azapentane","(2E)-nona-2,6-dienal",=,0.19,mM
9,"1,11-diamino-3,6,9-trioxaundecane",Citral,=,0.098,mM
9,"1,6-Hexanediamine",Citral,=,0.19,mM
9,"1,5-diamino-3-azapentane",Citral,=,0.19,mM
9,"1,11-diamino-3,6,9-trioxaundecane",(E)-hex-2-enal,=,0.19,mM
9,"1,6-Hexanediamine",(E)-hex-2-enal,=,0.39,mM
9,"1,5-diamino-3-azapentane",(E)-hex-2-enal,=,3,mM
9,"1,11-diamino-3,6,9-trioxaundecane",Formaldehyde,=,3.12,mM
9,"1,5-diamino-3-azapentane",Formaldehyde,=,12.5,mM
10,"N-bis-(2-amino-ethyl)-ethane-1,2-diamine",(E)-2-Octenal,=,0.196,mM
10,"2,2-bis(2-aminoethoxy)propane",(E)-2-Octenal,=,0.098,mM
10,(Z)-[bis(2-aminoethyl)amino]-hydroxyimino-oxidoazanium,(E)-2-Octenal,=,0.098,mM
10,"1,7-Diaminoheptane",(E)-2-Octenal,=,0.049,mM
10,"2,2'-diaminodiethyl ether",(E)-2-Octenal,=,0.098,mM
10,"1,11-diamino-3,6,9-trioxaundecane",(E)-2-Octenal,=,0.098,mM
10,"1,5-diaminopentane",(E)-2-Octenal,=,0.098,mM
10,"1,4-diaminobutane",(E)-2-Octenal,=,0.098,mM
10,"1,8-diaminooctan",(E)-2-Octenal,=,0.098,mM
10,Polyethylenimine linear,(E)-2-Octenal,=,0.38,mM
10,"3,7-diazanonane-1,9-diamine",(E)-2-Octenal,=,0.196,mM
10,"(3-aminopropyl)-1,2-ethylenediamine",(E)-2-Octenal,=,0.39,mM
10,"1,6-Hexanediamine",(E)-2-Octenal,=,0.098,mM
10,"1,3-bis(aminomethyl)cyclohexane",(E)-2-Octenal,=,0.39,mM
10,1.9-diaminononane,(E)-2-Octenal,=,0.098,mM
10,"2,2'-(ethylenedioxy)bis(ethylamine)",(E)-2-Octenal,=,0.049,mM
10,"2,2',2''-triaminotriethylamine",(E)-2-Octenal,=,0.098,mM
10,"N'-(2-aminoethyl)-N'-methylethane-1,2-diamine",(E)-2-Octenal,=,0.049,mM
10,"1,5-diamino-3-azapentane",(E)-2-Octenal,=,0.38,mM
10,Bis(3-aminopropyl)amine,(E)-2-Octenal,=,0.75,mM
10,"3,3'-Diamino-N-methyldipropylamine",(E)-2-Octenal,=,0.098,mM
10,"1,11-diamino-3,6,9-trioxaundecane",4-Ethynylbenzaldehyde,=,3.12,mM
10,"1,5-diamino-3-azapentane",4-Ethynylbenzaldehyde,>,12.5,mM
10,"1,11-diamino-3,6,9-trioxaundecane","3,4-Dihydroxybenzaldehyde",=,6.25,mM
10,"1,6-Hexanediamine","3,4-Dihydroxybenzaldehyde",=,6.25,mM
10,"1,11-diamino-3,6,9-trioxaundecane",(E)-Dec-2-enal,=,0.024,mM
10,"1,6-Hexanediamine",(E)-Dec-2-enal,=,0.098,mM
10,"N-bis-(2-amino-ethyl)-ethane-1,2-diamine","2,6-Dimethyl-5-heptenal",=,3.12,mM
10,"2,2-bis(2-aminoethoxy)propane","2,6-Dimethyl-5-heptenal",>,12.5,mM
10,(Z)-[bis(2-aminoethyl)amino]-hydroxyimino-oxidoazanium,"2,6-Dimethyl-5-heptenal",=,6.25,mM
10,cystamine dihydrochloride,"2,6-Dimethyl-5-heptenal",=,6.25,mM
10,"1,7-Diaminoheptane","2,6-Dimethyl-5-heptenal",=,3.12,mM
10,"1,5-diaminopentane","2,6-Dimethyl-5-heptenal",=,6.25,mM
10,"1,4-diaminobutane","2,6-Dimethyl-5-heptenal",=,3.12,mM
10,"1,8-diaminooctan","2,6-Dimethyl-5-heptenal",=,1.56,mM
10,"3,7-diazanonane-1,9-diamine","2,6-Dimethyl-5-heptenal",=,6.25,mM
10,"(3-aminopropyl)-1,2-ethylenediamine","2,6-Dimethyl-5-heptenal",=,12.5,mM
10,"1,6-Hexanediamine","2,6-Dimethyl-5-heptenal",=,6.25,mM
10,"1,3-di(aminomethyl)benzene","2,6-Dimethyl-5-heptenal",=,12.5,mM
10,1.9-diaminononane,"2,6-Dimethyl-5-heptenal",=,1.56,mM
10,"2,2'-(ethylenedioxy)bis(ethylamine)","2,6-Dimethyl-5-heptenal",=,3.12,mM
10,"2,2',2''-triaminotriethylamine","2,6-Dimethyl-5-heptenal",=,3.12,mM
10,"N'-(2-aminoethyl)-N'-methylethane-1,2-diamine","2,6-Dimethyl-5-heptenal",>,12.5,mM
10,Spermidine,"2,6-Dimethyl-5-heptenal",=,6.25,mM
10,Bis(3-aminopropyl)amine,"2,6-Dimethyl-5-heptenal",=,3.12,mM
10,"3,3'-Diamino-N-methyldipropylamine","2,6-Dimethyl-5-heptenal",=,12.5,mM
10,Spermine,"2,6-Dimethyl-5-heptenal",=,6.25,mM
10,"1,11-diamino-3,6,9-trioxaundecane",4-Nitrobenzaldehyde,=,1.56,mM
10,"1,6-Hexanediamine",4-Nitrobenzaldehyde,=,3.12,mM
10,"1,5-diamino-3-azapentane",4-Nitrobenzaldehyde,=,3.12,mM
10,"1,11-diamino-3,6,9-trioxaundecane",Hexanal,=,0.39,mM
10,"1,6-Hexanediamine",Hexanal,=,0.048,mM
10,"1,5-diamino-3-azapentane",Hexanal,=,0.78,mM
10,"1,11-diamino-3,6,9-trioxaundecane",Vanillin,=,12.5,mM
10,"1,5-diamino-3-azapentane",Vanillin,=,1.5,mM
10,"1,5-diamino-3-azapentane",Octyl aldehyde,=,0.39,mM
10,"1,6-Hexanediamine",Nonyl aldehyde,=,0.19,mM
10,"1,5-diamino-3-azapentane",Nonyl aldehyde,=,0.098,mM
10,"N-bis-(2-amino-ethyl)-ethane-1,2-diamine",Trans-2-pentenal,=,6.25,mM
10,(Z)-[bis(2-aminoethyl)amino]-hydroxyimino-oxidoazanium,Trans-2-pentenal,=,0.39,mM
10,"1,7-Diaminoheptane",Trans-2-pentenal,=,0.39,mM
10,"2,2'-diaminodiethyl ether",Trans-2-pentenal,=,3.12,mM
10,"1,5-diaminopentane",Trans-2-pentenal,=,1.56,mM
10,"1,4-diaminobutane",Trans-2-pentenal,=,0.19,mM
10,"1,8-diaminooctan",Trans-2-pentenal,=,0.39,mM
10,p-Phenylenediamine,Trans-2-pentenal,>,12.5,mM
10,"3,7-diazanonane-1,9-diamine",Trans-2-pentenal,=,6.25,mM
10,"1,6-Hexanediamine",Trans-2-pentenal,=,0.19,mM
10,1.9-diaminononane,Trans-2-pentenal,=,0.098,mM
10,"2,2'-(ethylenedioxy)bis(ethylamine)",Trans-2-pentenal,=,3.12,mM
10,"N'-(2-aminoethyl)-N'-methylethane-1,2-diamine",Trans-2-pentenal,=,0.78,mM
10,"1,5-diamino-3-azapentane",Trans-2-pentenal,=,6.25,mM
10,Bis(3-aminopropyl)amine,Trans-2-pentenal,=,0.39,mM
10,"3,3'-Diamino-N-methyldipropylamine",Trans-2-pentenal,=,3.12,mM
10,"1,6-Hexanediamine",citronellal,=,0.048,mM
10,"1,11-diamino-3,6,9-trioxaundecane",2-Pyridinecarboxaldehyde,=,3.12,mM
10,"1,5-diamino-3-azapentane",2-Pyridinecarboxaldehyde,=,12.5,mM
10,"1,6-Hexanediamine",(E)-hept-2-enal,=,0.048,mM
10,"1,5-diamino-3-azapentane",(E)-hept-2-enal,=,1.5,mM
10,"1,11-diamino-3,6,9-trioxaundecane","(2E,4E)-deca-2,4-dienal",=,0.049,mM
10,"1,6-Hexanediamine","(2E,4E)-deca-2,4-dienal",=,0.19,mM
10,"1,5-diamino-3-azapentane","(2E,4E)-deca-2,4-dienal",=,0.75,mM
10,"1,11-diamino-3,6,9-trioxaundecane",Cinnamaldehyde,=,0.19,mM
10,"1,6-Hexanediamine",Cinnamaldehyde,=,0.39,mM
10,"1,5-diamino-3-azapentane",Cinnamaldehyde,=,3,mM
10,"1,11-diamino-3,6,9-trioxaundecane",p-Bromo benzaldehyde,=,6.25,mM
10,"1,6-Hexanediamine",p-Bromo benzaldehyde,=,6.25,mM
10,"1,5-diamino-3-azapentane",p-Bromo benzaldehyde,=,3.12,mM
10,"1,11-diamino-3,6,9-trioxaundecane",(E)-non-2-enal,=,0.048,mM
10,"1,6-Hexanediamine",(E)-non-2-enal,=,0.098,mM
10,"1,5-diamino-3-azapentane",(E)-non-2-enal,=,0.38,mM
10,"1,6-Hexanediamine","(2E)-nona-2,6-dienal",=,0.19,mM
10,"1,5-diamino-3-azapentane","(2E)-nona-2,6-dienal",=,0.19,mM
10,"1,11-diamino-3,6,9-trioxaundecane",Citral,=,0.098,mM
10,"1,5-diamino-3-azapentane",Citral,=,0.19,mM
10,"1,11-diamino-3,6,9-trioxaundecane",(E)-hex-2-enal,=,0.19,mM
10,"1,6-Hexanediamine",(E)-hex-2-enal,=,0.39,mM
10,"1,5-diamino-3-azapentane",(E)-hex-2-enal,=,3,mM
10,"1,11-diamino-3,6,9-trioxaundecane",Formaldehyde,=,3.12,mM
10,"1,5-diamino-3-azapentane",Formaldehyde,=,12.5,mM
11,"N-bis-(2-amino-ethyl)-ethane-1,2-diamine",(E)-2-Octenal,=,0.196,mM
11,"2,2-bis(2-aminoethoxy)propane",(E)-2-Octenal,=,0.098,mM
11,(Z)-[bis(2-aminoethyl)amino]-hydroxyimino-oxidoazanium,(E)-2-Octenal,=,0.098,mM
11,"1,7-Diaminoheptane",(E)-2-Octenal,=,0.049,mM
11,"2,2'-diaminodiethyl ether",(E)-2-Octenal,=,0.098,mM
11,"1,5-diaminopentane",(E)-2-Octenal,=,0.098,mM
11,"1,4-diaminobutane",(E)-2-Octenal,=,0.098,mM
11,"1,8-diaminooctan",(E)-2-Octenal,=,0.098,mM
11,p-Phenylenediamine,(E)-2-Octenal,>,12.5,mM
11,"3,7-diazanonane-1,9-diamine",(E)-2-Octenal,=,0.196,mM
11,"(3-aminopropyl)-1,2-ethylenediamine",(E)-2-Octenal,=,0.39,mM
11,"1,6-Hexanediamine",(E)-2-Octenal,=,0.098,mM
11,"1,3-bis(aminomethyl)cyclohexane",(E)-2-Octenal,=,0.39,mM
11,"2,2',2''-triaminotriethylamine",(E)-2-Octenal,=,0.098,mM
11,"N'-(2-aminoethyl)-N'-methylethane-1,2-diamine",(E)-2-Octenal,=,0.049,mM
11,Bis(3-aminopropyl)amine,(E)-2-Octenal,=,0.75,mM
11,"3,3'-Diamino-N-methyldipropylamine",(E)-2-Octenal,=,0.098,mM
11,Spermine,(E)-2-Octenal,=,0.75,mM
11,"1,11-diamino-3,6,9-trioxaundecane",1H-Imidazole-2-carboxaldehyde,=,0.39,mM
11,"1,6-Hexanediamine",1H-Imidazole-2-carboxaldehyde,=,3.12,mM
11,"1,5-diamino-3-azapentane",1H-Imidazole-2-carboxaldehyde,=,0.78,mM
11,"1,11-diamino-3,6,9-trioxaundecane",4-Ethynylbenzaldehyde,=,3.12,mM
11,"1,11-diamino-3,6,9-trioxaundecane","3,4-Dihydroxybenzaldehyde",=,6.25,mM
11,"1,5-diamino-3-azapentane",(E)-Dec-2-enal,=,1.5,mM
11,"2,2-bis(2-aminoethoxy)propane","2,6-Dimethyl-5-heptenal",>,12.5,mM
11,(Z)-[bis(2-aminoethyl)amino]-hydroxyimino-oxidoazanium,"2,6-Dimethyl-5-heptenal",=,6.25,mM
11,cystamine dihydrochloride,"2,6-Dimethyl-5-heptenal",=,6.25,mM
11,"1,7-Diaminoheptane","2,6-Dimethyl-5-heptenal",=,3.12,mM
11,"1,11-diamino-3,6,9-trioxaundecane","2,6-Dimethyl-5-heptenal",=,12.5,mM
11,"1,5-diaminopentane","2,6-Dimethyl-5-heptenal",=,6.25,mM
11,"1,4-diaminobutane","2,6-Dimethyl-5-heptenal",=,3.12,mM
11,"2,5-Bis(aminomethyl)furan","2,6-Dimethyl-5-heptenal",=,6.25,mM
11,"1,8-diaminooctan","2,6-Dimethyl-5-heptenal",=,1.56,mM
11,p-Phenylenediamine,"2,6-Dimethyl-5-heptenal",=,1.56,mM
11,"3,7-diazanonane-1,9-diamine","2,6-Dimethyl-5-heptenal",=,6.25,mM
11,"(3-aminopropyl)-1,2-ethylenediamine","2,6-Dimethyl-5-heptenal",=,12.5,mM
11,"1,6-Hexanediamine","2,6-Dimethyl-5-heptenal",=,6.25,mM
11,"1,3-di(aminomethyl)benzene","2,6-Dimethyl-5-heptenal",=,12.5,mM
11,"1,3-bis(aminomethyl)cyclohexane","2,6-Dimethyl-5-heptenal",=,12.5,mM
11,1.9-diaminononane,"2,6-Dimethyl-5-heptenal",=,1.56,mM
11,"N'-(2-aminoethyl)-N'-methylethane-1,2-diamine","2,6-Dimethyl-5-heptenal",>,12.5,mM
11,Spermidine,"2,6-Dimethyl-5-heptenal",=,6.25,mM
11,"1,5-diamino-3-azapentane","2,6-Dimethyl-5-heptenal",=,6.25,mM
11,Bis(3-aminopropyl)amine,"2,6-Dimethyl-5-heptenal",=,3.12,mM
11,"3,3'-Diamino-N-methyldipropylamine","2,6-Dimethyl-5-heptenal",=,12.5,mM
11,Spermine,"2,6-Dimethyl-5-heptenal",=,6.25,mM
11,"1,11-diamino-3,6,9-trioxaundecane",4-Nitrobenzaldehyde,=,1.56,mM
11,"1,6-Hexanediamine",4-Nitrobenzaldehyde,=,3.12,mM
11,"1,5-diamino-3-azapentane",4-Nitrobenzaldehyde,=,3.12,mM
11,"1,11-diamino-3,6,9-trioxaundecane",Hexanal,=,0.39,mM
11,"1,6-Hexanediamine",Hexanal,=,0.048,mM
11,"1,5-diamino-3-azapentane",Hexanal,=,0.78,mM
11,"1,11-diamino-3,6,9-trioxaundecane",Vanillin,=,12.5,mM
11,"1,6-Hexanediamine",Vanillin,=,6.25,mM
11,"1,6-Hexanediamine",Octyl aldehyde,=,0.098,mM
11,"1,5-diamino-3-azapentane",Octyl aldehyde,=,0.39,mM
11,"1,6-Hexanediamine",Nonyl aldehyde,=,0.19,mM
11,"1,5-diamino-3-azapentane",Nonyl aldehyde,=,0.098,mM
11,"N-bis-(2-amino-ethyl)-ethane-1,2-diamine",Trans-2-pentenal,=,6.25,mM
11,"2,2-bis(2-aminoethoxy)propane",Trans-2-pentenal,=,1.56,mM
11,"1,7-Diaminoheptane",Trans-2-pentenal,=,0.39,mM
11,"2,2'-diaminodiethyl ether",Trans-2-pentenal,=,3.12,mM
11,"1,11-diamino-3,6,9-trioxaundecane",Trans-2-pentenal,=,3.12,mM
11,"1,5-diaminopentane",Trans-2-pentenal,=,1.56,mM
11,p-Phenylenediamine,Trans-2-pentenal,>,12.5,mM
11,"3,7-diazanonane-1,9-diamine",Trans-2-pentenal,=,6.25,mM
11,"(3-aminopropyl)-1,2-ethylenediamine",Trans-2-pentenal,=,6.25,mM
11,"1,6-Hexanediamine",Trans-2-pentenal,=,0.19,mM
11,"1,3-bis(aminomethyl)cyclohexane",Trans-2-pentenal,=,1.56,mM
11,1.9-diaminononane,Trans-2-pentenal,=,0.098,mM
11,"2,2'-(ethylenedioxy)bis(ethylamine)",Trans-2-pentenal,=,3.12,mM
11,"N'-(2-aminoethyl)-N'-methylethane-1,2-diamine",Trans-2-pentenal,=,0.78,mM
11,Bis(3-aminopropyl)amine,Trans-2-pentenal,=,0.39,mM
11,"3,3'-Diamino-N-methyldipropylamine",Trans-2-pentenal,=,3.12,mM
11,"1,11-diamino-3,6,9-trioxaundecane",citronellal,=,0.0061,mM
11,"1,6-Hexanediamine",citronellal,=,0.048,mM
11,"1,5-diamino-3-azapentane",citronellal,=,1.56,mM
11,"1,11-diamino-3,6,9-trioxaundecane",2-Pyridinecarboxaldehyde,=,3.12,mM
11,"1,6-Hexanediamine",2-Pyridinecarboxaldehyde,=,3.12,mM
11,"1,5-diamino-3-azapentane",2-Pyridinecarboxaldehyde,=,12.5,mM
11,"1,11-diamino-3,6,9-trioxaundecane",(E)-hept-2-enal,=,0.049,mM
11,"1,6-Hexanediamine",(E)-hept-2-enal,=,0.048,mM
11,"1,11-diamino-3,6,9-trioxaundecane","(2E,4E)-deca-2,4-dienal",=,0.049,mM
11,"1,6-Hexanediamine","(2E,4E)-deca-2,4-dienal",=,0.19,mM
11,"1,5-diamino-3-azapentane","(2E,4E)-deca-2,4-dienal",=,0.75,mM
11,"1,11-diamino-3,6,9-trioxaundecane",Cinnamaldehyde,=,0.19,mM
11,"1,6-Hexanediamine",Cinnamaldehyde,=,0.39,mM
11,"1,5-diamino-3-azapentane",Cinnamaldehyde,=,3,mM
11,"1,11-diamino-3,6,9-trioxaundecane",p-Bromo benzaldehyde,=,6.25,mM
11,"1,6-Hexanediamine",p-Bromo benzaldehyde,=,6.25,mM
11,"1,5-diamino-3-azapentane",p-Bromo benzaldehyde,=,3.12,mM
11,"1,11-diamino-3,6,9-trioxaundecane",(E)-non-2-enal,=,0.048,mM
11,"1,6-Hexanediamine",(E)-non-2-enal,=,0.098,mM
11,"1,11-diamino-3,6,9-trioxaundecane","(2E)-nona-2,6-dienal",=,0.098,mM
11,"1,5-diamino-3-azapentane","(2E)-nona-2,6-dienal",=,0.19,mM
11,"1,11-diamino-3,6,9-trioxaundecane",Citral,=,0.098,mM
11,"1,5-diamino-3-azapentane",Citral,=,0.19,mM
11,"1,11-diamino-3,6,9-trioxaundecane",(E)-hex-2-enal,=,0.19,mM
11,"1,11-diamino-3,6,9-trioxaundecane",Formaldehyde,=,3.12,mM
11,"1,5-diamino-3-azapentane",Formaldehyde,=,12.5,mM
12,"N-bis-(2-amino-ethyl)-ethane-1,2-diamine",(E)-2-Octenal,=,0.196,mM
12,"2,2-bis(2-aminoethoxy)propane",(E)-2-Octenal,=,0.098,mM
12,(Z)-[bis(2-aminoethyl)amino]-hydroxyimino-oxidoazanium,(E)-2-Octenal,=,0.098,mM
12,"1,7-Diaminoheptane",(E)-2-Octenal,=,0.049,mM
12,"2,2'-diaminodiethyl ether",(E)-2-Octenal,=,0.098,mM
12,"1,11-diamino-3,6,9-trioxaundecane",(E)-2-Octenal,=,0.098,mM
12,"1,5-diaminopentane",(E)-2-Octenal,=,0.098,mM
12,"1,4-diaminobutane",(E)-2-Octenal,=,0.098,mM
12,"1,8-diaminooctan",(E)-2-Octenal,=,0.098,mM
12,p-Phenylenediamine,(E)-2-Octenal,>,12.5,mM
12,"3,7-diazanonane-1,9-diamine",(E)-2-Octenal,=,0.196,mM
12,"(3-aminopropyl)-1,2-ethylenediamine",(E)-2-Octenal,=,0.39,mM
12,"1,6-Hexanediamine",(E)-2-Octenal,=,0.098,mM
12,"1,3-bis(aminomethyl)cyclohexane",(E)-2-Octenal,=,0.39,mM
12,1.9-diaminononane,(E)-2-Octenal,=,0.098,mM
12,"2,2'-(ethylenedioxy)bis(ethylamine)",(E)-2-Octenal,=,0.049,mM
12,"2,2',2''-triaminotriethylamine",(E)-2-Octenal,=,0.098,mM
12,"N'-(2-aminoethyl)-N'-methylethane-1,2-diamine",(E)-2-Octenal,=,0.049,mM
12,Bis(3-aminopropyl)amine,(E)-2-Octenal,=,0.75,mM
12,"1,11-diamino-3,6,9-trioxaundecane",1H-Imidazole-2-carboxaldehyde,=,0.39,mM
12,"1,6-Hexanediamine",1H-Imidazole-2-carboxaldehyde,=,3.12,mM
12,"1,5-diamino-3-azapentane",1H-Imidazole-2-carboxaldehyde,=,0.78,mM
12,"1,11-diamino-3,6,9-trioxaundecane",4-Ethynylbenzaldehyde,=,3.12,mM
12,"1,5-diamino-3-azapentane",4-Ethynylbenzaldehyde,>,12.5,mM
12,"1,11-diamino-3,6,9-trioxaundecane","3,4-Dihydroxybenzaldehyde",=,6.25,mM
12,"1,6-Hexanediamine","3,4-Dihydroxybenzaldehyde",=,6.25,mM
12,"1,11-diamino-3,6,9-trioxaundecane",(E)-Dec-2-enal,=,0.024,mM
12,"1,6-Hexanediamine",(E)-Dec-2-enal,=,0.098,mM
12,"1,5-diamino-3-azapentane",(E)-Dec-2-enal,=,1.5,mM
12,"N-bis-(2-amino-ethyl)-ethane-1,2-diamine","2,6-Dimethyl-5-heptenal",=,3.12,mM
12,"2,2-bis(2-aminoethoxy)propane","2,6-Dimethyl-5-heptenal",>,12.5,mM
12,(Z)-[bis(2-aminoethyl)amino]-hydroxyimino-oxidoazanium,"2,6-Dimethyl-5-heptenal",=,6.25,mM
12,cystamine dihydrochloride,"2,6-Dimethyl-5-heptenal",=,6.25,mM
12,"1,7-Diaminoheptane","2,6-Dimethyl-5-heptenal",=,3.12,mM
12,"2,2'-diaminodiethyl ether","2,6-Dimethyl-5-heptenal",>,12.5,mM
12,"1,11-diamino-3,6,9-trioxaundecane","2,6-Dimethyl-5-heptenal",=,12.5,mM
12,"1,5-diaminopentane","2,6-Dimethyl-5-heptenal",=,6.25,mM
12,"1,4-diaminobutane","2,6-Dimethyl-5-heptenal",=,3.12,mM
12,"2,5-Bis(aminomethyl)furan","2,6-Dimethyl-5-heptenal",=,6.25,mM
12,p-Phenylenediamine,"2,6-Dimethyl-5-heptenal",=,1.56,mM
12,"3,7-diazanonane-1,9-diamine","2,6-Dimethyl-5-heptenal",=,6.25,mM
12,"(3-aminopropyl)-1,2-ethylenediamine","2,6-Dimethyl-5-heptenal",=,12.5,mM
12,"1,6-Hexanediamine","2,6-Dimethyl-5-heptenal",=,6.25,mM
12,"1,3-bis(aminomethyl)cyclohexane","2,6-Dimethyl-5-heptenal",=,12.5,mM
12,1.9-diaminononane,"2,6-Dimethyl-5-heptenal",=,1.56,mM
12,"2,2',2''-triaminotriethylamine","2,6-Dimethyl-5-heptenal",=,3.12,mM
12,"N'-(2-aminoethyl)-N'-methylethane-1,2-diamine","2,6-Dimethyl-5-heptenal",>,12.5,mM
12,"1,5-diamino-3-azapentane","2,6-Dimethyl-5-heptenal",=,6.25,mM
12,Bis(3-aminopropyl)amine,"2,6-Dimethyl-5-heptenal",=,3.12,mM
12,"3,3'-Diamino-N-methyldipropylamine","2,6-Dimethyl-5-heptenal",=,12.5,mM
12,Spermine,"2,6-Dimethyl-5-heptenal",=,6.25,mM
12,"1,6-Hexanediamine",4-Nitrobenzaldehyde,=,3.12,mM
12,"1,5-diamino-3-azapentane",4-Nitrobenzaldehyde,=,3.12,mM
12,"1,11-diamino-3,6,9-trioxaundecane",Hexanal,=,0.39,mM
12,"1,11-diamino-3,6,9-trioxaundecane",Vanillin,=,12.5,mM
12,"1,6-Hexanediamine",Vanillin,=,6.25,mM
12,"1,5-diamino-3-azapentane",Vanillin,=,1.5,mM
12,"1,5-diamino-3-azapentane",Octyl aldehyde,=,0.39,mM
12,"1,6-Hexanediamine",Nonyl aldehyde,=,0.19,mM
12,"1,5-diamino-3-azapentane",Nonyl aldehyde,=,0.098,mM
12,"N-bis-(2-amino-ethyl)-ethane-1,2-diamine",Trans-2-pentenal,=,6.25,mM
12,"2,2-bis(2-aminoethoxy)propane",Trans-2-pentenal,=,1.56,mM
12,(Z)-[bis(2-aminoethyl)amino]-hydroxyimino-oxidoazanium,Trans-2-pentenal,=,0.39,mM
12,"1,5-diaminopentane",Trans-2-pentenal,=,1.56,mM
12,"1,4-diaminobutane",Trans-2-pentenal,=,0.19,mM
12,p-Phenylenediamine,Trans-2-pentenal,>,12.5,mM
12,"3,7-diazanonane-1,9-diamine",Trans-2-pentenal,=,6.25,mM
12,"1,6-Hexanediamine",Trans-2-pentenal,=,0.19,mM
12,"1,3-bis(aminomethyl)cyclohexane",Trans-2-pentenal,=,1.56,mM
12,1.9-diaminononane,Trans-2-pentenal,=,0.098,mM
12,"2,2'-(ethylenedioxy)bis(ethylamine)",Trans-2-pentenal,=,3.12,mM
12,"1,5-diamino-3-azapentane",Trans-2-pentenal,=,6.25,mM
12,Bis(3-aminopropyl)amine,Trans-2-pentenal,=,0.39,mM
12,"1,6-Hexanediamine",citronellal,=,0.048,mM
12,"1,5-diamino-3-azapentane",citronellal,=,1.56,mM
12,"1,11-diamino-3,6,9-trioxaundecane",2-Pyridinecarboxaldehyde,=,3.12,mM
12,"1,6-Hexanediamine",2-Pyridinecarboxaldehyde,=,3.12,mM
12,"1,5-diamino-3-azapentane",2-Pyridinecarboxaldehyde,=,12.5,mM
12,"1,11-diamino-3,6,9-trioxaundecane",(E)-hept-2-enal,=,0.049,mM
12,"1,6-Hexanediamine",(E)-hept-2-enal,=,0.048,mM
12,"1,5-diamino-3-azapentane",(E)-hept-2-enal,=,1.5,mM
12,"1,11-diamino-3,6,9-trioxaundecane","(2E,4E)-deca-2,4-dienal",=,0.049,mM
12,"1,6-Hexanediamine","(2E,4E)-deca-2,4-dienal",=,0.19,mM
12,"1,5-diamino-3-azapentane","(2E,4E)-deca-2,4-dienal",=,0.75,mM
12,"1,11-diamino-3,6,9-trioxaundecane",Cinnamaldehyde,=,0.19,mM
12,"1,6-Hexanediamine",Cinnamaldehyde,=,0.39,mM
12,"1,5-diamino-3-azapentane",Cinnamaldehyde,=,3,mM
12,"1,11-diamino-3,6,9-trioxaundecane",p-Bromo benzaldehyde,=,6.25,mM
12,"1,6-Hexanediamine",p-Bromo benzaldehyde,=,6.25,mM
12,"1,5-diamino-3-azapentane",p-Bromo benzaldehyde,=,3.12,mM
12,"1,11-diamino-3,6,9-trioxaundecane",(E)-non-2-enal,=,0.048,mM
12,"1,6-Hexanediamine",(E)-non-2-enal,=,0.098,mM
12,"1,11-diamino-3,6,9-trioxaundecane","(2E)-nona-2,6-dienal",=,0.098,mM
12,"1,6-Hexanediamine","(2E)-nona-2,6-dienal",=,0.19,mM
12,"1,5-diamino-3-azapentane","(2E)-nona-2,6-dienal",=,0.19,mM
12,"1,5-diamino-3-azapentane",Citral,=,0.19,mM
12,"1,11-diamino-3,6,9-trioxaundecane",(E)-hex-2-enal,=,0.19,mM
12,"1,6-Hexanediamine",(E)-hex-2-enal,=,0.39,mM
12,"1,5-diamino-3-azapentane",(E)-hex-2-enal,=,3,mM
12,"1,11-diamino-3,6,9-trioxaundecane",Formaldehyde,=,3.12,mM
13,"N-bis-(2-amino-ethyl)-ethane-1,2-diamine",(E)-2-Octenal,=,0.196,mM
13,(Z)-[bis(2-aminoethyl)amino]-hydroxyimino-oxidoazanium,(E)-2-Octenal,=,0.098,mM
13,"1,7-Diaminoheptane",(E)-2-Octenal,=,0.049,mM
13,"1,11-diamino-3,6,9-trioxaundecane",(E)-2-Octenal,=,0.098,mM
13,"1,4-diaminobutane",(E)-2-Octenal,=,0.098,mM
13,p-Phenylenediamine,(E)-2-Octenal,>,12.5,mM
13,Polyethylenimine linear,(E)-2-Octenal,=,0.38,mM
13,"3,7-diazanonane-1,9-diamine",(E)-2-Octenal,=,0.196,mM
13,"(3-aminopropyl)-1,2-ethylenediamine",(E)-2-Octenal,=,0.39,mM
13,1.9-diaminononane,(E)-2-Octenal,=,0.098,mM
13,"2,2'-(ethylenedioxy)bis(ethylamine)",(E)-2-Octenal,=,0.049,mM
13,"2,2',2''-triaminotriethylamine",(E)-2-Octenal,=,0.098,mM
13,"N'-(2-aminoethyl)-N'-methylethane-1,2-diamine",(E)-2-Octenal,=,0.049,mM
13,"1,5-diamino-3-azapentane",(E)-2-Octenal,=,0.38,mM
13,Bis(3-aminopropyl)amine,(E)-2-Octenal,=,0.75,mM
13,"3,3'-Diamino-N-methyldipropylamine",(E)-2-Octenal,=,0.098,mM
13,Spermine,(E)-2-Octenal,=,0.75,mM
13,"1,6-Hexanediamine",1H-Imidazole-2-carboxaldehyde,=,3.12,mM
13,"1,5-diamino-3-azapentane",1H-Imidazole-2-carboxaldehyde,=,0.78,mM
13,"1,11-diamino-3,6,9-trioxaundecane",4-Ethynylbenzaldehyde,=,3.12,mM
13,"1,5-diamino-3-azapentane",4-Ethynylbenzaldehyde,>,12.5,mM
13,"1,6-Hexanediamine","3,4-Dihydroxybenzaldehyde",=,6.25,mM
13,"1,11-diamino-3,6,9-trioxaundecane",(E)-Dec-2-enal,=,0.024,mM
13,"1,6-Hexanediamine",(E)-Dec-2-enal,=,0.098,mM
13,"1,5-diamino-3-azapentane",(E)-Dec-2-enal,=,1.5,mM
13,"N-bis-(2-amino-ethyl)-ethane-1,2-diamine","2,6-Dimethyl-5-heptenal",=,3.12,mM
13,"2,2-bis(2-aminoethoxy)propane","2,6-Dimethyl-5-heptenal",>,12.5,mM
13,(Z)-[bis(2-aminoethyl)amino]-hydroxyimino-oxidoazanium,"2,6-Dimethyl-5-heptenal",=,6.25,mM
13,cystamine dihydrochloride,"2,6-Dimethyl-5-heptenal",=,6.25,mM
13,"1,7-Diaminoheptane","2,6-Dimethyl-5-heptenal",=,3.12,mM
13,"2,2'-diaminodiethyl ether","2,6-Dimethyl-5-heptenal",>,12.5,mM
13,"1,11-diamino-3,6,9-trioxaundecane","2,6-Dimethyl-5-heptenal",=,12.5,mM
13,"1,5-diaminopentane","2,6-Dimethyl-5-heptenal",=,6.25,mM
13,"1,4-diaminobutane","2,6-Dimethyl-5-heptenal",=,3.12,mM
13,"2,5-Bis(aminomethyl)furan","2,6-Dimethyl-5-heptenal",=,6.25,mM
13,p-Phenylenediamine,"2,6-Dimethyl-5-heptenal",=,1.56,mM
13,"3,7-diazanonane-1,9-diamine","2,6-Dimethyl-5-heptenal",=,6.25,mM
13,"(3-aminopropyl)-1,2-ethylenediamine","2,6-Dimethyl-5-heptenal",=,12.5,mM
13,"1,3-di(aminomethyl)benzene","2,6-Dimethyl-5-heptenal",=,12.5,mM
13,1.9-diaminononane,"2,6-Dimethyl-5-heptenal",=,1.56,mM
13,"2,2'-(ethylenedioxy)bis(ethylamine)","2,6-Dimethyl-5-heptenal",=,3.12,mM
13,"2,2',2''-triaminotriethylamine","2,6-Dimethyl-5-heptenal",=,3.12,mM
13,"N'-(2-aminoethyl)-N'-methylethane-1,2-diamine","2,6-Dimethyl-5-heptenal",>,12.5,mM
13,Spermidine,"2,6-Dimethyl-5-heptenal",=,6.25,mM
13,"1,5-diamino-3-azapentane","2,6-Dimethyl-5-heptenal",=,6.25,mM
13,Bis(3-aminopropyl)amine,"2,6-Dimethyl-5-heptenal",=,3.12,mM
13,Spermine,"2,6-Dimethyl-5-heptenal",=,6.25,mM
13,"1,11-diamino-3,6,9-trioxaundecane",4-Nitrobenzaldehyde,=,1.56,mM
13,"1,6-Hexanediamine",4-Nitrobenzaldehyde,=,3.12,mM
13,"1,5-diamino-3-azapentane",4-Nitrobenzaldehyde,=,3.12,mM
13,"1,11-diamino-3,6,9-trioxaundecane",Hexanal,=,0.39,mM
13,"1,6-Hexanediamine",Hexanal,=,0.048,mM
13,"1,5-diamino-3-azapentane",Hexanal,=,0.78,mM
13,"1,6-Hexanediamine",Vanillin,=,6.25,mM
13,"1,5-diamino-3-azapentane",Vanillin,=,1.5,mM
13,"1,11-diamino-3,6,9-trioxaundecane",Octyl aldehyde,=,0.024,mM
13,"1,6-Hexanediamine",Octyl aldehyde,=,0.098,mM
13,"1,5-diamino-3-azapentane",Octyl aldehyde,=,0.39,mM
13,"1,6-Hexanediamine",Nonyl aldehyde,=,0.19,mM
13,"1,5-diamino-3-azapentane",Nonyl aldehyde,=,0.098,mM
13,"N-bis-(2-amino-ethyl)-ethane-1,2-diamine",Trans-2-pentenal,=,6.25,mM
13,"2,2-bis(2-aminoethoxy)propane",Trans-2-pentenal,=,1.56,mM
13,(Z)-[bis(2-aminoethyl)amino]-hydroxyimino-oxidoazanium,Trans-2-pentenal,=,0.39,mM
13,"2,2'-diaminodiethyl ether",Trans-2-pentenal,=,3.12,mM
13,"1,5-diaminopentane",Trans-2-pentenal,=,1.56,mM
13,"1,4-diaminobutane",Trans-2-pentenal,=,0.19,mM
13,"1,8-diaminooctan",Trans-2-pentenal,=,0.39,mM
13,p-Phenylenediamine,Trans-2-pentenal,>,12.5,mM
13,"3,7-diazanonane-1,9-diamine",Trans-2-pentenal,=,6.25,mM
13,"(3-aminopropyl)-1,2-ethylenediamine",Trans-2-pentenal,=,6.25,mM
13,"1,6-Hexanediamine",Trans-2-pentenal,=,0.19,mM
13,"1,3-bis(aminomethyl)cyclohexane",Trans-2-pentenal,=,1.56,mM
13,1.9-diaminononane,Trans-2-pentenal,=,0.098,mM
13,"2,2'-(ethylenedioxy)bis(ethylamine)",Trans-2-pentenal,=,3.12,mM
13,"1,5-diamino-3-azapentane",Trans-2-pentenal,=,6.25,mM
13,Bis(3-aminopropyl)amine,Trans-2-pentenal,=,0.39,mM
13,"3,3'-Diamino-N-methyldipropylamine",Trans-2-pentenal,=,3.12,mM
13,"1,11-diamino-3,6,9-trioxaundecane",citronellal,=,0.0061,mM
13,"1,6-Hexanediamine",citronellal,=,0.048,mM
13,"1,5-diamino-3-azapentane",citronellal,=,1.56,mM
13,"1,11-diamino-3,6,9-trioxaundecane",2-Pyridinecarboxaldehyde,=,3.12,mM
13,"1,6-Hexanediamine",2-Pyridinecarboxaldehyde,=,3.12,mM
13,"1,5-diamino-3-azapentane",2-Pyridinecarboxaldehyde,=,12.5,mM
13,"1,5-diamino-3-azapentane",(E)-hept-2-enal,=,1.5,mM
13,"1,11-diamino-3,6,9-trioxaundecane","(2E,4E)-deca-2,4-dienal",=,0.049,mM
13,"1,6-Hexanediamine","(2E,4E)-deca-2,4-dienal",=,0.19,mM
13,"1,5-diamino-3-azapentane","(2E,4E)-deca-2,4-dienal",=,0.75,mM
13,"1,11-diamino-3,6,9-trioxaundecane",Cinnamaldehyde,=,0.19,mM
13,"1,11-diamino-3,6,9-trioxaundecane",p-Bromo benzaldehyde,=,6.25,mM
13,"1,6-Hexanediamine",p-Bromo benzaldehyde,=,6.25,mM
13,"1,11-diamino-3,6,9-trioxaundecane",(E)-non-2-enal,=,0.048,mM
13,"1,5-diamino-3-azapentane",(E)-non-2-enal,=,0.38,mM
13,"1,6-Hexanediamine","(2E)-nona-2,6-dienal",=,0.19,mM
13,"1,11-diamino-3,6,9-trioxaundecane",Citral,=,0.098,mM
13,"1,6-Hexanediamine",Citral,=,0.19,mM
13,"1,5-diamino-3-azapentane",Citral,=,0.19,mM
13,"1,6-Hexanediamine",(E)-hex-2-enal,=,0.39,mM
13,"1,5-diamino-3-azapentane",(E)-hex-2-enal,=,3,mM
13,"1,11-diamino-3,6,9-trioxaundecane",Formaldehyde,=,3.12,mM
13,"1,5-diamino-3-azapentane",Formaldehyde,=,12.5,mM
14,"N-bis-(2-amino-ethyl)-ethane-1,2-diamine",(E)-2-Octenal,=,0.196,mM
14,(Z)-[bis(2-aminoethyl)amino]-hydroxyimino-oxidoazanium,(E)-2-Octenal,=,0.098,mM
14,"1,7-Diaminoheptane",(E)-2-Octenal,=,0.049,mM
14,"2,2'-diaminodiethyl ether",(E)-2-Octenal,=,0.098,mM
14,"1,5-diaminopentane",(E)-2-Octenal,=,0.098,mM
14,"1,4-diaminobutane",(E)-2-Octenal,=,0.098,mM
14,p-Phenylenediamine,(E)-2-Octenal,>,12.5,mM
14,Polyethylenimine linear,(E)-2-Octenal,=,0.38,mM
14,"3,7-diazanonane-1,9-diamine",(E)-2-Octenal,=,0.196,mM
14,"(3-aminopropyl)-1,2-ethylenediamine",(E)-2-Octenal,=,0.39,mM
14,"1,6-Hexanediamine",(E)-2-Octenal,=,0.098,mM
14,"1,3-bis(aminomethyl)cyclohexane",(E)-2-Octenal,=,0.39,mM
14,1.9-diaminononane,(E)-2-Octenal,=,0.098,mM
14,"2,2'-(ethylenedioxy)bis(ethylamine)",(E)-2-Octenal,=,0.049,mM
14,"N'-(2-aminoethyl)-N'-methylethane-1,2-diamine",(E)-2-Octenal,=,0.049,mM
14,Bis(3-aminopropyl)amine,(E)-2-Octenal,=,0.75,mM
14,"3,3'-Diamino-N-methyldipropylamine",(E)-2-Octenal,=,0.098,mM
14,Spermine,(E)-2-Octenal,=,0.75,mM
14,"1,11-diamino-3,6,9-trioxaundecane",1H-Imidazole-2-carboxaldehyde,=,0.39,mM
14,"1,6-Hexanediamine",1H-Imidazole-2-carboxaldehyde,=,3.12,mM
14,"1,5-diamino-3-azapentane",1H-Imidazole-2-carboxaldehyde,=,0.78,mM
14,"1,11-diamino-3,6,9-trioxaundecane",4-Ethynylbenzaldehyde,=,3.12,mM
14,"1,5-diamino-3-azapentane",4-Ethynylbenzaldehyde,>,12.5,mM
14,"1,6-Hexanediamine","3,4-Dihydroxybenzaldehyde",=,6.25,mM
14,"1,11-diamino-3,6,9-trioxaundecane",(E)-Dec-2-enal,=,0.024,mM
14,"1,6-Hexanediamine",(E)-Dec-2-enal,=,0.098,mM
14,"N-bis-(2-amino-ethyl)-ethane-1,2-diamine","2,6-Dimethyl-5-heptenal",=,3.12,mM
14,"2,2-bis(2-aminoethoxy)propane","2,6-Dimethyl-5-heptenal",>,12.5,mM
14,"1,7-Diaminoheptane","2,6-Dimethyl-5-heptenal",=,3.12,mM
14,"2,2'-diaminodiethyl ether","2,6-Dimethyl-5-heptenal",>,12.5,mM
14,"1,11-diamino-3,6,9-trioxaundecane","2,6-Dimethyl-5-heptenal",=,12.5,mM
14,"1,4-diaminobutane","2,6-Dimethyl-5-heptenal",=,3.12,mM
14,"2,5-Bis(aminomethyl)furan","2,6-Dimethyl-5-heptenal",=,6.25,mM
14,"1,8-diaminooctan","2,6-Dimethyl-5-heptenal",=,1.56,mM
14,"3,7-diazanonane-1,9-diamine","2,6-Dimethyl-5-heptenal",=,6.25,mM
14,"(3-aminopropyl)-1,2-ethylenediamine","2,6-Dimethyl-5-heptenal",=,12.5,mM
14,"1,3-di(aminomethyl)benzene","2,6-Dimethyl-5-heptenal",=,12.5,mM
14,"1,3-bis(aminomethyl)cyclohexane","2,6-Dimethyl-5-heptenal",=,12.5,mM
14,1.9-diaminononane,"2,6-Dimethyl-5-heptenal",=,1.56,mM
14,"2,2'-(ethylenedioxy)bis(ethylamine)","2,6-Dimethyl-5-heptenal",=,3.12,mM
14,"N'-(2-aminoethyl)-N'-methylethane-1,2-diamine","2,6-Dimethyl-5-heptenal",>,12.5,mM
14,Spermidine,"2,6-Dimethyl-5-heptenal",=,6.25,mM
14,"1,5-diamino-3-azapentane","2,6-Dimethyl-5-heptenal",=,6.25,mM
14,Bis(3-aminopropyl)amine,"2,6-Dimethyl-5-heptenal",=,3.12,mM
14,"3,3'-Diamino-N-methyldipropylamine","2,6-Dimethyl-5-heptenal",=,12.5,mM
14,Spermine,"2,6-Dimethyl-5-heptenal",=,6.25,mM
14,"1,11-diamino-3,6,9-trioxaundecane",4-Nitrobenzaldehyde,=,1.56,mM
14,"1,6-Hexanediamine",4-Nitrobenzaldehyde,=,3.12,mM
14,"1,11-diamino-3,6,9-trioxaundecane",Hexanal,=,0.39,mM
14,"1,6-Hexanediamine",Hexanal,=,0.048,mM
14,"1,5-diamino-3-azapentane",Hexanal,=,0.78,mM
14,"1,11-diamino-3,6,9-trioxaundecane",Vanillin,=,12.5,mM
14,"1,6-Hexanediamine",Vanillin,=,6.25,mM
14,"1,5-diamino-3-azapentane",Vanillin,=,1.5,mM
14,"1,11-diamino-3,6,9-trioxaundecane",Octyl aldehyde,=,0.024,mM
14,"1,6-Hexanediamine",Octyl aldehyde,=,0.098,mM
14,"1,5-diamino-3-azapentane",Octyl aldehyde,=,0.39,mM
14,"1,5-diamino-3-azapentane",Nonyl aldehyde,=,0.098,mM
14,"N-bis-(2-amino-ethyl)-ethane-1,2-diamine",Trans-2-pentenal,=,6.25,mM
14,"2,2-bis(2-aminoethoxy)propane",Trans-2-pentenal,=,1.56,mM
14,"1,7-Diaminoheptane",Trans-2-pentenal,=,0.39,mM
14,"2,2'-diaminodiethyl ether",Trans-2-pentenal,=,3.12,mM
14,"1,11-diamino-3,6,9-trioxaundecane",Trans-2-pentenal,=,3.12,mM
14,"1,5-diaminopentane",Trans-2-pentenal,=,1.56,mM
14,"1,4-diaminobutane",Trans-2-pentenal,=,0.19,mM
14,"1,8-diaminooctan",Trans-2-pentenal,=,0.39,mM
14,"3,7-diazanonane-1,9-diamine",Trans-2-pentenal,=,6.25,mM
14,"(3-aminopropyl)-1,2-ethylenediamine",Trans-2-pentenal,=,6.25,mM
14,"1,6-Hexanediamine",Trans-2-pentenal,=,0.19,mM
14,"1,3-bis(aminomethyl)cyclohexane",Trans-2-pentenal,=,1.56,mM
14,1.9-diaminononane,Trans-2-pentenal,=,0.098,mM
14,"N'-(2-aminoethyl)-N'-methylethane-1,2-diamine",Trans-2-pentenal,=,0.78,mM
14,"1,5-diamino-3-azapentane",Trans-2-pentenal,=,6.25,mM
14,Bis(3-aminopropyl)amine,Trans-2-pentenal,=,0.39,mM
14,"1,6-Hexanediamine",citronellal,=,0.048,mM
14,"1,5-diamino-3-azapentane",citronellal,=,1.56,mM
14,"1,11-diamino-3,6,9-trioxaundecane",2-Pyridinecarboxaldehyde,=,3.12,mM
14,"1,5-diamino-3-azapentane",2-Pyridinecarboxaldehyde,=,12.5,mM
14,"1,11-diamino-3,6,9-trioxaundecane",(E)-hept-2-enal,=,0.049,mM
14,"1,6-Hexanediamine",(E)-hept-2-enal,=,0.048,mM
14,"1,5-diamino-3-azapentane",(E)-hept-2-enal,=,1.5,mM
14,"1,11-diamino-3,6,9-trioxaundecane","(2E,4E)-deca-2,4-dienal",=,0.049,mM
14,"1,5-diamino-3-azapentane","(2E,4E)-deca-2,4-dienal",=,0.75,mM
14,"1,11-diamino-3,6,9-trioxaundecane",Cinnamaldehyde,=,0.19,mM
14,"1,6-Hexanediamine",Cinnamaldehyde,=,0.39,mM
14,"1,5-diamino-3-azapentane",Cinnamaldehyde,=,3,mM
14,"1,11-diamino-3,6,9-trioxaundecane",p-Bromo benzaldehyde,=,6.25,mM
14,"1,6-Hexanediamine",p-Bromo benzaldehyde,=,6.25,mM
14,"1,11-diamino-3,6,9-trioxaundecane",(E)-non-2-enal,=,0.048,mM
14,"1,6-Hexanediamine",(E)-non-2-enal,=,0.098,mM
14,"1,5-diamino-3-azapentane",(E)-non-2-enal,=,0.38,mM
14,"1,11-diamino-3,6,9-trioxaundecane","(2E)-nona-2,6-dienal",=,0.098,mM
14,"1,6-Hexanediamine","(2E)-nona-2,6-dienal",=,0.19,mM
14,"1,5-diamino-3-azapentane","(2E)-nona-2,6-dienal",=,0.19,mM
14,"1,11-diamino-3,6,9-trioxaundecane",Citral,=,0.098,mM
14,"1,5-diamino-3-azapentane",Citral,=,0.19,mM
14,"1,11-diamino-3,6,9-trioxaundecane",(E)-hex-2-enal,=,0.19,mM
14,"1,6-Hexanediamine",(E)-hex-2-enal,=,0.39,mM
14,"1,5-diamino-3-azapentane",(E)-hex-2-enal,=,3,mM
14,"1,5-diamino-3-azapentane",Formaldehyde,=,12.5,mM
15,"N-bis-(2-amino-ethyl)-ethane-1,2-diamine",(E)-2-Octenal,=,0.196,mM
15,"2,2-bis(2-aminoethoxy)propane",(E)-2-Octenal,=,0.098,mM
15,"1,7-Diaminoheptane",(E)-2-Octenal,=,0.049,mM
15,"2,2'-diaminodiethyl ether",(E)-2-Octenal,=,0.098,mM
15,"1,11-diamino-3,6,9-trioxaundecane",(E)-2-Octenal,=,0.098,mM
15,"1,4-diaminobutane",(E)-2-Octenal,=,0.098,mM
15,p-Phenylenediamine,(E)-2-Octenal,>,12.5,mM
15,Polyethylenimine linear,(E)-2-Octenal,=,0.38,mM
15,"3,7-diazanonane-1,9-diamine",(E)-2-Octenal,=,0.196,mM
15,"(3-aminopropyl)-1,2-ethylenediamine",(E)-2-Octenal,=,0.39,mM
15,"1,6-Hexanediamine",(E)-2-Octenal,=,0.098,mM
15,1.9-diaminononane,(E)-2-Octenal,=,0.098,mM
15,"2,2',2''-triaminotriethylamine",(E)-2-Octenal,=,0.098,mM
15,"N'-(2-aminoethyl)-N'-methylethane-1,2-diamine",(E)-2-Octenal,=,0.049,mM
15,"1,5-diamino-3-azapentane",(E)-2-Octenal,=,0.38,mM
15,"3,3'-Diamino-N-methyldipropylamine",(E)-2-Octenal,=,0.098,mM
15,Spermine,(E)-2-Octenal,=,0.75,mM
15,"1,11-diamino-3,6,9-trioxaundecane",1H-Imidazole-2-carboxaldehyde,=,0.39,mM
15,"1,6-Hexanediamine",1H-Imidazole-2-carboxaldehyde,=,3.12,mM
15,"1,5-diamino-3-azapentane",1H-Imidazole-2-carboxaldehyde,=,0.78,mM
15,"1,11-diamino-3,6,9-trioxaundecane",4-Ethynylbenzaldehyde,=,3.12,mM
15,"1,5-diamino-3-azapentane",4-Ethynylbenzaldehyde,>,12.5,mM
15,"1,6-Hexanediamine","3,4-Dihydroxybenzaldehyde",=,6.25,mM
15,"1,11-diamino-3,6,9-trioxaundecane",(E)-Dec-2-enal,=,0.024,mM
15,"1,6-Hexanediamine",(E)-Dec-2-enal,=,0.098,mM
15,"1,5-diamino-3-azapentane",(E)-Dec-2-enal,=,1.5,mM
15,"N-bis-(2-amino-ethyl)-ethane-1,2-diamine","2,6-Dimethyl-5-heptenal",=,3.12,mM
15,"2,2-bis(2-aminoethoxy)propane","2,6-Dimethyl-5-heptenal",>,12.5,mM
15,(Z)-[bis(2-aminoethyl)amino]-hydroxyimino-oxidoazanium,"2,6-Dimethyl-5-heptenal",=,6.25,mM
15,cystamine dihydrochloride,"2,6-Dimethyl-5-heptenal",=,6.25,mM
15,"1,7-Diaminoheptane","2,6-Dimethyl-5-heptenal",=,3.12,mM
15,"2,2'-diaminodiethyl ether","2,6-Dimethyl-5-heptenal",>,12.5,mM
15,"1,5-diaminopentane","2,6-Dimethyl-5-heptenal",=,6.25,mM
15,"2,5-Bis(aminomethyl)furan","2,6-Dimethyl-5-heptenal",=,6.25,mM
15,"1,8-diaminooctan","2,6-Dimethyl-5-heptenal",=,1.56,mM
15,p-Phenylenediamine,"2,6-Dimethyl-5-heptenal",=,1.56,mM
15,"3,7-diazanonane-1,9-diamine","2,6-Dimethyl-5-heptenal",=,6.25,mM
15,"1,6-Hexanediamine","2,6-Dimethyl-5-heptenal",=,6.25,mM
15,"1,3-bis(aminomethyl)cyclohexane","2,6-Dimethyl-5-heptenal",=,12.5,mM
15,1.9-diaminononane,"2,6-Dimethyl-5-heptenal",=,1.56,mM
15,"2,2'-(ethylenedioxy)bis(ethylamine)","2,6-Dimethyl-5-heptenal",=,3.12,mM
15,"N'-(2-aminoethyl)-N'-methylethane-1,2-diamine","2,6-Dimethyl-5-heptenal",>,12.5,mM
15,Spermidine,"2,6-Dimethyl-5-heptenal",=,6.25,mM
15,"3,3'-Diamino-N-methyldipropylamine","2,6-Dimethyl-5-heptenal",=,12.5,mM
15,"1,11-diamino-3,6,9-trioxaundecane",4-Nitrobenzaldehyde,=,1.56,mM
15,"1,6-Hexanediamine",4-Nitrobenzaldehyde,=,3.12,mM
15,"1,5-diamino-3-azapentane",4-Nitrobenzaldehyde,=,3.12,mM
15,"1,11-diamino-3,6,9-trioxaundecane",Hexanal,=,0.39,mM
15,"1,6-Hexanediamine",Hexanal,=,0.048,mM
15,"1,5-diamino-3-azapentane",Hexanal,=,0.78,mM
15,"1,11-diamino-3,6,9-trioxaundecane",Vanillin,=,12.5,mM
15,"1,6-Hexanediamine",Vanillin,=,6.25,mM
15,"1,5-diamino-3-azapentane",Vanillin,=,1.5,mM
15,"1,11-diamino-3,6,9-trioxaundecane",Octyl aldehyde,=,0.024,mM
15,"1,5-diamino-3-azapentane",Octyl aldehyde,=,0.39,mM
15,"1,6-Hexanediamine",Nonyl aldehyde,=,0.19,mM
15,"1,5-diamino-3-azapentane",Nonyl aldehyde,=,0.098,mM
15,"N-bis-(2-amino-ethyl)-ethane-1,2-diamine",Trans-2-pentenal,=,6.25,mM
15,(Z)-[bis(2-aminoethyl)amino]-hydroxyimino-oxidoazanium,Trans-2-pentenal,=,0.39,mM
15,"1,7-Diaminoheptane",Trans-2-pentenal,=,0.39,mM
15,"2,2'-diaminodiethyl ether",Trans-2-pentenal,=,3.12,mM
15,"1,11-diamino-3,6,9-trioxaundecane",Trans-2-pentenal,=,3.12,mM
15,"1,4-diaminobutane",Trans-2-pentenal,=,0.19,mM
15,"1,8-diaminooctan",Trans-2-pentenal,=,0.39,mM
15,p-Phenylenediamine,Trans-2-pentenal,>,12.5,mM
15,"(3-aminopropyl)-1,2-ethylenediamine",Trans-2-pentenal,=,6.25,mM
15,"1,6-Hexanediamine",Trans-2-pentenal,=,0.19,mM
15,"1,3-bis(aminomethyl)cyclohexane",Trans-2-pentenal,=,1.56,mM
15,1.9-diaminononane,Trans-2-pentenal,=,0.098,mM
15,"2,2'-(ethylenedioxy)bis(ethylamine)",Trans-2-pentenal,=,3.12,mM
15,Bis(3-aminopropyl)amine,Trans-2-pentenal,=,0.39,mM
15,"3,3'-Diamino-N-methyldipropylamine",Trans-2-pentenal,=,3.12,mM
15,"1,11-diamino-3,6,9-trioxaundecane",citronellal,=,0.0061,mM
15,"1,6-Hexanediamine",citronellal,=,0.048,mM
15,"1,11-diamino-3,6,9-trioxaundecane",2-Pyridinecarboxaldehyde,=,3.12,mM
15,"1,6-Hexanediamine",2-Pyridinecarboxaldehyde,=,3.12,mM
15,"1,5-diamino-3-azapentane",2-Pyridinecarboxaldehyde,=,12.5,mM
15,"1,11-diamino-3,6,9-trioxaundecane",(E)-hept-2-enal,=,0.049,mM
15,"1,6-Hexanediamine",(E)-hept-2-enal,=,0.048,mM
15,"1,5-diamino-3-azapentane",(E)-hept-2-enal,=,1.5,mM
15,"1,11-diamino-3,6,9-trioxaundecane","(2E,4E)-deca-2,4-dienal",=,0.049,mM
15,"1,11-diamino-3,6,9-trioxaundecane",Cinnamaldehyde,=,0.19,mM
15,"1,6-Hexanediamine",Cinnamaldehyde,=,0.39,mM
15,"1,5-diamino-3-azapentane",Cinnamaldehyde,=,3,mM
15,"1,11-diamino-3,6,9-trioxaundecane",p-Bromo benzaldehyde,=,6.25,mM
15,"1,6-Hexanediamine",p-Bromo benzaldehyde,=,6.25,mM
15,"1,5-diamino-3-azapentane",p-Bromo benzaldehyde,=,3.12,mM
15,"1,11-diamino-3,6,9-trioxaundecane",(E)-non-2-enal,=,0.048,mM
15,"1,6-Hexanediamine",(E)-non-2-enal,=,0.098,mM
15,"1,5-diamino-3-azapentane",(E)-non-2-enal,=,0.38,mM
15,"1,11-diamino-3,6,9-trioxaundecane","(2E)-nona-2,6-dienal",=,0.098,mM
15,"1,5-diamino-3-azapentane","(2E)-nona-2,6-dienal",=,0.19,mM
15,"1,11-diamino-3,6,9-trioxaundecane",Citral,=,0.098,mM
15,"1,6-Hexanediamine",Citral,=,0.19,mM
15,"1,5-diamino-3-azapentane",Citral,=,0.19,mM
15,"1,11-diamino-3,6,9-trioxaundecane",(E)-hex-2-enal,=,0.19,mM
15,"1,6-Hexanediamine",(E)-hex-2-enal,=,0.39,mM
15,"1,5-diamino-3-azapentane",(E)-hex-2-enal,=,3,mM
15,"1,11-diamino-3,6,9-trioxaundecane",Formaldehyde,=,3.12,mM
15,"1,5-diamino-3-azapentane",Formaldehyde,=,12.5,mM
16,"2,2-bis(2-aminoethoxy)propane",(E)-2-Octenal,=,0.098,mM
16,(Z)-[bis(2-aminoethyl)amino]-hydroxyimino-oxidoazanium,(E)-2-Octenal,=,0.098,mM
16,"1,7-Diaminoheptane",(E)-2-Octenal,=,0.049,mM
16,"1,11-diamino-3,6,9-trioxaundecane",(E)-2-Octenal,=,0.098,mM
16,"1,5-diaminopentane",(E)-2-Octenal,=,0.098,mM
16,"1,8-diaminooctan",(E)-2-Octenal,=,0.098,mM
16,p-Phenylenediamine,(E)-2-Octenal,>,12.5,mM
16,Polyethylenimine linear,(E)-2-Octenal,=,0.38,mM
16,"3,7-diazanonane-1,9-diamine",(E)-2-Octenal,=,0.196,mM
16,"(3-aminopropyl)-1,2-ethylenediamine",(E)-2-Octenal,=,0.39,mM
16,"1,6-Hexanediamine",(E)-2-Octenal,=,0.098,mM
16,"1,3-bis(aminomethyl)cyclohexane",(E)-2-Octenal,=,0.39,mM
16,1.9-diaminononane,(E)-2-Octenal,=,0.098,mM
16,"2,2'-(ethylenedioxy)bis(ethylamine)",(E)-2-Octenal,=,0.049,mM
16,"2,2',2''-triaminotriethylamine",(E)-2-Octenal,=,0.098,mM
16,"N'-(2-aminoethyl)-N'-methylethane-1,2-diamine",(E)-2-Octenal,=,0.049,mM
16,Bis(3-aminopropyl)amine,(E)-2-Octenal,=,0.75,mM
16,"3,3'-Diamino-N-methyldipropylamine",(E)-2-Octenal,=,0.098,mM
16,Spermine,(E)-2-Octenal,=,0.75,mM
16,"1,11-diamino-3,6,9-trioxaundecane",1H-Imidazole-2-carboxaldehyde,=,0.39,mM
16,"1,6-Hexanediamine",1H-Imidazole-2-carboxaldehyde,=,3.12,mM
16,"1,5-diamino-3-azapentane",1H-Imidazole-2-carboxaldehyde,=,0.78,mM
16,"1,5-diamino-3-azapentane",4-Ethynylbenzaldehyde,>,12.5,mM
16,"1,11-diamino-3,6,9-trioxaundecane","3,4-Dihydroxybenzaldehyde",=,6.25,mM
16,"1,11-diamino-3,6,9-trioxaundecane",(E)-Dec-2-enal,=,0.024,mM
16,"1,5-diamino-3-azapentane",(E)-Dec-2-enal,=,1.5,mM
16,"N-bis-(2-amino-ethyl)-ethane-1,2-diamine","2,6-Dimethyl-5-heptenal",=,3.12,mM
16,"2,2-bis(2-aminoethoxy)propane","2,6-Dimethyl-5-heptenal",>,12.5,mM
16,(Z)-[bis(2-aminoethyl)amino]-hydroxyimino-oxidoazanium,"2,6-Dimethyl-5-heptenal",=,6.25,mM
16,cystamine dihydrochloride,"2,6-Dimethyl-5-heptenal",=,6.25,mM
16,"1,7-Diaminoheptane","2,6-Dimethyl-5-heptenal",=,3.12,mM
16,"2,2'-diaminodiethyl ether","2,6-Dimethyl-5-heptenal",>,12.5,mM
16,"1,11-diamino-3,6,9-trioxaundecane","2,6-Dimethyl-5-heptenal",=,12.5,mM
16,"1,5-diaminopentane","2,6-Dimethyl-5-heptenal",=,6.25,mM
16,"1,4-diaminobutane","2,6-Dimethyl-5-heptenal",=,3.12,mM
16,"2,5-Bis(aminomethyl)furan","2,6-Dimethyl-5-heptenal",=,6.25,mM
16,p-Phenylenediamine,"2,6-Dimethyl-5-heptenal",=,1.56,mM
16,"(3-aminopropyl)-1,2-ethylenediamine","2,6-Dimethyl-5-heptenal",=,12.5,mM
16,"1,3-di(aminomethyl)benzene","2,6-Dimethyl-5-heptenal",=,12.5,mM
16,"1,3-bis(aminomethyl)cyclohexane","2,6-Dimethyl-5-heptenal",=,12.5,mM
16,1.9-diaminononane,"2,6-Dimethyl-5-heptenal",=,1.56,mM
16,"N'-(2-aminoethyl)-N'-methylethane-1,2-diamine","2,6-Dimethyl-5-heptenal",>,12.5,mM
16,"1,5-diamino-3-azapentane","2,6-Dimethyl-5-heptenal",=,6.25,mM
16,Bis(3-aminopropyl)amine,"2,6-Dimethyl-5-heptenal",=,3.12,mM
16,"3,3'-Diamino-N-methyldipropylamine","2,6-Dimethyl-5-heptenal",=,12.5,mM
16,Spermine,"2,6-Dimethyl-5-heptenal",=,6.25,mM
16,"1,6-Hexanediamine",4-Nitrobenzaldehyde,=,3.12,mM
16,"1,5-diamino-3-azapentane",4-Nitrobenzaldehyde,=,3.12,mM
16,"1,11-diamino-3,6,9-trioxaundecane",Hexanal,=,0.39,mM
16,"1,6-Hexanediamine",Hexanal,=,0.048,mM
16,"1,5-diamino-3-azapentane",Hexanal,=,0.78,mM
16,"1,11-diamino-3,6,9-trioxaundecane",Vanillin,=,12.5,mM
16,"1,6-Hexanediamine",Vanillin,=,6.25,mM
16,"1,5-diamino-3-azapentane",Vanillin,=,1.5,mM
16,"1,6-Hexanediamine",Octyl aldehyde,=,0.098,mM
16,"1,5-diamino-3-azapentane",Octyl aldehyde,=,0.39,mM
16,"1,6-Hexanediamine",Nonyl aldehyde,=,0.19,mM
16,"1,5-diamino-3-azapentane",Nonyl aldehyde,=,0.098,mM
16,"2,2-bis(2-aminoethoxy)propane",Trans-2-pentenal,=,1.56,mM
16,(Z)-[bis(2-aminoethyl)amino]-hydroxyimino-oxidoazanium,Trans-2-pentenal,=,0.39,mM
16,"1,7-Diaminoheptane",Trans-2-pentenal,=,0.39,mM
16,"2,2'-diaminodiethyl ether",Trans-2-pentenal,=,3.12,mM
16,"1,11-diamino-3,6,9-trioxaundecane",Trans-2-pentenal,=,3.12,mM
16,"1,5-diaminopentane",Trans-2-pentenal,=,1.56,mM
16,"1,4-diaminobutane",Trans-2-pentenal,=,0.19,mM
16,"1,8-diaminooctan",Trans-2-pentenal,=,0.39,mM
16,p-Phenylenediamine,Trans-2-pentenal,>,12.5,mM
16,"3,7-diazanonane-1,9-diamine",Trans-2-pentenal,=,6.25,mM
16,"(3-aminopropyl)-1,2-ethylenediamine",Trans-2-pentenal,=,6.25,mM
16,"1,6-Hexanediamine",Trans-2-pentenal,=,0.19,mM
16,"1,3-bis(aminomethyl)cyclohexane",Trans-2-pentenal,=,1.56,mM
16,1.9-diaminononane,Trans-2-pentenal,=,0.098,mM
16,"N'-(2-aminoethyl)-N'-methylethane-1,2-diamine",Trans-2-pentenal,=,0.78,mM
16,"1,5-diamino-3-azapentane",Trans-2-pentenal,=,6.25,mM
16,Bis(3-aminopropyl)amine,Trans-2-pentenal,=,0.39,mM
16,"1,6-Hexanediamine",citronellal,=,0.048,mM
16,"1,5-diamino-3-azapentane",citronellal,=,1.56,mM
16,"1,11-diamino-3,6,9-trioxaundecane",2-Pyridinecarboxaldehyde,=,3.12,mM
16,"1,5-diamino-3-azapentane",2-Pyridinecarboxaldehyde,=,12.5,mM
16,"1,11-diamino-3,6,9-trioxaundecane",(E)-hept-2-enal,=,0.049,mM
16,"1,6-Hexanediamine",(E)-hept-2-enal,=,0.048,mM
16,"1,5-diamino-3-azapentane",(E)-hept-2-enal,=,1.5,mM
16,"1,11-diamino-3,6,9-trioxaundecane","(2E,4E)-deca-2,4-dienal",=,0.049,mM
16,"1,6-Hexanediamine","(2E,4E)-deca-2,4-dienal",=,0.19,mM
16,"1,5-diamino-3-azapentane","(2E,4E)-deca-2,4-dienal",=,0.75,mM
16,"1,11-diamino-3,6,9-trioxaundecane",Cinnamaldehyde,=,0.19,mM
16,"1,6-Hexanediamine",Cinnamaldehyde,=,0.39,mM
16,"1,5-diamino-3-azapentane",Cinnamaldehyde,=,3,mM
16,"1,11-diamino-3,6,9-trioxaundecane",p-Bromo benzaldehyde,=,6.25,mM
16,"1,6-Hexanediamine",p-Bromo benzaldehyde,=,6.25,mM
16,"1,5-diamino-3-azapentane",p-Bromo benzaldehyde,=,3.12,mM
16,"1,11-diamino-3,6,9-trioxaundecane",(E)-non-2-enal,=,0.048,mM
16,"1,5-diamino-3-azapentane",(E)-non-2-enal,=,0.38,mM
16,"1,11-diamino-3,6,9-trioxaundecane","(2E)-nona-2,6-dienal",=,0.098,mM
16,"1,5-diamino-3-azapentane","(2E)-nona-2,6-dienal",=,0.19,mM
16,"1,11-diamino-3,6,9-trioxaundecane",Citral,=,0.098,mM
16,"1,6-Hexanediamine",Citral,=,0.19,mM
16,"1,5-diamino-3-azapentane",Citral,=,0.19,mM
16,"1,11-diamino-3,6,9-trioxaundecane",Formaldehyde,=,3.12,mM
16,"1,5-diamino-3-azapentane",Formaldehyde,=,12.5,mM
17,"N-bis-(2-amino-ethyl)-ethane-1,2-diamine",(E)-2-Octenal,=,0.196,mM
17,"2,2-bis(2-aminoethoxy)propane",(E)-2-Octenal,=,0.098,mM
17,(Z)-[bis(2-aminoethyl)amino]-hydroxyimino-oxidoazanium,(E)-2-Octenal,=,0.098,mM
17,"1,7-Diaminoheptane",(E)-2-Octenal,=,0.049,mM
17,"2,2'-diaminodiethyl ether",(E)-2-Octenal,=,0.098,mM
17,"1,11-diamino-3,6,9-trioxaundecane",(E)-2-Octenal,=,0.098,mM
17,"1,5-diaminopentane",(E)-2-Octenal,=,0.098,mM
17,"1,8-diaminooctan",(E)-2-Octenal,=,0.098,mM
17,p-Phenylenediamine,(E)-2-Octenal,>,12.5,mM
17,Polyethylenimine linear,(E)-2-Octenal,=,0.38,mM
17,"3,7-diazanonane-1,9-diamine",(E)-2-Octenal,=,0.196,mM
17,"(3-aminopropyl)-1,2-ethylenediamine",(E)-2-Octenal,=,0.39,mM
17,"1,6-Hexanediamine",(E)-2-Octenal,=,0.098,mM
17,"2,2'-(ethylenedioxy)bis(ethylamine)",(E)-2-Octenal,=,0.049,mM
17,"1,5-diamino-3-azapentane",(E)-2-Octenal,=,0.38,mM
17,"3,3'-Diamino-N-methyldipropylamine",(E)-2-Octenal,=,0.098,mM
17,Spermine,(E)-2-Octenal,=,0.75,mM
17,"1,11-diamino-3,6,9-trioxaundecane",1H-Imidazole-2-carboxaldehyde,=,0.39,mM
17,"1,6-Hexanediamine",1H-Imidazole-2-carboxaldehyde,=,3.12,mM
17,"1,5-diamino-3-azapentane",1H-Imidazole-2-carboxaldehyde,=,0.78,mM
17,"1,5-diamino-3-azapentane",4-Ethynylbenzaldehyde,>,12.5,mM
17,"1,11-diamino-3,6,9-trioxaundecane","3,4-Dihydroxybenzaldehyde",=,6.25,mM
17,"1,6-Hexanediamine","3,4-Dihydroxybenzaldehyde",=,6.25,mM
17,"1,11-diamino-3,6,9-trioxaundecane",(E)-Dec-2-enal,=,0.024,mM
17,"N-bis-(2-amino-ethyl)-ethane-1,2-diamine","2,6-Dimethyl-5-heptenal",=,3.12,mM
17,"2,2-bis(2-aminoethoxy)propane","2,6-Dimethyl-5-heptenal",>,12.5,mM
17,(Z)-[bis(2-aminoethyl)amino]-hydroxyimino-oxidoazanium,"2,6-Dimethyl-5-heptenal",=,6.25,mM
17,cystamine dihydrochloride,"2,6-Dimethyl-5-heptenal",=,6.25,mM
17,"1,7-Diaminoheptane","2,6-Dimethyl-5-heptenal",=,3.12,mM
17,"1,4-diaminobutane","2,6-Dimethyl-5-heptenal",=,3.12,mM
17,"2,5-Bis(aminomethyl)furan","2,6-Dimethyl-5-heptenal",=,6.25,mM
17,"1,8-diaminooctan","2,6-Dimethyl-5-heptenal",=,1.56,mM
17,p-Phenylenediamine,"2,6-Dimethyl-5-heptenal",=,1.56,mM
17,"(3-aminopropyl)-1,2-ethylenediamine","2,6-Dimethyl-5-heptenal",=,12.5,mM
17,"1,3-di(aminomethyl)benzene","2,6-Dimethyl-5-heptenal",=,12.5,mM
17,"1,3-bis(aminomethyl)cyclohexane","2,6-Dimethyl-5-heptenal",=,12.5,mM
17,1.9-diaminononane,"2,6-Dimethyl-5-heptenal",=,1.56,mM
17,"2,2'-(ethylenedioxy)bis(ethylamine)","2,6-Dimethyl-5-heptenal",=,3.12,mM
17,"N'-(2-aminoethyl)-N'-methylethane-1,2-diamine","2,6-Dimethyl-5-heptenal",>,12.5,mM
17,Bis(3-aminopropyl)amine,"2,6-Dimethyl-5-heptenal",=,3.12,mM
17,"3,3'-Diamino-N-methyldipropylamine","2,6-Dimethyl-5-heptenal",=,12.5,mM
17,Spermine,"2,6-Dimethyl-5-heptenal",=,6.25,mM
17,"1,11-diamino-3,6,9-trioxaundecane",4-Nitrobenzaldehyde,=,1.56,mM
17,"1,6-Hexanediamine",4-Nitrobenzaldehyde,=,3.12,mM
17,"1,5-diamino-3-azapentane",4-Nitrobenzaldehyde,=,3.12,mM
17,"1,11-diamino-3,6,9-trioxaundecane",Hexanal,=,0.39,mM
17,"1,6-Hexanediamine",Hexanal,=,0.048,mM
17,"1,5-diamino-3-azapentane",Hexanal,=,0.78,mM
17,"1,11-diamino-3,6,9-trioxaundecane",Vanillin,=,12.5,mM
17,"1,6-Hexanediamine",Vanillin,=,6.25,mM
17,"1,5-diamino-3-azapentane",Vanillin,=,1.5,mM
17,"1,11-diamino-3,6,9-trioxaundecane",Octyl aldehyde,=,0.024,mM
17,"1,6-Hexanediamine",Octyl aldehyde,=,0.098,mM
17,"1,5-diamino-3-azapentane",Octyl aldehyde,=,0.39,mM
17,"1,6-Hexanediamine",Nonyl aldehyde,=,0.19,mM
17,"1,5-diamino-3-azapentane",Nonyl aldehyde,=,0.098,mM
17,"N-bis-(2-amino-ethyl)-ethane-1,2-diamine",Trans-2-pentenal,=,6.25,mM
17,"2,2-bis(2-aminoethoxy)propane",Trans-2-pentenal,=,1.56,mM
17,(Z)-[bis(2-aminoethyl)amino]-hydroxyimino-oxidoazanium,Trans-2-pentenal,=,0.39,mM
17,"1,7-Diaminoheptane",Trans-2-pentenal,=,0.39,mM
17,"2,2'-diaminodiethyl ether",Trans-2-pentenal,=,3.12,mM
17,"1,11-diamino-3,6,9-trioxaundecane",Trans-2-pentenal,=,3.12,mM
17,"1,5-diaminopentane",Trans-2-pentenal,=,1.56,mM
17,"1,4-diaminobutane",Trans-2-pentenal,=,0.19,mM
17,"1,8-diaminooctan",Trans-2-pentenal,=,0.39,mM
17,p-Phenylenediamine,Trans-2-pentenal,>,12.5,mM
17,"3,7-diazanonane-1,9-diamine",Trans-2-pentenal,=,6.25,mM
17,"(3-aminopropyl)-1,2-ethylenediamine",Trans-2-pentenal,=,6.25,mM
17,"1,3-bis(aminomethyl)cyclohexane",Trans-2-pentenal,=,1.56,mM
17,"2,2'-(ethylenedioxy)bis(ethylamine)",Trans-2-pentenal,=,3.12,mM
17,"N'-(2-aminoethyl)-N'-methylethane-1,2-diamine",Trans-2-pentenal,=,0.78,mM
17,"1,5-diamino-3-azapentane",Trans-2-pentenal,=,6.25,mM
17,Bis(3-aminopropyl)amine,Trans-2-pentenal,=,0.39,mM
17,"3,3'-Diamino-N-methyldipropylamine",Trans-2-pentenal,=,3.12,mM
17,"1,11-diamino-3,6,9-trioxaundecane",citronellal,=,0.0061,mM
17,"1,6-Hexanediamine",citronellal,=,0.048,mM
17,"1,11-diamino-3,6,9-trioxaundecane",2-Pyridinecarboxaldehyde,=,3.12,mM
17,"1,6-Hexanediamine",2-Pyridinecarboxaldehyde,=,3.12,mM
17,"1,5-diamino-3-azapentane",2-Pyridinecarboxaldehyde,=,12.5,mM
17,"1,11-diamino-3,6,9-trioxaundecane",(E)-hept-2-enal,=,0.049,mM
17,"1,6-Hexanediamine",(E)-hept-2-enal,=,0.048,mM
17,"1,5-diamino-3-azapentane",(E)-hept-2-enal,=,1.5,mM
17,"1,11-diamino-3,6,9-trioxaundecane","(2E,4E)-deca-2,4-dienal",=,0.049,mM
17,"1,5-diamino-3-azapentane","(2E,4E)-deca-2,4-dienal",=,0.75,mM
17,"1,11-diamino-3,6,9-trioxaundecane",Cinnamaldehyde,=,0.19,mM
17,"1,6-Hexanediamine",Cinnamaldehyde,=,0.39,mM
17,"1,5-diamino-3-azapentane",Cinnamaldehyde,=,3,mM
17,"1,11-diamino-3,6,9-trioxaundecane",p-Bromo benzaldehyde,=,6.25,mM
17,"1,6-Hexanediamine",p-Bromo benzaldehyde,=,6.25,mM
17,"1,5-diamino-3-azapentane",p-Bromo benzaldehyde,=,3.12,mM
17,"1,6-Hexanediamine",(E)-non-2-enal,=,0.098,mM
17,"1,5-diamino-3-azapentane",(E)-non-2-enal,=,0.38,mM
17,"1,6-Hexanediamine","(2E)-nona-2,6-dienal",=,0.19,mM
17,"1,5-diamino-3-azapentane","(2E)-nona-2,6-dienal",=,0.19,mM
17,"1,11-diamino-3,6,9-trioxaundecane",Citral,=,0.098,mM
17,"1,6-Hexanediamine",Citral,=,0.19,mM
17,"1,5-diamino-3-azapentane",Citral,=,0.19,mM
17,"1,6-Hexanediamine",(E)-hex-2-enal,=,0.39,mM
17,"1,11-diamino-3,6,9-trioxaundecane",Formaldehyde,=,3.12,mM
17,"1,5-diamino-3-azapentane",Formaldehyde,=,12.5,mM
18,"2,2-bis(2-aminoethoxy)propane",(E)-2-Octenal,=,0.098,mM
18,"1,7-Diaminoheptane",(E)-2-Octenal,=,0.049,mM
18,"1,4-diaminobutane",(E)-2-Octenal,=,0.098,mM
18,"1,8-diaminooctan",(E)-2-Octenal,=,0.098,mM
18,p-Phenylenediamine,(E)-2-Octenal,>,12.5,mM
18,"3,7-diazanonane-1,9-diamine",(E)-2-Octenal,=,0.196,mM
18,"1,6-Hexanediamine",(E)-2-Octenal,=,0.098,mM
18,"1,3-bis(aminomethyl)cyclohexane",(E)-2-Octenal,=,0.39,mM
18,1.9-diaminononane,(E)-2-Octenal,=,0.098,mM
18,"2,2'-(ethylenedioxy)bis(ethylamine)",(E)-2-Octenal,=,0.049,mM
18,"2,2',2''-triaminotriethylamine",(E)-2-Octenal,=,0.098,mM
18,"N'-(2-aminoethyl)-N'-methylethane-1,2-diamine",(E)-2-Octenal,=,0.049,mM
18,"1,5-diamino-3-azapentane",(E)-2-Octenal,=,0.38,mM
18,Bis(3-aminopropyl)amine,(E)-2-Octenal,=,0.75,mM
18,"3,3'-Diamino-N-methyldipropylamine",(E)-2-Octenal,=,0.098,mM
18,Spermine,(E)-2-Octenal,=,0.75,mM
18,"1,11-diamino-3,6,9-trioxaundecane",1H-Imidazole-2-carboxaldehyde,=,0.39,mM
18,"1,6-Hexanediamine",1H-Imidazole-2-carboxaldehyde,=,3.12,mM
18,"1,5-diamino-3-azapentane",1H-Imidazole-2-carboxaldehyde,=,0.78,mM
18,"1,11-diamino-3,6,9-trioxaundecane",4-Ethynylbenzaldehyde,=,3.12,mM
18,"1,5-diamino-3-azapentane",4-Ethynylbenzaldehyde,>,12.5,mM
18,"1,11-diamino-3,6,9-trioxaundecane","3,4-Dihydroxybenzaldehyde",=,6.25,mM
18,"1,6-Hexanediamine","3,4-Dihydroxybenzaldehyde",=,6.25,mM
18,"1,11-diamino-3,6,9-trioxaundecane",(E)-Dec-2-enal,=,0.024,mM
18,"1,6-Hexanediamine",(E)-Dec-2-enal,=,0.098,mM
18,"1,5-diamino-3-azapentane",(E)-Dec-2-enal,=,1.5,mM
18,"N-bis-(2-amino-ethyl)-ethane-1,2-diamine","2,6-Dimethyl-5-heptenal",=,3.12,mM
18,"2,2-bis(2-aminoethoxy)propane","2,6-Dimethyl-5-heptenal",>,12.5,mM
18,(Z)-[bis(2-aminoethyl)amino]-hydroxyimino-oxidoazanium,"2,6-Dimethyl-5-heptenal",=,6.25,mM
18,cystamine dihydrochloride,"2,6-Dimethyl-5-heptenal",=,6.25,mM
18,"1,7-Diaminoheptane","2,6-Dimethyl-5-heptenal",=,3.12,mM
18,"1,11-diamino-3,6,9-trioxaundecane","2,6-Dimethyl-5-heptenal",=,12.5,mM
18,"1,5-diaminopentane","2,6-Dimethyl-5-heptenal",=,6.25,mM
18,"2,5-Bis(aminomethyl)furan","2,6-Dimethyl-5-heptenal",=,6.25,mM
18,"1,8-diaminooctan","2,6-Dimethyl-5-heptenal",=,1.56,mM
18,p-Phenylenediamine,"2,6-Dimethyl-5-heptenal",=,1.56,mM
18,"3,7-diazanonane-1,9-diamine","2,6-Dimethyl-5-heptenal",=,6.25,mM
18,"1,6-Hexanediamine","2,6-Dimethyl-5-heptenal",=,6.25,mM
18,"1,3-di(aminomethyl)benzene","2,6-Dimethyl-5-heptenal",=,12.5,mM
18,1.9-diaminononane,"2,6-Dimethyl-5-heptenal",=,1.56,mM
18,"2,2',2''-triaminotriethylamine","2,6-Dimethyl-5-heptenal",=,3.12,mM
18,"N'-(2-aminoethyl)-N'-methylethane-1,2-diamine","2,6-Dimethyl-5-heptenal",>,12.5,mM
18,Spermidine,"2,6-Dimethyl-5-heptenal",=,6.25,mM
18,"1,5-diamino-3-azapentane","2,6-Dimethyl-5-heptenal",=,6.25,mM
18,Bis(3-aminopropyl)amine,"2,6-Dimethyl-5-heptenal",=,3.12,mM
18,Spermine,"2,6-Dimethyl-5-heptenal",=,6.25,mM
18,"1,11-diamino-3,6,9-trioxaundecane",4-Nitrobenzaldehyde,=,1.56,mM
18,"1,6-Hexanediamine",4-Nitrobenzaldehyde,=,3.12,mM
18,"1,5-diamino-3-azapentane",4-Nitrobenzaldehyde,=,3.12,mM
18,"1,11-diamino-3,6,9-trioxaundecane",Hexanal,=,0.39,mM
18,"1,11-diamino-3,6,9-trioxaundecane",Vanillin,=,12.5,mM
18,"1,6-Hexanediamine",Vanillin,=,6.25,mM
18,"1,5-diamino-3-azapentane",Vanillin,=,1.5,mM
18,"1,11-diamino-3,6,9-trioxaundecane",Octyl aldehyde,=,0.024,mM
18,"1,6-Hexanediamine",Octyl aldehyde,=,0.098,mM
18,"1,5-diamino-3-azapentane",Octyl aldehyde,=,0.39,mM
18,"1,6-Hexanediamine",Nonyl aldehyde,=,0.19,mM
18,"1,5-diamino-3-azapentane",Nonyl aldehyde,=,0.098,mM
18,"N-bis-(2-amino-ethyl)-ethane-1,2-diamine",Trans-2-pentenal,=,6.25,mM
18,"1,7-Diaminoheptane",Trans-2-pentenal,=,0.39,mM
18,"2,2'-diaminodiethyl ether",Trans-2-pentenal,=,3.12,mM
18,"1,11-diamino-3,6,9-trioxaundecane",Trans-2-pentenal,=,3.12,mM
18,"1,5-diaminopentane",Trans-2-pentenal,=,1.56,mM
18,"1,4-diaminobutane",Trans-2-pentenal,=,0.19,mM
18,"1,8-diaminooctan",Trans-2-pentenal,=,0.39,mM
18,p-Phenylenediamine,Trans-2-pentenal,>,12.5,mM
18,"3,7-diazanonane-1,9-diamine",Trans-2-pentenal,=,6.25,mM
18,"(3-aminopropyl)-1,2-ethylenediamine",Trans-2-pentenal,=,6.25,mM
18,"1,6-Hexanediamine",Trans-2-pentenal,=,0.19,mM
18,1.9-diaminononane,Trans-2-pentenal,=,0.098,mM
18,"2,2'-(ethylenedioxy)bis(ethylamine)",Trans-2-pentenal,=,3.12,mM
18,"N'-(2-aminoethyl)-N'-methylethane-1,2-diamine",Trans-2-pentenal,=,0.78,mM
18,"1,5-diamino-3-azapentane",Trans-2-pentenal,=,6.25,mM
18,Bis(3-aminopropyl)amine,Trans-2-pentenal,=,0.39,mM
18,"1,11-diamino-3,6,9-trioxaundecane",citronellal,=,0.0061,mM
18,"1,6-Hexanediamine",citronellal,=,0.048,mM
18,"1,5-diamino-3-azapentane",citronellal,=,1.56,mM
18,"1,6-Hexanediamine",2-Pyridinecarboxaldehyde,=,3.12,mM
18,"1,5-diamino-3-azapentane",2-Pyridinecarboxaldehyde,=,12.5,mM
18,"1,11-diamino-3,6,9-trioxaundecane",(E)-hept-2-enal,=,0.049,mM
18,"1,6-Hexanediamine",(E)-hept-2-enal,=,0.048,mM
18,"1,6-Hexanediamine","(2E,4E)-deca-2,4-dienal",=,0.19,mM
18,"1,5-diamino-3-azapentane","(2E,4E)-deca-2,4-dienal",=,0.75,mM
18,"1,11-diamino-3,6,9-trioxaundecane",Cinnamaldehyde,=,0.19,mM
18,"1,6-Hexanediamine",Cinnamaldehyde,=,0.39,mM
18,"1,5-diamino-3-azapentane",Cinnamaldehyde,=,3,mM
18,"1,11-diamino-3,6,9-trioxaundecane",p-Bromo benzaldehyde,=,6.25,mM
18,"1,5-diamino-3-azapentane",p-Bromo benzaldehyde,=,3.12,mM
18,"1,11-diamino-3,6,9-trioxaundecane",(E)-non-2-enal,=,0.048,mM
18,"1,6-Hexanediamine",(E)-non-2-enal,=,0.098,mM
18,"1,5-diamino-3-azapentane",(E)-non-2-enal,=,0.38,mM
18,"1,11-diamino-3,6,9-trioxaundecane","(2E)-nona-2,6-dienal",=,0.098,mM
18,"1,6-Hexanediamine","(2E)-nona-2,6-dienal",=,0.19,mM
18,"1,5-diamino-3-azapentane","(2E)-nona-2,6-dienal",=,0.19,mM
18,"1,11-diamino-3,6,9-trioxaundecane",Citral,=,0.098,mM
18,"1,5-diamino-3-azapentane",Citral,=,0.19,mM
18,"1,11-diamino-3,6,9-trioxaundecane",(E)-hex-2-enal,=,0.19,mM
18,"1,6-Hexanediamine",(E)-hex-2-enal,=,0.39,mM
18,"1,5-diamino-3-azapentane",(E)-hex-2-enal,=,3,mM
18,"1,11-diamino-3,6,9-trioxaundecane",Formaldehyde,=,3.12,mM
19,"N-bis-(2-amino-ethyl)-ethane-1,2-diamine",(E)-2-Octenal,=,0.196,mM
19,"2,2-bis(2-aminoethoxy)propane",(E)-2-Octenal,=,0.098,mM
19,(Z)-[bis(2-aminoethyl)amino]-hydroxyimino-oxidoazanium,(E)-2-Octenal,=,0.098,mM
19,"1,7-Diaminoheptane",(E)-2-Octenal,=,0.049,mM
19,"2,2'-diaminodiethyl ether",(E)-2-Octenal,=,0.098,mM
19,"1,5-diaminopentane",(E)-2-Octenal,=,0.098,mM
19,"1,4-diaminobutane",(E)-2-Octenal,=,0.098,mM
19,"1,8-diaminooctan",(E)-2-Octenal,=,0.098,mM
19,Polyethylenimine linear,(E)-2-Octenal,=,0.38,mM
19,"3,7-diazanonane-1,9-diamine",(E)-2-Octenal,=,0.196,mM
19,"(3-aminopropyl)-1,2-ethylenediamine",(E)-2-Octenal,=,0.39,mM
19,"1,6-Hexanediamine",(E)-2-Octenal,=,0.098,mM
19,"1,3-bis(aminomethyl)cyclohexane",(E)-2-Octenal,=,0.39,mM
19,1.9-diaminononane,(E)-2-Octenal,=,0.098,mM
19,"2,2',2''-triaminotriethylamine",(E)-2-Octenal,=,0.098,mM
19,"1,5-diamino-3-azapentane",(E)-2-Octenal,=,0.38,mM
19,Bis(3-aminopropyl)amine,(E)-2-Octenal,=,0.75,mM
19,"3,3'-Diamino-N-methyldipropylamine",(E)-2-Octenal,=,0.098,mM
19,Spermine,(E)-2-Octenal,=,0.75,mM
19,"1,11-diamino-3,6,9-trioxaundecane",1H-Imidazole-2-carboxaldehyde,=,0.39,mM
19,"1,5-diamino-3-azapentane",1H-Imidazole-2-carboxaldehyde,=,0.78,mM
19,"1,11-diamino-3,6,9-trioxaundecane",4-Ethynylbenzaldehyde,=,3.12,mM
19,"1,11-diamino-3,6,9-trioxaundecane","3,4-Dihydroxybenzaldehyde",=,6.25,mM
19,"1,6-Hexanediamine","3,4-Dihydroxybenzaldehyde",=,6.25,mM
19,"1,11-diamino-3,6,9-trioxaundecane",(E)-Dec-2-enal,=,0.024,mM
19,"1,6-Hexanediamine",(E)-Dec-2-enal,=,0.098,mM
19,"1,5-diamino-3-azapentane",(E)-Dec-2-enal,=,1.5,mM
19,"N-bis-(2-amino-ethyl)-ethane-1,2-diamine","2,6-Dimethyl-5-heptenal",=,3.12,mM
19,"2,2-bis(2-aminoethoxy)propane","2,6-Dimethyl-5-heptenal",>,12.5,mM
19,(Z)-[bis(2-aminoethyl)amino]-hydroxyimino-oxidoazanium,"2,6-Dimethyl-5-heptenal",=,6.25,mM
19,cystamine dihydrochloride,"2,6-Dimethyl-5-heptenal",=,6.25,mM
19,"1,11-diamino-3,6,9-trioxaundecane","2,6-Dimethyl-5-heptenal",=,12.5,mM
19,"1,5-diaminopentane","2,6-Dimethyl-5-heptenal",=,6.25,mM
19,"2,5-Bis(aminomethyl)furan","2,6-Dimethyl-5-heptenal",=,6.25,mM
19,"1,8-diaminooctan","2,6-Dimethyl-5-heptenal",=,1.56,mM
19,p-Phenylenediamine,"2,6-Dimethyl-5-heptenal",=,1.56,mM
19,"3,7-diazanonane-1,9-diamine","2,6-Dimethyl-5-heptenal",=,6.25,mM
19,"(3-aminopropyl)-1,2-ethylenediamine","2,6-Dimethyl-5-heptenal",=,12.5,mM
19,"1,3-bis(aminomethyl)cyclohexane","2,6-Dimethyl-5-heptenal",=,12.5,mM
19,1.9-diaminononane,"2,6-Dimethyl-5-heptenal",=,1.56,mM
19,"2,2'-(ethylenedioxy)bis(ethylamine)","2,6-Dimethyl-5-heptenal",=,3.12,mM
19,"2,2',2''-triaminotriethylamine","2,6-Dimethyl-5-heptenal",=,3.12,mM
19,"N'-(2-aminoethyl)-N'-methylethane-1,2-diamine","2,6-Dimethyl-5-heptenal",>,12.5,mM
19,Bis(3-aminopropyl)amine,"2,6-Dimethyl-5-heptenal",=,3.12,mM
19,"3,3'-Diamino-N-methyldipropylamine","2,6-Dimethyl-5-heptenal",=,12.5,mM
19,Spermine,"2,6-Dimethyl-5-heptenal",=,6.25,mM
19,"1,11-diamino-3,6,9-trioxaundecane",4-Nitrobenzaldehyde,=,1.56,mM
19,"1,6-Hexanediamine",4-Nitrobenzaldehyde,=,3.12,mM
19,"1,11-diamino-3,6,9-trioxaundecane",Hexanal,=,0.39,mM
19,"1,6-Hexanediamine",Hexanal,=,0.048,mM
19,"1,11-diamino-3,6,9-trioxaundecane",Vanillin,=,12.5,mM
19,"1,5-diamino-3-azapentane",Vanillin,=,1.5,mM
19,"1,11-diamino-3,6,9-trioxaundecane",Octyl aldehyde,=,0.024,mM
19,"1,6-Hexanediamine",Octyl aldehyde,=,0.098,mM
19,"1,6-Hexanediamine",Nonyl aldehyde,=,0.19,mM
19,"1,5-diamino-3-azapentane",Nonyl aldehyde,=,0.098,mM
19,"N-bis-(2-amino-ethyl)-ethane-1,2-diamine",Trans-2-pentenal,=,6.25,mM
19,"2,2-bis(2-aminoethoxy)propane",Trans-2-pentenal,=,1.56,mM
19,(Z)-[bis(2-aminoethyl)amino]-hydroxyimino-oxidoazanium,Trans-2-pentenal,=,0.39,mM
19,"1,7-Diaminoheptane",Trans-2-pentenal,=,0.39,mM
19,"2,2'-diaminodiethyl ether",Trans-2-pentenal,=,3.12,mM
19,"1,11-diamino-3,6,9-trioxaundecane",Trans-2-pentenal,=,3.12,mM
19,"1,5-diaminopentane",Trans-2-pentenal,=,1.56,mM
19,"1,4-diaminobutane",Trans-2-pentenal,=,0.19,mM
19,"1,8-diaminooctan",Trans-2-pentenal,=,0.39,mM
19,p-Phenylenediamine,Trans-2-pentenal,>,12.5,mM
19,"3,7-diazanonane-1,9-diamine",Trans-2-pentenal,=,6.25,mM
19,"(3-aminopropyl)-1,2-ethylenediamine",Trans-2-pentenal,=,6.25,mM
19,"1,3-bis(aminomethyl)cyclohexane",Trans-2-pentenal,=,1.56,mM
19,1.9-diaminononane,Trans-2-pentenal,=,0.098,mM
19,"N'-(2-aminoethyl)-N'-methylethane-1,2-diamine",Trans-2-pentenal,=,0.78,mM
19,"1,5-diamino-3-azapentane",Trans-2-pentenal,=,6.25,mM
19,Bis(3-aminopropyl)amine,Trans-2-pentenal,=,0.39,mM
19,"3,3'-Diamino-N-methyldipropylamine",Trans-2-pentenal,=,3.12,mM
19,"1,6-Hexanediamine",citronellal,=,0.048,mM
19,"1,5-diamino-3-azapentane",citronellal,=,1.56,mM
19,"1,11-diamino-3,6,9-trioxaundecane",2-Pyridinecarboxaldehyde,=,3.12,mM
19,"1,6-Hexanediamine",2-Pyridinecarboxaldehyde,=,3.12,mM
19,"1,5-diamino-3-azapentane",2-Pyridinecarboxaldehyde,=,12.5,mM
19,"1,11-diamino-3,6,9-trioxaundecane",(E)-hept-2-enal,=,0.049,mM
19,"1,6-Hexanediamine",(E)-hept-2-enal,=,0.048,mM
19,"1,5-diamino-3-azapentane",(E)-hept-2-enal,=,1.5,mM
19,"1,11-diamino-3,6,9-trioxaundecane","(2E,4E)-deca-2,4-dienal",=,0.049,mM
19,"1,6-Hexanediamine","(2E,4E)-deca-2,4-dienal",=,0.19,mM
19,"1,5-diamino-3-azapentane","(2E,4E)-deca-2,4-dienal",=,0.75,mM
19,"1,6-Hexanediamine",Cinnamaldehyde,=,0.39,mM
19,"1,5-diamino-3-azapentane",Cinnamaldehyde,=,3,mM
19,"1,11-diamino-3,6,9-trioxaundecane",p-Bromo benzaldehyde,=,6.25,mM
19,"1,5-diamino-3-azapentane",p-Bromo benzaldehyde,=,3.12,mM
19,"1,11-diamino-3,6,9-trioxaundecane",(E)-non-2-enal,=,0.048,mM
19,"1,6-Hexanediamine",(E)-non-2-enal,=,0.098,mM
19,"1,5-diamino-3-azapentane",(E)-non-2-enal,=,0.38,mM
19,"1,11-diamino-3,6,9-trioxaundecane","(2E)-nona-2,6-dienal",=,0.098,mM
19,"1,6-Hexanediamine","(2E)-nona-2,6-dienal",=,0.19,mM
19,"1,11-diamino-3,6,9-trioxaundecane",Citral,=,0.098,mM
19,"1,6-Hexanediamine",Citral,=,0.19,mM
19,"1,5-diamino-3-azapentane",Citral,=,0.19,mM
19,"1,11-diamino-3,6,9-trioxaundecane",(E)-hex-2-enal,=,0.19,mM
19,"1,11-diamino-3,6,9-trioxaundecane",Formaldehyde,=,3.12,mM
19,"1,5-diamino-3-azapentane",Formaldehyde,=,12.5,mM
20,"N-bis-(2-amino-ethyl)-ethane-1,2-diamine",(E)-2-Octenal,=,0.196,mM
20,(Z)-[bis(2-aminoethyl)amino]-hydroxyimino-oxidoazanium,(E)-2-Octenal,=,0.098,mM
20,"1,7-Diaminoheptane",(E)-2-Octenal,=,0.049,mM
20,"2,2'-diaminodiethyl ether",(E)-2-Octenal,=,0.098,mM
20,"1,5-diaminopentane",(E)-2-Octenal,=,0.098,mM
20,p-Phenylenediamine,(E)-2-Octenal,>,12.5,mM
20,Polyethylenimine linear,(E)-2-Octenal,=,0.38,mM
20,"3,7-diazanonane-1,9-diamine",(E)-2-Octenal,=,0.196,mM
20,"(3-aminopropyl)-1,2-ethylenediamine",(E)-2-Octenal,=,0.39,mM
20,"1,6-Hexanediamine",(E)-2-Octenal,=,0.098,mM
20,1.9-diaminononane,(E)-2-Octenal,=,0.098,mM
20,"2,2'-(ethylenedioxy)bis(ethylamine)",(E)-2-Octenal,=,0.049,mM
20,"2,2',2''-triaminotriethylamine",(E)-2-Octenal,=,0.098,mM
20,"N'-(2-aminoethyl)-N'-methylethane-1,2-diamine",(E)-2-Octenal,=,0.049,mM
20,"1,5-diamino-3-azapentane",(E)-2-Octenal,=,0.38,mM
20,Bis(3-aminopropyl)amine,(E)-2-Octenal,=,0.75,mM
20,Spermine,(E)-2-Octenal,=,0.75,mM
20,"1,11-diamino-3,6,9-trioxaundecane",1H-Imidazole-2-carboxaldehyde,=,0.39,mM
20,"1,6-Hexanediamine",1H-Imidazole-2-carboxaldehyde,=,3.12,mM
20,"1,11-diamino-3,6,9-trioxaundecane",4-Ethynylbenzaldehyde,=,3.12,mM
20,"1,5-diamino-3-azapentane",4-Ethynylbenzaldehyde,>,12.5,mM
20,"1,11-diamino-3,6,9-trioxaundecane","3,4-Dihydroxybenzaldehyde",=,6.25,mM
20,"1,11-diamino-3,6,9-trioxaundecane",(E)-Dec-2-enal,=,0.024,mM
20,"1,6-Hexanediamine",(E)-Dec-2-enal,=,0.098,mM
20,"1,5-diamino-3-azapentane",(E)-Dec-2-enal,=,1.5,mM
20,"N-bis-(2-amino-ethyl)-ethane-1,2-diamine","2,6-Dimethyl-5-heptenal",=,3.12,mM
20,"2,2-bis(2-aminoethoxy)propane","2,6-Dimethyl-5-heptenal",>,12.5,mM
20,(Z)-[bis(2-aminoethyl)amino]-hydroxyimino-oxidoazanium,"2,6-Dimethyl-5-heptenal",=,6.25,mM
20,cystamine dihydrochloride,"2,6-Dimethyl-5-heptenal",=,6.25,mM
20,"1,7-Diaminoheptane","2,6-Dimethyl-5-heptenal",=,3.12,mM
20,"2,2'-diaminodiethyl ether","2,6-Dimethyl-5-heptenal",>,12.5,mM
20,"1,11-diamino-3,6,9-trioxaundecane","2,6-Dimethyl-5-heptenal",=,12.5,mM
20,"1,5-diaminopentane","2,6-Dimethyl-5-heptenal",=,6.25,mM
20,"1,8-diaminooctan","2,6-Dimethyl-5-heptenal",=,1.56,mM
20,p-Phenylenediamine,"2,6-Dimethyl-5-heptenal",=,1.56,mM
20,"3,7-diazanonane-1,9-diamine","2,6-Dimethyl-5-heptenal",=,6.25,mM
20,"(3-aminopropyl)-1,2-ethylenediamine","2,6-Dimethyl-5-heptenal",=,12.5,mM
20,"1,6-Hexanediamine","2,6-Dimethyl-5-heptenal",=,6.25,mM
20,"1,3-di(aminomethyl)benzene","2,6-Dimethyl-5-heptenal",=,12.5,mM
20,1.9-diaminononane,"2,6-Dimethyl-5-heptenal",=,1.56,mM
20,"2,2',2''-triaminotriethylamine","2,6-Dimethyl-5-heptenal",=,3.12,mM
20,"N'-(2-aminoethyl)-N'-methylethane-1,2-diamine","2,6-Dimethyl-5-heptenal",>,12.5,mM
20,Spermidine,"2,6-Dimethyl-5-heptenal",=,6.25,mM
20,Bis(3-aminopropyl)amine,"2,6-Dimethyl-5-heptenal",=,3.12,mM
20,"3,3'-Diamino-N-methyldipropylamine","2,6-Dimethyl-5-heptenal",=,12.5,mM
20,"1,11-diamino-3,6,9-trioxaundecane",4-Nitrobenzaldehyde,=,1.56,mM
20,"1,6-Hexanediamine",4-Nitrobenzaldehyde,=,3.12,mM
20,"1,5-diamino-3-azapentane",4-Nitrobenzaldehyde,=,3.12,mM
20,"1,11-diamino-3,6,9-trioxaundecane",Hexanal,=,0.39,mM
20,"1,5-diamino-3-azapentane",Hexanal,=,0.78,mM
20,"1,11-diamino-3,6,9-trioxaundecane",Vanillin,=,12.5,mM
20,"1,6-Hexanediamine",Vanillin,=,6.25,mM
20,"1,5-diamino-3-azapentane",Vanillin,=,1.5,mM
20,"1,11-diamino-3,6,9-trioxaundecane",Octyl aldehyde,=,0.024,mM
20,"1,6-Hexanediamine",Octyl aldehyde,=,0.098,mM
20,"1,5-diamino-3-azapentane",Octyl aldehyde,=,0.39,mM
20,"1,5-diamino-3-azapentane",Nonyl aldehyde,=,0.098,mM
20,"N-bis-(2-amino-ethyl)-ethane-1,2-diamine",Trans-2-pentenal,=,6.25,mM
20,"2,2-bis(2-aminoethoxy)propane",Trans-2-pentenal,=,1.56,mM
20,(Z)-[bis(2-aminoethyl)amino]-hydroxyimino-oxidoazanium,Trans-2-pentenal,=,0.39,mM
20,"1,7-Diaminoheptane",Trans-2-pentenal,=,0.39,mM
20,"2,2'-diaminodiethyl ether",Trans-2-pentenal,=,3.12,mM
20,"1,11-diamino-3,6,9-trioxaundecane",Trans-2-pentenal,=,3.12,mM
20,"1,5-diaminopentane",Trans-2-pentenal,=,1.56,mM
20,"1,4-diaminobutane",Trans-2-pentenal,=,0.19,mM
20,"1,8-diaminooctan",Trans-2-pentenal,=,0.39,mM
20,p-Phenylenediamine,Trans-2-pentenal,>,12.5,mM
20,"1,6-Hexanediamine",Trans-2-pentenal,=,0.19,mM
20,"1,3-bis(aminomethyl)cyclohexane",Trans-2-pentenal,=,1.56,mM
20,1.9-diaminononane,Trans-2-pentenal,=,0.098,mM
20,"2,2'-(ethylenedioxy)bis(ethylamine)",Trans-2-pentenal,=,3.12,mM
20,"N'-(2-aminoethyl)-N'-methylethane-1,2-diamine",Trans-2-pentenal,=,0.78,mM
20,"1,5-diamino-3-azapentane",Trans-2-pentenal,=,6.25,mM
20,"3,3'-Diamino-N-methyldipropylamine",Trans-2-pentenal,=,3.12,mM
20,"1,11-diamino-3,6,9-trioxaundecane",citronellal,=,0.0061,mM
20,"1,6-Hexanediamine",citronellal,=,0.048,mM
20,"1,11-diamino-3,6,9-trioxaundecane",2-Pyridinecarboxaldehyde,=,3.12,mM
20,"1,6-Hexanediamine",2-Pyridinecarboxaldehyde,=,3.12,mM
20,"1,5-diamino-3-azapentane",2-Pyridinecarboxaldehyde,=,12.5,mM
20,"1,11-diamino-3,6,9-trioxaundecane",(E)-hept-2-enal,=,0.049,mM
20,"1,6-Hexanediamine",(E)-hept-2-enal,=,0.048,mM
20,"1,5-diamino-3-azapentane",(E)-hept-2-enal,=,1.5,mM
20,"1,11-diamino-3,6,9-trioxaundecane","(2E,4E)-deca-2,4-dienal",=,0.049,mM
20,"1,11-diamino-3,6,9-trioxaundecane",Cinnamaldehyde,=,0.19,mM
20,"1,6-Hexanediamine",Cinnamaldehyde,=,0.39,mM
20,"1,5-diamino-3-azapentane",Cinnamaldehyde,=,3,mM
20,"1,11-diamino-3,6,9-trioxaundecane",p-Bromo benzaldehyde,=,6.25,mM
20,"1,6-Hexanediamine",p-Bromo benzaldehyde,=,6.25,mM
20,"1,5-diamino-3-azapentane",p-Bromo benzaldehyde,=,3.12,mM
20,"1,6-Hexanediamine",(E)-non-2-enal,=,0.098,mM
20,"1,5-diamino-3-azapentane",(E)-non-2-enal,=,0.38,mM
20,"1,11-diamino-3,6,9-trioxaundecane","(2E)-nona-2,6-dienal",=,0.098,mM
20,"1,6-Hexanediamine","(2E)-nona-2,6-dienal",=,0.19,mM
20,"1,5-diamino-3-azapentane","(2E)-nona-2,6-dienal",=,0.19,mM
20,"1,11-diamino-3,6,9-trioxaundecane",Citral,=,0.098,mM
20,"1,5-diamino-3-azapentane",Citral,=,0.19,mM
20,"1,11-diamino-3,6,9-trioxaundecane",(E)-hex-2-enal,=,0.19,mM
20,"1,5-diamino-3-azapentane",(E)-hex-2-enal,=,3,mM
20,"1,11-diamino-3,6,9-trioxaundecane",Formaldehyde,=,3.12,mM
20,"1,5-diamino-3-azapentane",Formaldehyde,=,12.5,mM
21,"N-bis-(2-amino-ethyl)-ethane-1,2-diamine",(E)-2-Octenal,=,0.196,mM
21,"2,2-bis(2-aminoethoxy)propane",(E)-2-Octenal,=,0.098,mM
21,(Z)-[bis(2-aminoethyl)amino]-hydroxyimino-oxidoazanium,(E)-2-Octenal,=,0.098,mM
21,"1,7-Diaminoheptane",(E)-2-Octenal,=,0.049,mM
21,"2,2'-diaminodiethyl ether",(E)-2-Octenal,=,0.098,mM
21,"1,11-diamino-3,6,9-trioxaundecane",(E)-2-Octenal,=,0.098,mM
21,"1,5-diaminopentane",(E)-2-Octenal,=,0.098,mM
21,"1,8-diaminooctan",(E)-2-Octenal,=,0.098,mM
21,"3,7-diazanonane-1,9-diamine",(E)-2-Octenal,=,0.196,mM
21,"(3-aminopropyl)-1,2-ethylenediamine",(E)-2-Octenal,=,0.39,mM
21,"1,6-Hexanediamine",(E)-2-Octenal,=,0.098,mM
21,"1,3-bis(aminomethyl)cyclohexane",(E)-2-Octenal,=,0.39,mM
21,1.9-diaminononane,(E)-2-Octenal,=,0.098,mM
21,"2,2'-(ethylenedioxy)bis(ethylamine)",(E)-2-Octenal,=,0.049,mM
21,"2,2',2''-triaminotriethylamine",(E)-2-Octenal,=,0.098,mM
21,"N'-(2-aminoethyl)-N'-methylethane-1,2-diamine",(E)-2-Octenal,=,0.049,mM
21,"1,5-diamino-3-azapentane",(E)-2-Octenal,=,0.38,mM
21,Bis(3-aminopropyl)amine,(E)-2-Octenal,=,0.75,mM
21,"3,3'-Diamino-N-methyldipropylamine",(E)-2-Octenal,=,0.098,mM
21,Spermine,(E)-2-Octenal,=,0.75,mM
21,"1,11-diamino-3,6,9-trioxaundecane",1H-Imidazole-2-carboxaldehyde,=,0.39,mM
21,"1,6-Hexanediamine",1H-Imidazole-2-carboxaldehyde,=,3.12,mM
21,"1,5-diamino-3-azapentane",4-Ethynylbenzaldehyde,>,12.5,mM
21,"1,11-diamino-3,6,9-trioxaundecane","3,4-Dihydroxybenzaldehyde",=,6.25,mM
21,"1,11-diamino-3,6,9-trioxaundecane",(E)-Dec-2-enal,=,0.024,mM
21,"1,6-Hexanediamine",(E)-Dec-2-enal,=,0.098,mM
21,"1,5-diamino-3-azapentane",(E)-Dec-2-enal,=,1.5,mM
21,"N-bis-(2-amino-ethyl)-ethane-1,2-diamine","2,6-Dimethyl-5-heptenal",=,3.12,mM
21,"2,2-bis(2-aminoethoxy)propane","2,6-Dimethyl-5-heptenal",>,12.5,mM
21,(Z)-[bis(2-aminoethyl)amino]-hydroxyimino-oxidoazanium,"2,6-Dimethyl-5-heptenal",=,6.25,mM
21,cystamine dihydrochloride,"2,6-Dimethyl-5-heptenal",=,6.25,mM
21,"1,7-Diaminoheptane","2,6-Dimethyl-5-heptenal",=,3.12,mM
21,"2,2'-diaminodiethyl ether","2,6-Dimethyl-5-heptenal",>,12.5,mM
21,"1,11-diamino-3,6,9-trioxaundecane","2,6-Dimethyl-5-heptenal",=,12.5,mM
21,"1,5-diaminopentane","2,6-Dimethyl-5-heptenal",=,6.25,mM
21,"1,4-diaminobutane","2,6-Dimethyl-5-heptenal",=,3.12,mM
21,"1,8-diaminooctan","2,6-Dimethyl-5-heptenal",=,1.56,mM
21,p-Phenylenediamine,"2,6-Dimethyl-5-heptenal",=,1.56,mM
21,"3,7-diazanonane-1,9-diamine","2,6-Dimethyl-5-heptenal",=,6.25,mM
21,"(3-aminopropyl)-1,2-ethylenediamine","2,6-Dimethyl-5-heptenal",=,12.5,mM
21,"1,6-Hexanediamine","2,6-Dimethyl-5-heptenal",=,6.25,mM
21,"1,3-di(aminomethyl)benzene","2,6-Dimethyl-5-heptenal",=,12.5,mM
21,"1,3-bis(aminomethyl)cyclohexane","2,6-Dimethyl-5-heptenal",=,12.5,mM
21,1.9-diaminononane,"2,6-Dimethyl-5-heptenal",=,1.56,mM
21,"2,2'-(ethylenedioxy)bis(ethylamine)","2,6-Dimethyl-5-heptenal",=,3.12,mM
21,"2,2',2''-triaminotriethylamine","2,6-Dimethyl-5-heptenal",=,3.12,mM
21,"N'-(2-aminoethyl)-N'-methylethane-1,2-diamine","2,6-Dimethyl-5-heptenal",>,12.5,mM
21,Spermidine,"2,6-Dimethyl-5-heptenal",=,6.25,mM
21,"1,5-diamino-3-azapentane","2,6-Dimethyl-5-heptenal",=,6.25,mM
21,Bis(3-aminopropyl)amine,"2,6-Dimethyl-5-heptenal",=,3.12,mM
21,Spermine,"2,6-Dimethyl-5-heptenal",=,6.25,mM
21,"1,11-diamino-3,6,9-trioxaundecane",4-Nitrobenzaldehyde,=,1.56,mM
21,"1,6-Hexanediamine",4-Nitrobenzaldehyde,=,3.12,mM
21,"1,5-diamino-3-azapentane",4-Nitrobenzaldehyde,=,3.12,mM
21,"1,11-diamino-3,6,9-trioxaundecane",Hexanal,=,0.39,mM
21,"1,6-Hexanediamine",Hexanal,=,0.048,mM
21,"1,5-diamino-3-azapentane",Hexanal,=,0.78,mM
21,"1,11-diamino-3,6,9-trioxaundecane",Vanillin,=,12.5,mM
21,"1,6-Hexanediamine",Vanillin,=,6.25,mM
21,"1,5-diamino-3-azapentane",Vanillin,=,1.5,mM
21,"1,11-diamino-3,6,9-trioxaundecane",Octyl aldehyde,=,0.024,mM
21,"1,6-Hexanediamine",Octyl aldehyde,=,0.098,mM
21,"1,5-diamino-3-azapentane",Octyl aldehyde,=,0.39,mM
21,"1,6-Hexanediamine",Nonyl aldehyde,=,0.19,mM
21,"N-bis-(2-amino-ethyl)-ethane-1,2-diamine",Trans-2-pentenal,=,6.25,mM
21,(Z)-[bis(2-aminoethyl)amino]-hydroxyimino-oxidoazanium,Trans-2-pentenal,=,0.39,mM
21,"2,2'-diaminodiethyl ether",Trans-2-pentenal,=,3.12,mM
21,"1,11-diamino-3,6,9-trioxaundecane",Trans-2-pentenal,=,3.12,mM
21,"1,5-diaminopentane",Trans-2-pentenal,=,1.56,mM
21,"1,4-diaminobutane",Trans-2-pentenal,=,0.19,mM
21,"1,8-diaminooctan",Trans-2-pentenal,=,0.39,mM
21,"(3-aminopropyl)-1,2-ethylenediamine",Trans-2-pentenal,=,6.25,mM
21,"1,6-Hexanediamine",Trans-2-pentenal,=,0.19,mM
21,"1,3-bis(aminomethyl)cyclohexane",Trans-2-pentenal,=,1.56,mM
21,1.9-diaminononane,Trans-2-pentenal,=,0.098,mM
21,"N'-(2-aminoethyl)-N'-methylethane-1,2-diamine",Trans-2-pentenal,=,0.78,mM
21,"3,3'-Diamino-N-methyldipropylamine",Trans-2-pentenal,=,3.12,mM
21,"1,11-diamino-3,6,9-trioxaundecane",citronellal,=,0.0061,mM
21,"1,5-diamino-3-azapentane",citronellal,=,1.56,mM
21,"1,11-diamino-3,6,9-trioxaundecane",2-Pyridinecarboxaldehyde,=,3.12,mM
21,"1,5-diamino-3-azapentane",2-Pyridinecarboxaldehyde,=,12.5,mM
21,"1,11-diamino-3,6,9-trioxaundecane",(E)-hept-2-enal,=,0.049,mM
21,"1,6-Hexanediamine",(E)-hept-2-enal,=,0.048,mM
21,"1,5-diamino-3-azapentane",(E)-hept-2-enal,=,1.5,mM
21,"1,11-diamino-3,6,9-trioxaundecane","(2E,4E)-deca-2,4-dienal",=,0.049,mM
21,"1,6-Hexanediamine","(2E,4E)-deca-2,4-dienal",=,0.19,mM
21,"1,5-diamino-3-azapentane","(2E,4E)-deca-2,4-dienal",=,0.75,mM
21,"1,5-diamino-3-azapentane",Cinnamaldehyde,=,3,mM
21,"1,11-diamino-3,6,9-trioxaundecane",p-Bromo benzaldehyde,=,6.25,mM
21,"1,11-diamino-3,6,9-trioxaundecane",(E)-non-2-enal,=,0.048,mM
21,"1,6-Hexanediamine",(E)-non-2-enal,=,0.098,mM
21,"1,6-Hexanediamine","(2E)-nona-2,6-dienal",=,0.19,mM
21,"1,11-diamino-3,6,9-trioxaundecane",Citral,=,0.098,mM
21,"1,6-Hexanediamine",Citral,=,0.19,mM
21,"1,5-diamino-3-azapentane",Citral,=,0.19,mM
21,"1,11-diamino-3,6,9-trioxaundecane",(E)-hex-2-enal,=,0.19,mM
21,"1,6-Hexanediamine",(E)-hex-2-enal,=,0.39,mM
21,"1,5-diamino-3-azapentane",(E)-hex-2-enal,=,3,mM
21,"1,11-diamino-3,6,9-trioxaundecane",Formaldehyde,=,3.12,mM
21,"1,5-diamino-3-azapentane",Formaldehyde,=,12.5,mM
22,"N-bis-(2-amino-ethyl)-ethane-1,2-diamine",(E)-2-Octenal,=,0.196,mM
22,(Z)-[bis(2-aminoethyl)amino]-hydroxyimino-oxidoazanium,(E)-2-Octenal,=,0.098,mM
22,"1,7-Diaminoheptane",(E)-2-Octenal,=,0.049,mM
22,"2,2'-diaminodiethyl ether",(E)-2-Octenal,=,0.098,mM
22,"1,5-diaminopentane",(E)-2-Octenal,=,0.098,mM
22,"1,4-diaminobutane",(E)-2-Octenal,=,0.098,mM
22,p-Phenylenediamine,(E)-2-Octenal,>,12.5,mM
22,Polyethylenimine linear,(E)-2-Octenal,=,0.38,mM
22,"3,7-diazanonane-1,9-diamine",(E)-2-Octenal,=,0.196,mM
22,"1,6-Hexanediamine",(E)-2-Octenal,=,0.098,mM
22,1.9-diaminononane,(E)-2-Octenal,=,0.098,mM
22,"2,2'-(ethylenedioxy)bis(ethylamine)",(E)-2-Octenal,=,0.049,mM
22,"2,2',2''-triaminotriethylamine",(E)-2-Octenal,=,0.098,mM
22,"N'-(2-aminoethyl)-N'-methylethane-1,2-diamine",(E)-2-Octenal,=,0.049,mM
22,"1,5-diamino-3-azapentane",(E)-2-Octenal,=,0.38,mM
22,Bis(3-aminopropyl)amine,(E)-2-Octenal,=,0.75,mM
22,"3,3'-Diamino-N-methyldipropylamine",(E)-2-Octenal,=,0.098,mM
22,Spermine,(E)-2-Octenal,=,0.75,mM
22,"1,11-diamino-3,6,9-trioxaundecane",1H-Imidazole-2-carboxaldehyde,=,0.39,mM
22,"1,6-Hexanediamine",1H-Imidazole-2-carboxaldehyde,=,3.12,mM
22,"1,5-diamino-3-azapentane",4-Ethynylbenzaldehyde,>,12.5,mM
22,"1,11-diamino-3,6,9-trioxaundecane","3,4-Dihydroxybenzaldehyde",=,6.25,mM
22,"1,6-Hexanediamine","3,4-Dihydroxybenzaldehyde",=,6.25,mM
22,"1,11-diamino-3,6,9-trioxaundecane",(E)-Dec-2-enal,=,0.024,mM
22,"1,6-Hexanediamine",(E)-Dec-2-enal,=,0.098,mM
22,"1,5-diamino-3-azapentane",(E)-Dec-2-enal,=,1.5,mM
22,"N-bis-(2-amino-ethyl)-ethane-1,2-diamine","2,6-Dimethyl-5-heptenal",=,3.12,mM
22,(Z)-[bis(2-aminoethyl)amino]-hydroxyimino-oxidoazanium,"2,6-Dimethyl-5-heptenal",=,6.25,mM
22,cystamine dihydrochloride,"2,6-Dimethyl-5-heptenal",=,6.25,mM
22,"1,7-Diaminoheptane","2,6-Dimethyl-5-heptenal",=,3.12,mM
22,"1,11-diamino-3,6,9-trioxaundecane","2,6-Dimethyl-5-heptenal",=,12.5,mM
22,"1,5-diaminopentane","2,6-Dimethyl-5-heptenal",=,6.25,mM
22,"2,5-Bis(aminomethyl)furan","2,6-Dimethyl-5-heptenal",=,6.25,mM
22,"1,8-diaminooctan","2,6-Dimethyl-5-heptenal",=,1.56,mM
22,"3,7-diazanonane-1,9-diamine","2,6-Dimethyl-5-heptenal",=,6.25,mM
22,"1,6-Hexanediamine","2,6-Dimethyl-5-heptenal",=,6.25,mM
22,"1,3-di(aminomethyl)benzene","2,6-Dimethyl-5-heptenal",=,12.5,mM
22,"1,3-bis(aminomethyl)cyclohexane","2,6-Dimethyl-5-heptenal",=,12.5,mM
22,1.9-diaminononane,"2,6-Dimethyl-5-heptenal",=,1.56,mM
22,"2,2'-(ethylenedioxy)bis(ethylamine)","2,6-Dimethyl-5-heptenal",=,3.12,mM
22,"2,2',2''-triaminotriethylamine","2,6-Dimethyl-5-heptenal",=,3.12,mM
22,"N'-(2-aminoethyl)-N'-methylethane-1,2-diamine","2,6-Dimethyl-5-heptenal",>,12.5,mM
22,Spermidine,"2,6-Dimethyl-5-heptenal",=,6.25,mM
22,Bis(3-aminopropyl)amine,"2,6-Dimethyl-5-heptenal",=,3.12,mM
22,"3,3'-Diamino-N-methyldipropylamine","2,6-Dimethyl-5-heptenal",=,12.5,mM
22,Spermine,"2,6-Dimethyl-5-heptenal",=,6.25,mM
22,"1,6-Hexanediamine",4-Nitrobenzaldehyde,=,3.12,mM
22,"1,5-diamino-3-azapentane",4-Nitrobenzaldehyde,=,3.12,mM
22,"1,11-diamino-3,6,9-trioxaundecane",Hexanal,=,0.39,mM
22,"1,6-Hexanediamine",Hexanal,=,0.048,mM
22,"1,5-diamino-3-azapentane",Hexanal,=,0.78,mM
22,"1,11-diamino-3,6,9-trioxaundecane",Vanillin,=,12.5,mM
22,"1,6-Hexanediamine",Vanillin,=,6.25,mM
22,"1,5-diamino-3-azapentane",Vanillin,=,1.5,mM
22,"1,11-diamino-3,6,9-trioxaundecane",Octyl aldehyde,=,0.024,mM
22,"1,6-Hexanediamine",Octyl aldehyde,=,0.098,mM
22,"1,6-Hexanediamine",Nonyl aldehyde,=,0.19,mM
22,"1,5-diamino-3-azapentane",Nonyl aldehyde,=,0.098,mM
22,"N-bis-(2-amino-ethyl)-ethane-1,2-diamine",Trans-2-pentenal,=,6.25,mM
22,"2,2-bis(2-aminoethoxy)propane",Trans-2-pentenal,=,1.56,mM
22,(Z)-[bis(2-aminoethyl)amino]-hydroxyimino-oxidoazanium,Trans-2-pentenal,=,0.39,mM
22,"1,7-Diaminoheptane",Trans-2-pentenal,=,0.39,mM
22,"2,2'-diaminodiethyl ether",Trans-2-pentenal,=,3.12,mM
22,"1,11-diamino-3,6,9-trioxaundecane",Trans-2-pentenal,=,3.12,mM
22,"1,4-diaminobutane",Trans-2-pentenal,=,0.19,mM
22,"1,8-diaminooctan",Trans-2-pentenal,=,0.39,mM
22,"3,7-diazanonane-1,9-diamine",Trans-2-pentenal,=,6.25,mM
22,"(3-aminopropyl)-1,2-ethylenediamine",Trans-2-pentenal,=,6.25,mM
22,"1,6-Hexanediamine",Trans-2-pentenal,=,0.19,mM
22,"1,3-bis(aminomethyl)cyclohexane",Trans-2-pentenal,=,1.56,mM
22,1.9-diaminononane,Trans-2-pentenal,=,0.098,mM
22,"2,2'-(ethylenedioxy)bis(ethylamine)",Trans-2-pentenal,=,3.12,mM
22,"N'-(2-aminoethyl)-N'-methylethane-1,2-diamine",Trans-2-pentenal,=,0.78,mM
22,Bis(3-aminopropyl)amine,Trans-2-pentenal,=,0.39,mM
22,"3,3'-Diamino-N-methyldipropylamine",Trans-2-pentenal,=,3.12,mM
22,"1,11-diamino-3,6,9-trioxaundecane",citronellal,=,0.0061,mM
22,"1,6-Hexanediamine",citronellal,=,0.048,mM
22,"1,5-diamino-3-azapentane",citronellal,=,1.56,mM
22,"1,11-diamino-3,6,9-trioxaundecane",2-Pyridinecarboxaldehyde,=,3.12,mM
22,"1,6-Hexanediamine",2-Pyridinecarboxaldehyde,=,3.12,mM
22,"1,5-diamino-3-azapentane",2-Pyridinecarboxaldehyde,=,12.5,mM
22,"1,11-diamino-3,6,9-trioxaundecane",(E)-hept-2-enal,=,0.049,mM
22,"1,5-diamino-3-azapentane",(E)-hept-2-enal,=,1.5,mM
22,"1,11-diamino-3,6,9-trioxaundecane","(2E,4E)-deca-2,4-dienal",=,0.049,mM
22,"1,6-Hexanediamine","(2E,4E)-deca-2,4-dienal",=,0.19,mM
22,"1,11-diamino-3,6,9-trioxaundecane",Cinnamaldehyde,=,0.19,mM
22,"1,6-Hexanediamine",Cinnamaldehyde,=,0.39,mM
22,"1,5-diamino-3-azapentane",Cinnamaldehyde,=,3,mM
22,"1,6-Hexanediamine",p-Bromo benzaldehyde,=,6.25,mM
22,"1,5-diamino-3-azapentane",p-Bromo benzaldehyde,=,3.12,mM
22,"1,6-Hexanediamine",(E)-non-2-enal,=,0.098,mM
22,"1,5-diamino-3-azapentane",(E)-non-2-enal,=,0.38,mM
22,"1,6-Hexanediamine","(2E)-nona-2,6-dienal",=,0.19,mM
22,"1,11-diamino-3,6,9-trioxaundecane",Citral,=,0.098,mM
22,"1,6-Hexanediamine",Citral,=,0.19,mM
22,"1,5-diamino-3-azapentane",Citral,=,0.19,mM
22,"1,11-diamino-3,6,9-trioxaundecane",(E)-hex-2-enal,=,0.19,mM
22,"1,6-Hexanediamine",(E)-hex-2-enal,=,0.39,mM
22,"1,11-diamino-3,6,9-trioxaundecane",Formaldehyde,=,3.12,mM
22,"1,5-diamino-3-azapentane",Formaldehyde,=,12.5,mM
23,"N-bis-(2-amino-ethyl)-ethane-1,2-diamine",(E)-2-Octenal,=,0.196,mM
23,(Z)-[bis(2-aminoethyl)amino]-hydroxyimino-oxidoazanium,(E)-2-Octenal,=,0.098,mM
23,"1,7-Diaminoheptane",(E)-2-Octenal,=,0.049,mM
23,"2,2'-diaminodiethyl ether",(E)-2-Octenal,=,0.098,mM
23,"1,11-diamino-3,6,9-trioxaundecane",(E)-2-Octenal,=,0.098,mM
23,"1,5-diaminopentane",(E)-2-Octenal,=,0.098,mM
23,"1,8-diaminooctan",(E)-2-Octenal,=,0.098,mM
23,p-Phenylenediamine,(E)-2-Octenal,>,12.5,mM
23,Polyethylenimine linear,(E)-2-Octenal,=,0.38,mM
23,"3,7-diazanonane-1,9-diamine",(E)-2-Octenal,=,0.196,mM
23,"(3-aminopropyl)-1,2-ethylenediamine",(E)-2-Octenal,=,0.39,mM
23,"1,6-Hexanediamine",(E)-2-Octenal,=,0.098,mM
23,"1,3-bis(aminomethyl)cyclohexane",(E)-2-Octenal,=,0.39,mM
23,1.9-diaminononane,(E)-2-Octenal,=,0.098,mM
23,"2,2'-(ethylenedioxy)bis(ethylamine)",(E)-2-Octenal,=,0.049,mM
23,"2,2',2''-triaminotriethylamine",(E)-2-Octenal,=,0.098,mM
23,"N'-(2-aminoethyl)-N'-methylethane-1,2-diamine",(E)-2-Octenal,=,0.049,mM
23,"1,5-diamino-3-azapentane",(E)-2-Octenal,=,0.38,mM
23,Bis(3-aminopropyl)amine,(E)-2-Octenal,=,0.75,mM
23,"3,3'-Diamino-N-methyldipropylamine",(E)-2-Octenal,=,0.098,mM
23,Spermine,(E)-2-Octenal,=,0.75,mM
23,"1,11-diamino-3,6,9-trioxaundecane",1H-Imidazole-2-carboxaldehyde,=,0.39,mM
23,"1,6-Hexanediamine",1H-Imidazole-2-carboxaldehyde,=,3.12,mM
23,"1,5-diamino-3-azapentane",1H-Imidazole-2-carboxaldehyde,=,0.78,mM
23,"1,11-diamino-3,6,9-trioxaundecane",4-Ethynylbenzaldehyde,=,3.12,mM
23,"1,11-diamino-3,6,9-trioxaundecane","3,4-Dihydroxybenzaldehyde",=,6.25,mM
23,"1,6-Hexanediamine","3,4-Dihydroxybenzaldehyde",=,6.25,mM
23,"1,11-diamino-3,6,9-trioxaundecane",(E)-Dec-2-enal,=,0.024,mM
23,"1,6-Hexanediamine",(E)-Dec-2-enal,=,0.098,mM
23,"1,5-diamino-3-azapentane",(E)-Dec-2-enal,=,1.5,mM
23,"N-bis-(2-amino-ethyl)-ethane-1,2-diamine","2,6-Dimethyl-5-heptenal",=,3.12,mM
23,"2,2-bis(2-aminoethoxy)propane","2,6-Dimethyl-5-heptenal",>,12.5,mM
23,"1,7-Diaminoheptane","2,6-Dimethyl-5-heptenal",=,3.12,mM
23,"1,11-diamino-3,6,9-trioxaundecane","2,6-Dimethyl-5-heptenal",=,12.5,mM
23,"1,5-diaminopentane","2,6-Dimethyl-5-heptenal",=,6.25,mM
23,"2,5-Bis(aminomethyl)furan","2,6-Dimethyl-5-heptenal",=,6.25,mM
23,"3,7-diazanonane-1,9-diamine","2,6-Dimethyl-5-heptenal",=,6.25,mM
23,"1,3-di(aminomethyl)benzene","2,6-Dimethyl-5-heptenal",=,12.5,mM
23,"1,3-bis(aminomethyl)cyclohexane","2,6-Dimethyl-5-heptenal",=,12.5,mM
23,1.9-diaminononane,"2,6-Dimethyl-5-heptenal",=,1.56,mM
23,"2,2'-(ethylenedioxy)bis(ethylamine)","2,6-Dimethyl-5-heptenal",=,3.12,mM
23,"2,2',2''-triaminotriethylamine","2,6-Dimethyl-5-heptenal",=,3.12,mM
23,Spermidine,"2,6-Dimethyl-5-heptenal",=,6.25,mM
23,"1,5-diamino-3-azapentane","2,6-Dimethyl-5-heptenal",=,6.25,mM
23,Bis(3-aminopropyl)amine,"2,6-Dimethyl-5-heptenal",=,3.12,mM
23,Spermine,"2,6-Dimethyl-5-heptenal",=,6.25,mM
23,"1,11-diamino-3,6,9-trioxaundecane",4-Nitrobenzaldehyde,=,1.56,mM
23,"1,5-diamino-3-azapentane",4-Nitrobenzaldehyde,=,3.12,mM
23,"1,11-diamino-3,6,9-trioxaundecane",Hexanal,=,0.39,mM
23,"1,6-Hexanediamine",Hexanal,=,0.048,mM
23,"1,5-diamino-3-azapentane",Hexanal,=,0.78,mM
23,"1,11-diamino-3,6,9-trioxaundecane",Vanillin,=,12.5,mM
23,"1,6-Hexanediamine",Vanillin,=,6.25,mM
23,"1,5-diamino-3-azapentane",Vanillin,=,1.5,mM
23,"1,6-Hexanediamine",Octyl aldehyde,=,0.098,mM
23,"1,5-diamino-3-azapentane",Octyl aldehyde,=,0.39,mM
23,"1,6-Hexanediamine",Nonyl aldehyde,=,0.19,mM
23,"1,5-diamino-3-azapentane",Nonyl aldehyde,=,0.098,mM
23,"N-bis-(2-amino-ethyl)-ethane-1,2-diamine",Trans-2-pentenal,=,6.25,mM
23,(Z)-[bis(2-aminoethyl)amino]-hydroxyimino-oxidoazanium,Trans-2-pentenal,=,0.39,mM
23,"1,7-Diaminoheptane",Trans-2-pentenal,=,0.39,mM
23,"2,2'-diaminodiethyl ether",Trans-2-pentenal,=,3.12,mM
23,"1,11-diamino-3,6,9-trioxaundecane",Trans-2-pentenal,=,3.12,mM
23,"1,5-diaminopentane",Trans-2-pentenal,=,1.56,mM
23,"1,4-diaminobutane",Trans-2-pentenal,=,0.19,mM
23,"1,8-diaminooctan",Trans-2-pentenal,=,0.39,mM
23,p-Phenylenediamine,Trans-2-pentenal,>,12.5,mM
23,"(3-aminopropyl)-1,2-ethylenediamine",Trans-2-pentenal,=,6.25,mM
23,"1,6-Hexanediamine",Trans-2-pentenal,=,0.19,mM
23,"1,3-bis(aminomethyl)cyclohexane",Trans-2-pentenal,=,1.56,mM
23,1.9-diaminononane,Trans-2-pentenal,=,0.098,mM
23,"2,2'-(ethylenedioxy)bis(ethylamine)",Trans-2-pentenal,=,3.12,mM
23,"N'-(2-aminoethyl)-N'-methylethane-1,2-diamine",Trans-2-pentenal,=,0.78,mM
23,"1,5-diamino-3-azapentane",Trans-2-pentenal,=,6.25,mM
23,"3,3'-Diamino-N-methyldipropylamine",Trans-2-pentenal,=,3.12,mM
23,"1,11-diamino-3,6,9-trioxaundecane",citronellal,=,0.0061,mM
23,"1,6-Hexanediamine",citronellal,=,0.048,mM
23,"1,11-diamino-3,6,9-trioxaundecane",2-Pyridinecarboxaldehyde,=,3.12,mM
23,"1,6-Hexanediamine",2-Pyridinecarboxaldehyde,=,3.12,mM
23,"1,5-diamino-3-azapentane",2-Pyridinecarboxaldehyde,=,12.5,mM
23,"1,5-diamino-3-azapentane",(E)-hept-2-enal,=,1.5,mM
23,"1,11-diamino-3,6,9-trioxaundecane","(2E,4E)-deca-2,4-dienal",=,0.049,mM
23,"1,6-Hexanediamine","(2E,4E)-deca-2,4-dienal",=,0.19,mM
23,"1,11-diamino-3,6,9-trioxaundecane",Cinnamaldehyde,=,0.19,mM
23,"1,6-Hexanediamine",Cinnamaldehyde,=,0.39,mM
23,"1,5-diamino-3-azapentane",Cinnamaldehyde,=,3,mM
23,"1,11-diamino-3,6,9-trioxaundecane",p-Bromo benzaldehyde,=,6.25,mM
23,"1,6-Hexanediamine",p-Bromo benzaldehyde,=,6.25,mM
23,"1,6-Hexanediamine",(E)-non-2-enal,=,0.098,mM
23,"1,5-diamino-3-azapentane",(E)-non-2-enal,=,0.38,mM
23,"1,11-diamino-3,6,9-trioxaundecane","(2E)-nona-2,6-dienal",=,0.098,mM
23,"1,6-Hexanediamine","(2E)-nona-2,6-dienal",=,0.19,mM
23,"1,5-diamino-3-azapentane","(2E)-nona-2,6-dienal",=,0.19,mM
23,"1,11-diamino-3,6,9-trioxaundecane",Citral,=,0.098,mM
23,"1,6-Hexanediamine",Citral,=,0.19,mM
23,"1,11-diamino-3,6,9-trioxaundecane",(E)-hex-2-enal,=,0.19,mM
23,"1,6-Hexanediamine",(E)-hex-2-enal,=,0.39,mM
23,"1,5-diamino-3-azapentane",(E)-hex-2-enal,=,3,mM
23,"1,11-diamino-3,6,9-trioxaundecane",Formaldehyde,=,3.12,mM
23,"1,5-diamino-3-azapentane",Formaldehyde,=,12.5,mM
24,"N-bis-(2-amino-ethyl)-ethane-1,2-diamine",(E)-2-Octenal,=,0.196,mM
24,"2,2-bis(2-aminoethoxy)propane",(E)-2-Octenal,=,0.098,mM
24,(Z)-[bis(2-aminoethyl)amino]-hydroxyimino-oxidoazanium,(E)-2-Octenal,=,0.098,mM
24,"1,11-diamino-3,6,9-trioxaundecane",(E)-2-Octenal,=,0.098,mM
24,"1,4-diaminobutane",(E)-2-Octenal,=,0.098,mM
24,p-Phenylenediamine,(E)-2-Octenal,>,12.5,mM
24,"(3-aminopropyl)-1,2-ethylenediamine",(E)-2-Octenal,=,0.39,mM
24,"1,6-Hexanediamine",(E)-2-Octenal,=,0.098,mM
24,"1,3-bis(aminomethyl)cyclohexane",(E)-2-Octenal,=,0.39,mM
24,1.9-diaminononane,(E)-2-Octenal,=,0.098,mM
24,"2,2'-(ethylenedioxy)bis(ethylamine)",(E)-2-Octenal,=,0.049,mM
24,"1,5-diamino-3-azapentane",(E)-2-Octenal,=,0.38,mM
24,Bis(3-aminopropyl)amine,(E)-2-Octenal,=,0.75,mM
24,"3,3'-Diamino-N-methyldipropylamine",(E)-2-Octenal,=,0.098,mM
24,Spermine,(E)-2-Octenal,=,0.75,mM
24,"1,11-diamino-3,6,9-trioxaundecane",1H-Imidazole-2-carboxaldehyde,=,0.39,mM
24,"1,5-diamino-3-azapentane",1H-Imidazole-2-carboxaldehyde,=,0.78,mM
24,"1,11-diamino-3,6,9-trioxaundecane",4-Ethynylbenzaldehyde,=,3.12,mM
24,"1,5-diamino-3-azapentane",4-Ethynylbenzaldehyde,>,12.5,mM
24,"1,6-Hexanediamine","3,4-Dihydroxybenzaldehyde",=,6.25,mM
24,"1,11-diamino-3,6,9-trioxaundecane",(E)-Dec-2-enal,=,0.024,mM
24,"1,6-Hexanediamine",(E)-Dec-2-enal,=,0.098,mM
24,"1,5-diamino-3-azapentane",(E)-Dec-2-enal,=,1.5,mM
24,"N-bis-(2-amino-ethyl)-ethane-1,2-diamine","2,6-Dimethyl-5-heptenal",=,3.12,mM
24,"2,2-bis(2-aminoethoxy)propane","2,6-Dimethyl-5-heptenal",>,12.5,mM
24,cystamine dihydrochloride,"2,6-Dimethyl-5-heptenal",=,6.25,mM
24,"1,7-Diaminoheptane","2,6-Dimethyl-5-heptenal",=,3.12,mM
24,"2,2'-diaminodiethyl ether","2,6-Dimethyl-5-heptenal",>,12.5,mM
24,"1,11-diamino-3,6,9-trioxaundecane","2,6-Dimethyl-5-heptenal",=,12.5,mM
24,"1,5-diaminopentane","2,6-Dimethyl-5-heptenal",=,6.25,mM
24,"1,4-diaminobutane","2,6-Dimethyl-5-heptenal",=,3.12,mM
24,"2,5-Bis(aminomethyl)furan","2,6-Dimethyl-5-heptenal",=,6.25,mM
24,"1,8-diaminooctan","2,6-Dimethyl-5-heptenal",=,1.56,mM
24,p-Phenylenediamine,"2,6-Dimethyl-5-heptenal",=,1.56,mM
24,"3,7-diazanonane-1,9-diamine","2,6-Dimethyl-5-heptenal",=,6.25,mM
24,"(3-aminopropyl)-1,2-ethylenediamine","2,6-Dimethyl-5-heptenal",=,12.5,mM
24,"1,6-Hexanediamine","2,6-Dimethyl-5-heptenal",=,6.25,mM
24,"1,3-di(aminomethyl)benzene","2,6-Dimethyl-5-heptenal",=,12.5,mM
24,"1,3-bis(aminomethyl)cyclohexane","2,6-Dimethyl-5-heptenal",=,12.5,mM
24,1.9-diaminononane,"2,6-Dimethyl-5-heptenal",=,1.56,mM
24,"2,2'-(ethylenedioxy)bis(ethylamine)","2,6-Dimethyl-5-heptenal",=,3.12,mM
24,"N'-(2-aminoethyl)-N'-methylethane-1,2-diamine","2,6-Dimethyl-5-heptenal",>,12.5,mM
24,Spermidine,"2,6-Dimethyl-5-heptenal",=,6.25,mM
24,"1,5-diamino-3-azapentane","2,6-Dimethyl-5-heptenal",=,6.25,mM
24,Bis(3-aminopropyl)amine,"2,6-Dimethyl-5-heptenal",=,3.12,mM
24,"3,3'-Diamino-N-methyldipropylamine","2,6-Dimethyl-5-heptenal",=,12.5,mM
24,"1,6-Hexanediamine",4-Nitrobenzaldehyde,=,3.12,mM
24,"1,5-diamino-3-azapentane",4-Nitrobenzaldehyde,=,3.12,mM
24,"1,11-diamino-3,6,9-trioxaundecane",Hexanal,=,0.39,mM
24,"1,6-Hexanediamine",Hexanal,=,0.048,mM
24,"1,5-diamino-3-azapentane",Hexanal,=,0.78,mM
24,"1,6-Hexanediamine",Vanillin,=,6.25,mM
24,"1,5-diamino-3-azapentane",Vanillin,=,1.5,mM
24,"1,6-Hexanediamine",Octyl aldehyde,=,0.098,mM
24,"1,5-diamino-3-azapentane",Octyl aldehyde,=,0.39,mM
24,"1,6-Hexanediamine",Nonyl aldehyde,=,0.19,mM
24,"1,5-diamino-3-azapentane",Nonyl aldehyde,=,0.098,mM
24,"N-bis-(2-amino-ethyl)-ethane-1,2-diamine",Trans-2-pentenal,=,6.25,mM
24,(Z)-[bis(2-aminoethyl)amino]-hydroxyimino-oxidoazanium,Trans-2-pentenal,=,0.39,mM
24,"1,7-Diaminoheptane",Trans-2-pentenal,=,0.39,mM
24,"2,2'-diaminodiethyl ether",Trans-2-pentenal,=,3.12,mM
24,"1,11-diamino-3,6,9-trioxaundecane",Trans-2-pentenal,=,3.12,mM
24,"1,5-diaminopentane",Trans-2-pentenal,=,1.56,mM
24,"1,4-diaminobutane",Trans-2-pentenal,=,0.19,mM
24,"1,8-diaminooctan",Trans-2-pentenal,=,0.39,mM
24,"3,7-diazanonane-1,9-diamine",Trans-2-pentenal,=,6.25,mM
24,"1,6-Hexanediamine",Trans-2-pentenal,=,0.19,mM
24,"1,3-bis(aminomethyl)cyclohexane",Trans-2-pentenal,=,1.56,mM
24,1.9-diaminononane,Trans-2-pentenal,=,0.098,mM
24,"N'-(2-aminoethyl)-N'-methylethane-1,2-diamine",Trans-2-pentenal,=,0.78,mM
24,"1,5-diamino-3-azapentane",Trans-2-pentenal,=,6.25,mM
24,Bis(3-aminopropyl)amine,Trans-2-pentenal,=,0.39,mM
24,"1,11-diamino-3,6,9-trioxaundecane",citronellal,=,0.0061,mM
24,"1,6-Hexanediamine",citronellal,=,0.048,mM
24,"1,5-diamino-3-azapentane",citronellal,=,1.56,mM
24,"1,6-Hexanediamine",2-Pyridinecarboxaldehyde,=,3.12,mM
24,"1,5-diamino-3-azapentane",2-Pyridinecarboxaldehyde,=,12.5,mM
24,"1,11-diamino-3,6,9-trioxaundecane",(E)-hept-2-enal,=,0.049,mM
24,"1,6-Hexanediamine",(E)-hept-2-enal,=,0.048,mM
24,"1,11-diamino-3,6,9-trioxaundecane","(2E,4E)-deca-2,4-dienal",=,0.049,mM
24,"1,6-Hexanediamine","(2E,4E)-deca-2,4-dienal",=,0.19,mM
24,"1,5-diamino-3-azapentane","(2E,4E)-deca-2,4-dienal",=,0.75,mM
24,"1,11-diamino-3,6,9-trioxaundecane",Cinnamaldehyde,=,0.19,mM
24,"1,6-Hexanediamine",Cinnamaldehyde,=,0.39,mM
24,"1,5-diamino-3-azapentane",Cinnamaldehyde,=,3,mM
24,"1,11-diamino-3,6,9-trioxaundecane",p-Bromo benzaldehyde,=,6.25,mM
24,"1,6-Hexanediamine",p-Bromo benzaldehyde,=,6.25,mM
24,"1,5-diamino-3-azapentane",p-Bromo benzaldehyde,=,3.12,mM
24,"1,11-diamino-3,6,9-trioxaundecane",(E)-non-2-enal,=,0.048,mM
24,"1,6-Hexanediamine",(E)-non-2-enal,=,0.098,mM
24,"1,5-diamino-3-azapentane",(E)-non-2-enal,=,0.38,mM
24,"1,6-Hexanediamine","(2E)-nona-2,6-dienal",=,0.19,mM
24,"1,5-diamino-3-azapentane","(2E)-nona-2,6-dienal",=,0.19,mM
24,"1,11-diamino-3,6,9-trioxaundecane",Citral,=,0.098,mM
24,"1,6-Hexanediamine",Citral,=,0.19,mM
24,"1,5-diamino-3-azapentane",Citral,=,0.19,mM
24,"1,11-diamino-3,6,9-trioxaundecane",(E)-hex-2-enal,=,0.19,mM
24,"1,5-diamino-3-azapentane",(E)-hex-2-enal,=,3,mM
24,"1,11-diamino-3,6,9-trioxaundecane",Formaldehyde,=,3.12,mM
24,"1,5-diamino-3-azapentane",Formaldehyde,=,12.5,mM
25,"N-bis-(2-amino-ethyl)-ethane-1,2-diamine",(E)-2-Octenal,=,0.196,mM
25,"2,2-bis(2-aminoethoxy)propane",(E)-2-Octenal,=,0.098,mM
25,"1,7-Diaminoheptane",(E)-2-Octenal,=,0.049,mM
25,"2,2'-diaminodiethyl ether",(E)-2-Octenal,=,0.098,mM
25,"1,11-diamino-3,6,9-trioxaundecane",(E)-2-Octenal,=,0.098,mM
25,"1,5-diaminopentane",(E)-2-Octenal,=,0.098,mM
25,"1,4-diaminobutane",(E)-2-Octenal,=,0.098,mM
25,Polyethylenimine linear,(E)-2-Octenal,=,0.38,mM
25,"3,7-diazanonane-1,9-diamine",(E)-2-Octenal,=,0.196,mM
25,"(3-aminopropyl)-1,2-ethylenediamine",(E)-2-Octenal,=,0.39,mM
25,"1,6-Hexanediamine",(E)-2-Octenal,=,0.098,mM
25,"1,3-bis(aminomethyl)cyclohexane",(E)-2-Octenal,=,0.39,mM
25,1.9-diaminononane,(E)-2-Octenal,=,0.098,mM
25,"2,2',2''-triaminotriethylamine",(E)-2-Octenal,=,0.098,mM
25,"N'-(2-aminoethyl)-N'-methylethane-1,2-diamine",(E)-2-Octenal,=,0.049,mM
25,"1,5-diamino-3-azapentane",(E)-2-Octenal,=,0.38,mM
25,Bis(3-aminopropyl)amine,(E)-2-Octenal,=,0.75,mM
25,"3,3'-Diamino-N-methyldipropylamine",(E)-2-Octenal,=,0.098,mM
25,Spermine,(E)-2-Octenal,=,0.75,mM
25,"1,11-diamino-3,6,9-trioxaundecane",1H-Imidazole-2-carboxaldehyde,=,0.39,mM
25,"1,6-Hexanediamine",1H-Imidazole-2-carboxaldehyde,=,3.12,mM
25,"1,5-diamino-3-azapentane",1H-Imidazole-2-carboxaldehyde,=,0.78,mM
25,"1,11-diamino-3,6,9-trioxaundecane",4-Ethynylbenzaldehyde,=,3.12,mM
25,"1,11-diamino-3,6,9-trioxaundecane","3,4-Dihydroxybenzaldehyde",=,6.25,mM
25,"1,6-Hexanediamine","3,4-Dihydroxybenzaldehyde",=,6.25,mM
25,"1,11-diamino-3,6,9-trioxaundecane",(E)-Dec-2-enal,=,0.024,mM
25,"1,6-Hexanediamine",(E)-Dec-2-enal,=,0.098,mM
25,"2,2-bis(2-aminoethoxy)propane","2,6-Dimethyl-5-heptenal",>,12.5,mM
25,(Z)-[bis(2-aminoethyl)amino]-hydroxyimino-oxidoazanium,"2,6-Dimethyl-5-heptenal",=,6.25,mM
25,"2,2'-diaminodiethyl ether","2,6-Dimethyl-5-heptenal",>,12.5,mM
25,"1,11-diamino-3,6,9-trioxaundecane","2,6-Dimethyl-5-heptenal",=,12.5,mM
25,"1,5-diaminopentane","2,6-Dimethyl-5-heptenal",=,6.25,mM
25,"1,4-diaminobutane","2,6-Dimethyl-5-heptenal",=,3.12,mM
25,"2,5-Bis(aminomethyl)furan","2,6-Dimethyl-5-heptenal",=,6.25,mM
25,"1,8-diaminooctan","2,6-Dimethyl-5-heptenal",=,1.56,mM
25,p-Phenylenediamine,"2,6-Dimethyl-5-heptenal",=,1.56,mM
25,"3,7-diazanonane-1,9-diamine","2,6-Dimethyl-5-heptenal",=,6.25,mM
25,"(3-aminopropyl)-1,2-ethylenediamine","2,6-Dimethyl-5-heptenal",=,12.5,mM
25,"1,6-Hexanediamine","2,6-Dimethyl-5-heptenal",=,6.25,mM
25,"1,3-di(aminomethyl)benzene","2,6-Dimethyl-5-heptenal",=,12.5,mM
25,"1,3-bis(aminomethyl)cyclohexane","2,6-Dimethyl-5-heptenal",=,12.5,mM
25,1.9-diaminononane,"2,6-Dimethyl-5-heptenal",=,1.56,mM
25,"2,2',2''-triaminotriethylamine","2,6-Dimethyl-5-heptenal",=,3.12,mM
25,Spermidine,"2,6-Dimethyl-5-heptenal",=,6.25,mM
25,"1,5-diamino-3-azapentane","2,6-Dimethyl-5-heptenal",=,6.25,mM
25,"3,3'-Diamino-N-methyldipropylamine","2,6-Dimethyl-5-heptenal",=,12.5,mM
25,Spermine,"2,6-Dimethyl-5-heptenal",=,6.25,mM
25,"1,6-Hexanediamine",4-Nitrobenzaldehyde,=,3.12,mM
25,"1,5-diamino-3-azapentane",4-Nitrobenzaldehyde,=,3.12,mM
25,"1,11-diamino-3,6,9-trioxaundecane",Hexanal,=,0.39,mM
25,"1,6-Hexanediamine",Hexanal,=,0.048,mM
25,"1,5-diamino-3-azapentane",Hexanal,=,0.78,mM
25,"1,11-diamino-3,6,9-trioxaundecane",Vanillin,=,12.5,mM
25,"1,6-Hexanediamine",Vanillin,=,6.25,mM
25,"1,5-diamino-3-azapentane",Vanillin,=,1.5,mM
25,"1,11-diamino-3,6,9-trioxaundecane",Octyl aldehyde,=,0.024,mM
25,"1,6-Hexanediamine",Octyl aldehyde,=,0.098,mM
25,"1,5-diamino-3-azapentane",Octyl aldehyde,=,0.39,mM
25,"1,6-Hexanediamine",Nonyl aldehyde,=,0.19,mM
25,"1,5-diamino-3-azapentane",Nonyl aldehyde,=,0.098,mM
25,"N-bis-(2-amino-ethyl)-ethane-1,2-diamine",Trans-2-pentenal,=,6.25,mM
25,"2,2-bis(2-aminoethoxy)propane",Trans-2-pentenal,=,1.56,mM
25,(Z)-[bis(2-aminoethyl)amino]-hydroxyimino-oxidoazanium,Trans-2-pentenal,=,0.39,mM
25,"1,7-Diaminoheptane",Trans-2-pentenal,=,0.39,mM
25,"2,2'-diaminodiethyl ether",Trans-2-pentenal,=,3.12,mM
25,"1,11-diamino-3,6,9-trioxaundecane",Trans-2-pentenal,=,3.12,mM
25,"1,5-diaminopentane",Trans-2-pentenal,=,1.56,mM
25,"1,4-diaminobutane",Trans-2-pentenal,=,0.19,mM
25,"1,8-diaminooctan",Trans-2-pentenal,=,0.39,mM
25,p-Phenylenediamine,Trans-2-pentenal,>,12.5,mM
25,"(3-aminopropyl)-1,2-ethylenediamine",Trans-2-pentenal,=,6.25,mM
25,"1,6-Hexanediamine",Trans-2-pentenal,=,0.19,mM
25,"1,3-bis(aminomethyl)cyclohexane",Trans-2-pentenal,=,1.56,mM
25,1.9-diaminononane,Trans-2-pentenal,=,0.098,mM
25,"2,2'-(ethylenedioxy)bis(ethylamine)",Trans-2-pentenal,=,3.12,mM
25,"N'-(2-aminoethyl)-N'-methylethane-1,2-diamine",Trans-2-pentenal,=,0.78,mM
25,"1,5-diamino-3-azapentane",Trans-2-pentenal,=,6.25,mM
25,Bis(3-aminopropyl)amine,Trans-2-pentenal,=,0.39,mM
25,"1,6-Hexanediamine",citronellal,=,0.048,mM
25,"1,5-diamino-3-azapentane",citronellal,=,1.56,mM
25,"1,11-diamino-3,6,9-trioxaundecane",2-Pyridinecarboxaldehyde,=,3.12,mM
25,"1,6-Hexanediamine",2-Pyridinecarboxaldehyde,=,3.12,mM
25,"1,11-diamino-3,6,9-trioxaundecane",(E)-hept-2-enal,=,0.049,mM
25,"1,5-diamino-3-azapentane",(E)-hept-2-enal,=,1.5,mM
25,"1,11-diamino-3,6,9-trioxaundecane","(2E,4E)-deca-2,4-dienal",=,0.049,mM
25,"1,6-Hexanediamine","(2E,4E)-deca-2,4-dienal",=,0.19,mM
25,"1,5-diamino-3-azapentane","(2E,4E)-deca-2,4-dienal",=,0.75,mM
25,"1,11-diamino-3,6,9-trioxaundecane",Cinnamaldehyde,=,0.19,mM
25,"1,6-Hexanediamine",Cinnamaldehyde,=,0.39,mM
25,"1,5-diamino-3-azapentane",Cinnamaldehyde,=,3,mM
25,"1,11-diamino-3,6,9-trioxaundecane",(E)-non-2-enal,=,0.048,mM
25,"1,6-Hexanediamine",(E)-non-2-enal,=,0.098,mM
25,"1,11-diamino-3,6,9-trioxaundecane","(2E)-nona-2,6-dienal",=,0.098,mM
25,"1,5-diamino-3-azapentane","(2E)-nona-2,6-dienal",=,0.19,mM
25,"1,6-Hexanediamine",Citral,=,0.19,mM
25,"1,5-diamino-3-azapentane",Citral,=,0.19,mM
25,"1,11-diamino-3,6,9-trioxaundecane",(E)-hex-2-enal,=,0.19,mM
25,"1,5-diamino-3-azapentane",(E)-hex-2-enal,=,3,mM
25,"1,11-diamino-3,6,9-trioxaundecane",Formaldehyde,=,3.12,mM
25,"1,5-diamino-3-azapentane",Formaldehyde,=,12.5,mM
26,"N-bis-(2-amino-ethyl)-ethane-1,2-diamine",(E)-2-Octenal,=,0.196,mM
26,"2,2-bis(2-aminoethoxy)propane",(E)-2-Octenal,=,0.098,mM
26,(Z)-[bis(2-aminoethyl)amino]-hydroxyimino-oxidoazanium,(E)-2-Octenal,=,0.098,mM
26,"2,2'-diaminodiethyl ether",(E)-2-Octenal,=,0.098,mM
26,"1,11-diamino-3,6,9-trioxaundecane",(E)-2-Octenal,=,0.098,mM
26,"1,5-diaminopentane",(E)-2-Octenal,=,0.098,mM
26,"1,4-diaminobutane",(E)-2-Octenal,=,0.098,mM
26,"1,8-diaminooctan",(E)-2-Octenal,=,0.098,mM
26,Polyethylenimine linear,(E)-2-Octenal,=,0.38,mM
26,"3,7-diazanonane-1,9-diamine",(E)-2-Octenal,=,0.196,mM
26,"1,6-Hexanediamine",(E)-2-Octenal,=,0.098,mM
26,1.9-diaminononane,(E)-2-Octenal,=,0.098,mM
26,"2,2'-(ethylenedioxy)bis(ethylamine)",(E)-2-Octenal,=,0.049,mM
26,"2,2',2''-triaminotriethylamine",(E)-2-Octenal,=,0.098,mM
26,"N'-(2-aminoethyl)-N'-methylethane-1,2-diamine",(E)-2-Octenal,=,0.049,mM
26,Bis(3-aminopropyl)amine,(E)-2-Octenal,=,0.75,mM
26,"3,3'-Diamino-N-methyldipropylamine",(E)-2-Octenal,=,0.098,mM
26,Spermine,(E)-2-Octenal,=,0.75,mM
26,"1,11-diamino-3,6,9-trioxaundecane",1H-Imidazole-2-carboxaldehyde,=,0.39,mM
26,"1,6-Hexanediamine",1H-Imidazole-2-carboxaldehyde,=,3.12,mM
26,"1,5-diamino-3-azapentane",4-Ethynylbenzaldehyde,>,12.5,mM
26,"1,11-diamino-3,6,9-trioxaundecane","3,4-Dihydroxybenzaldehyde",=,6.25,mM
26,"1,6-Hexanediamine","3,4-Dihydroxybenzaldehyde",=,6.25,mM
26,"1,11-diamino-3,6,9-trioxaundecane",(E)-Dec-2-enal,=,0.024,mM
26,"2,2-bis(2-aminoethoxy)propane","2,6-Dimethyl-5-heptenal",>,12.5,mM
26,(Z)-[bis(2-aminoethyl)amino]-hydroxyimino-oxidoazanium,"2,6-Dimethyl-5-heptenal",=,6.25,mM
26,cystamine dihydrochloride,"2,6-Dimethyl-5-heptenal",=,6.25,mM
26,"1,7-Diaminoheptane","2,6-Dimethyl-5-heptenal",=,3.12,mM
26,"2,2'-diaminodiethyl ether","2,6-Dimethyl-5-heptenal",>,12.5,mM
26,"1,11-diamino-3,6,9-trioxaundecane","2,6-Dimethyl-5-heptenal",=,12.5,mM
26,"1,5-diaminopentane","2,6-Dimethyl-5-heptenal",=,6.25,mM
26,"1,4-diaminobutane","2,6-Dimethyl-5-heptenal",=,3.12,mM
26,"2,5-Bis(aminomethyl)furan","2,6-Dimethyl-5-heptenal",=,6.25,mM
26,p-Phenylenediamine,"2,6-Dimethyl-5-heptenal",=,1.56,mM
26,"3,7-diazanonane-1,9-diamine","2,6-Dimethyl-5-heptenal",=,6.25,mM
26,"(3-aminopropyl)-1,2-ethylenediamine","2,6-Dimethyl-5-heptenal",=,12.5,mM
26,"1,6-Hexanediamine","2,6-Dimethyl-5-heptenal",=,6.25,mM
26,"1,3-di(aminomethyl)benzene","2,6-Dimethyl-5-heptenal",=,12.5,mM
26,"1,3-bis(aminomethyl)cyclohexane","2,6-Dimethyl-5-heptenal",=,12.5,mM
26,"2,2',2''-triaminotriethylamine","2,6-Dimethyl-5-heptenal",=,3.12,mM
26,"N'-(2-aminoethyl)-N'-methylethane-1,2-diamine","2,6-Dimethyl-5-heptenal",>,12.5,mM
26,"1,5-diamino-3-azapentane","2,6-Dimethyl-5-heptenal",=,6.25,mM
26,"3,3'-Diamino-N-methyldipropylamine","2,6-Dimethyl-5-heptenal",=,12.5,mM
26,Spermine,"2,6-Dimethyl-5-heptenal",=,6.25,mM
26,"1,11-diamino-3,6,9-trioxaundecane",4-Nitrobenzaldehyde,=,1.56,mM
26,"1,6-Hexanediamine",4-Nitrobenzaldehyde,=,3.12,mM
26,"1,5-diamino-3-azapentane",4-Nitrobenzaldehyde,=,3.12,mM
26,"1,11-diamino-3,6,9-trioxaundecane",Hexanal,=,0.39,mM
26,"1,6-Hexanediamine",Hexanal,=,0.048,mM
26,"1,6-Hexanediamine",Vanillin,=,6.25,mM
26,"1,5-diamino-3-azapentane",Vanillin,=,1.5,mM
26,"1,11-diamino-3,6,9-trioxaundecane",Octyl aldehyde,=,0.024,mM
26,"1,6-Hexanediamine",Octyl aldehyde,=,0.098,mM
26,"1,5-diamino-3-azapentane",Octyl aldehyde,=,0.39,mM
26,"1,6-Hexanediamine",Nonyl aldehyde,=,0.19,mM
26,"1,5-diamino-3-azapentane",Nonyl aldehyde,=,0.098,mM
26,"N-bis-(2-amino-ethyl)-ethane-1,2-diamine",Trans-2-pentenal,=,6.25,mM
26,"2,2-bis(2-aminoethoxy)propane",Trans-2-pentenal,=,1.56,mM
26,(Z)-[bis(2-aminoethyl)amino]-hydroxyimino-oxidoazanium,Trans-2-pentenal,=,0.39,mM
26,"1,7-Diaminoheptane",Trans-2-pentenal,=,0.39,mM
26,"1,11-diamino-3,6,9-trioxaundecane",Trans-2-pentenal,=,3.12,mM
26,"1,5-diaminopentane",Trans-2-pentenal,=,1.56,mM
26,"1,8-diaminooctan",Trans-2-pentenal,=,0.39,mM
26,"3,7-diazanonane-1,9-diamine",Trans-2-pentenal,=,6.25,mM
26,"(3-aminopropyl)-1,2-ethylenediamine",Trans-2-pentenal,=,6.25,mM
26,"1,3-bis(aminomethyl)cyclohexane",Trans-2-pentenal,=,1.56,mM
26,1.9-diaminononane,Trans-2-pentenal,=,0.098,mM
26,"2,2'-(ethylenedioxy)bis(ethylamine)",Trans-2-pentenal,=,3.12,mM
26,"N'-(2-aminoethyl)-N'-methylethane-1,2-diamine",Trans-2-pentenal,=,0.78,mM
26,"1,5-diamino-3-azapentane",Trans-2-pentenal,=,6.25,mM
26,Bis(3-aminopropyl)amine,Trans-2-pentenal,=,0.39,mM
26,"3,3'-Diamino-N-methyldipropylamine",Trans-2-pentenal,=,3.12,mM
26,"1,11-diamino-3,6,9-trioxaundecane",citronellal,=,0.0061,mM
26,"1,11-diamino-3,6,9-trioxaundecane",2-Pyridinecarboxaldehyde,=,3.12,mM
26,"1,6-Hexanediamine",2-Pyridinecarboxaldehyde,=,3.12,mM
26,"1,5-diamino-3-azapentane",2-Pyridinecarboxaldehyde,=,12.5,mM
26,"1,11-diamino-3,6,9-trioxaundecane",(E)-hept-2-enal,=,0.049,mM
26,"1,6-Hexanediamine",(E)-hept-2-enal,=,0.048,mM
26,"1,5-diamino-3-azapentane",(E)-hept-2-enal,=,1.5,mM
26,"1,11-diamino-3,6,9-trioxaundecane","(2E,4E)-deca-2,4-dienal",=,0.049,mM
26,"1,6-Hexanediamine","(2E,4E)-deca-2,4-dienal",=,0.19,mM
26,"1,11-diamino-3,6,9-trioxaundecane",Cinnamaldehyde,=,0.19,mM
26,"1,6-Hexanediamine",Cinnamaldehyde,=,0.39,mM
26,"1,5-diamino-3-azapentane",Cinnamaldehyde,=,3,mM
26,"1,11-diamino-3,6,9-trioxaundecane",p-Bromo benzaldehyde,=,6.25,mM
26,"1,6-Hexanediamine",p-Bromo benzaldehyde,=,6.25,mM
26,"1,11-diamino-3,6,9-trioxaundecane",(E)-non-2-enal,=,0.048,mM
26,"1,6-Hexanediamine",(E)-non-2-enal,=,0.098,mM
26,"1,5-diamino-3-azapentane",(E)-non-2-enal,=,0.38,mM
26,"1,11-diamino-3,6,9-trioxaundecane","(2E)-nona-2,6-dienal",=,0.098,mM
26,"1,6-Hexanediamine","(2E)-nona-2,6-dienal",=,0.19,mM
26,"1,5-diamino-3-azapentane","(2E)-nona-2,6-dienal",=,0.19,mM
26,"1,11-diamino-3,6,9-trioxaundecane",Citral,=,0.098,mM
26,"1,6-Hexanediamine",Citral,=,0.19,mM
26,"1,5-diamino-3-azapentane",Citral,=,0.19,mM
26,"1,11-diamino-3,6,9-trioxaundecane",(E)-hex-2-enal,=,0.19,mM
26,"1,6-Hexanediamine",(E)-hex-2-enal,=,0.39,mM
26,"1,5-diamino-3-azapentane",(E)-hex-2-enal,=,3,mM
26,"1,11-diamino-3,6,9-trioxaundecane",Formaldehyde,=,3.12,mM
26,"1,5-diamino-3-azapentane",Formaldehyde,=,12.5,mM
27,"N-bis-(2-amino-ethyl)-ethane-1,2-diamine",(E)-2-Octenal,=,0.196,mM
27,"1,7-Diaminoheptane",(E)-2-Octenal,=,0.049,mM
27,"1,11-diamino-3,6,9-trioxaundecane",(E)-2-Octenal,=,0.098,mM
27,"1,5-diaminopentane",(E)-2-Octenal,=,0.098,mM
27,"1,4-diaminobutane",(E)-2-Octenal,=,0.098,mM
27,"1,8-diaminooctan",(E)-2-Octenal,=,0.098,mM
27,p-Phenylenediamine,(E)-2-Octenal,>,12.5,mM
27,Polyethylenimine linear,(E)-2-Octenal,=,0.38,mM
27,"3,7-diazanonane-1,9-diamine",(E)-2-Octenal,=,0.196,mM
27,"(3-aminopropyl)-1,2-ethylenediamine",(E)-2-Octenal,=,0.39,mM
27,"1,3-bis(aminomethyl)cyclohexane",(E)-2-Octenal,=,0.39,mM
27,1.9-diaminononane,(E)-2-Octenal,=,0.098,mM
27,"2,2'-(ethylenedioxy)bis(ethylamine)",(E)-2-Octenal,=,0.049,mM
27,"N'-(2-aminoethyl)-N'-methylethane-1,2-diamine",(E)-2-Octenal,=,0.049,mM
27,"1,5-diamino-3-azapentane",(E)-2-Octenal,=,0.38,mM
27,Bis(3-aminopropyl)amine,(E)-2-Octenal,=,0.75,mM
27,Spermine,(E)-2-Octenal,=,0.75,mM
27,"1,6-Hexanediamine",1H-Imidazole-2-carboxaldehyde,=,3.12,mM
27,"1,5-diamino-3-azapentane",1H-Imidazole-2-carboxaldehyde,=,0.78,mM
27,"1,11-diamino-3,6,9-trioxaundecane",4-Ethynylbenzaldehyde,=,3.12,mM
27,"1,5-diamino-3-azapentane",4-Ethynylbenzaldehyde,>,12.5,mM
27,"1,11-diamino-3,6,9-trioxaundecane","3,4-Dihydroxybenzaldehyde",=,6.25,mM
27,"1,6-Hexanediamine","3,4-Dihydroxybenzaldehyde",=,6.25,mM
27,"1,11-diamino-3,6,9-trioxaundecane",(E)-Dec-2-enal,=,0.024,mM
27,"1,6-Hexanediamine",(E)-Dec-2-enal,=,0.098,mM
27,"1,5-diamino-3-azapentane",(E)-Dec-2-enal,=,1.5,mM
27,"N-bis-(2-amino-ethyl)-ethane-1,2-diamine","2,6-Dimethyl-5-heptenal",=,3.12,mM
27,(Z)-[bis(2-aminoethyl)amino]-hydroxyimino-oxidoazanium,"2,6-Dimethyl-5-heptenal",=,6.25,mM
27,cystamine dihydrochloride,"2,6-Dimethyl-5-heptenal",=,6.25,mM
27,"1,7-Diaminoheptane","2,6-Dimethyl-5-heptenal",=,3.12,mM
27,"1,11-diamino-3,6,9-trioxaundecane","2,6-Dimethyl-5-heptenal",=,12.5,mM
27,"1,5-diaminopentane","2,6-Dimethyl-5-heptenal",=,6.25,mM
27,"1,4-diaminobutane","2,6-Dimethyl-5-heptenal",=,3.12,mM
27,"2,5-Bis(aminomethyl)furan","2,6-Dimethyl-5-heptenal",=,6.25,mM
27,p-Phenylenediamine,"2,6-Dimethyl-5-heptenal",=,1.56,mM
27,"(3-aminopropyl)-1,2-ethylenediamine","2,6-Dimethyl-5-heptenal",=,12.5,mM
27,"1,6-Hexanediamine","2,6-Dimethyl-5-heptenal",=,6.25,mM
27,"1,3-di(aminomethyl)benzene","2,6-Dimethyl-5-heptenal",=,12.5,mM
27,"1,3-bis(aminomethyl)cyclohexane","2,6-Dimethyl-5-heptenal",=,12.5,mM
27,1.9-diaminononane,"2,6-Dimethyl-5-heptenal",=,1.56,mM
27,"2,2'-(ethylenedioxy)bis(ethylamine)","2,6-Dimethyl-5-heptenal",=,3.12,mM
27,"2,2',2''-triaminotriethylamine","2,6-Dimethyl-5-heptenal",=,3.12,mM
27,"N'-(2-aminoethyl)-N'-methylethane-1,2-diamine","2,6-Dimethyl-5-heptenal",>,12.5,mM
27,Spermidine,"2,6-Dimethyl-5-heptenal",=,6.25,mM
27,"1,5-diamino-3-azapentane","2,6-Dimethyl-5-heptenal",=,6.25,mM
27,Bis(3-aminopropyl)amine,"2,6-Dimethyl-5-heptenal",=,3.12,mM
27,"3,3'-Diamino-N-methyldipropylamine","2,6-Dimethyl-5-heptenal",=,12.5,mM
27,Spermine,"2,6-Dimethyl-5-heptenal",=,6.25,mM
27,"1,6-Hexanediamine",4-Nitrobenzaldehyde,=,3.12,mM
27,"1,5-diamino-3-azapentane",4-Nitrobenzaldehyde,=,3.12,mM
27,"1,6-Hexanediamine",Hexanal,=,0.048,mM
27,"1,11-diamino-3,6,9-trioxaundecane",Vanillin,=,12.5,mM
27,"1,6-Hexanediamine",Vanillin,=,6.25,mM
27,"1,5-diamino-3-azapentane",Vanillin,=,1.5,mM
27,"1,6-Hexanediamine",Octyl aldehyde,=,0.098,mM
27,"1,5-diamino-3-azapentane",Octyl aldehyde,=,0.39,mM
27,"1,6-Hexanediamine",Nonyl aldehyde,=,0.19,mM
27,"1,5-diamino-3-azapentane",Nonyl aldehyde,=,0.098,mM
27,"2,2-bis(2-aminoethoxy)propane",Trans-2-pentenal,=,1.56,mM
27,(Z)-[bis(2-aminoethyl)amino]-hydroxyimino-oxidoazanium,Trans-2-pentenal,=,0.39,mM
27,"1,7-Diaminoheptane",Trans-2-pentenal,=,0.39,mM
27,"2,2'-diaminodiethyl ether",Trans-2-pentenal,=,3.12,mM
27,"1,11-diamino-3,6,9-trioxaundecane",Trans-2-pentenal,=,3.12,mM
27,"1,5-diaminopentane",Trans-2-pentenal,=,1.56,mM
27,"1,8-diaminooctan",Trans-2-pentenal,=,0.39,mM
27,p-Phenylenediamine,Trans-2-pentenal,>,12.5,mM
27,"(3-aminopropyl)-1,2-ethylenediamine",Trans-2-pentenal,=,6.25,mM
27,"1,6-Hexanediamine",Trans-2-pentenal,=,0.19,mM
27,"1,3-bis(aminomethyl)cyclohexane",Trans-2-pentenal,=,1.56,mM
27,"2,2'-(ethylenedioxy)bis(ethylamine)",Trans-2-pentenal,=,3.12,mM
27,"N'-(2-aminoethyl)-N'-methylethane-1,2-diamine",Trans-2-pentenal,=,0.78,mM
27,"1,5-diamino-3-azapentane",Trans-2-pentenal,=,6.25,mM
27,Bis(3-aminopropyl)amine,Trans-2-pentenal,=,0.39,mM
27,"3,3'-Diamino-N-methyldipropylamine",Trans-2-pentenal,=,3.12,mM
27,"1,11-diamino-3,6,9-trioxaundecane",citronellal,=,0.0061,mM
27,"1,6-Hexanediamine",citronellal,=,0.048,mM
27,"1,5-diamino-3-azapentane",citronellal,=,1.56,mM
27,"1,11-diamino-3,6,9-trioxaundecane",2-Pyridinecarboxaldehyde,=,3.12,mM
27,"1,5-diamino-3-azapentane",2-Pyridinecarboxaldehyde,=,12.5,mM
27,"1,11-diamino-3,6,9-trioxaundecane",(E)-hept-2-enal,=,0.049,mM
27,"1,11-diamino-3,6,9-trioxaundecane","(2E,4E)-deca-2,4-dienal",=,0.049,mM
27,"1,6-Hexanediamine","(2E,4E)-deca-2,4-dienal",=,0.19,mM
27,"1,5-diamino-3-azapentane","(2E,4E)-deca-2,4-dienal",=,0.75,mM
27,"1,6-Hexanediamine",Cinnamaldehyde,=,0.39,mM
27,"1,5-diamino-3-azapentane",Cinnamaldehyde,=,3,mM
27,"1,11-diamino-3,6,9-trioxaundecane",p-Bromo benzaldehyde,=,6.25,mM
27,"1,6-Hexanediamine",p-Bromo benzaldehyde,=,6.25,mM
27,"1,5-diamino-3-azapentane",p-Bromo benzaldehyde,=,3.12,mM
27,"1,11-diamino-3,6,9-trioxaundecane",(E)-non-2-enal,=,0.048,mM
27,"1,6-Hexanediamine",(E)-non-2-enal,=,0.098,mM
27,"1,5-diamino-3-azapentane",(E)-non-2-enal,=,0.38,mM
27,"1,6-Hexanediamine","(2E)-nona-2,6-dienal",=,0.19,mM
27,"1,11-diamino-3,6,9-trioxaundecane",Citral,=,0.098,mM
27,"1,6-Hexanediamine",Citral,=,0.19,mM
27,"1,5-diamino-3-azapentane",Citral,=,0.19,mM
27,"1,11-diamino-3,6,9-trioxaundecane",(E)-hex-2-enal,=,0.19,mM
27,"1,6-Hexanediamine",(E)-hex-2-enal,=,0.39,mM
27,"1,5-diamino-3-azapentane",(E)-hex-2-enal,=,3,mM
27,"1,11-diamino-3,6,9-trioxaundecane",Formaldehyde,=,3.12,mM
27,"1,5-diamino-3-azapentane",Formaldehyde,=,12.5,mM
28,(Z)-[bis(2-aminoethyl)amino]-hydroxyimino-oxidoazanium,(E)-2-Octenal,=,0.098,mM
28,"1,7-Diaminoheptane",(E)-2-Octenal,=,0.049,mM
28,"2,2'-diaminodiethyl ether",(E)-2-Octenal,=,0.098,mM
28,"1,11-diamino-3,6,9-trioxaundecane",(E)-2-Octenal,=,0.098,mM
28,"1,5-diaminopentane",(E)-2-Octenal,=,0.098,mM
28,"1,4-diaminobutane",(E)-2-Octenal,=,0.098,mM
28,"1,8-diaminooctan",(E)-2-Octenal,=,0.098,mM
28,p-Phenylenediamine,(E)-2-Octenal,>,12.5,mM
28,Polyethylenimine linear,(E)-2-Octenal,=,0.38,mM
28,"3,7-diazanonane-1,9-diamine",(E)-2-Octenal,=,0.196,mM
28,"(3-aminopropyl)-1,2-ethylenediamine",(E)-2-Octenal,=,0.39,mM
28,"1,6-Hexanediamine",(E)-2-Octenal,=,0.098,mM
28,"1,3-bis(aminomethyl)cyclohexane",(E)-2-Octenal,=,0.39,mM
28,1.9-diaminononane,(E)-2-Octenal,=,0.098,mM
28,"2,2'-(ethylenedioxy)bis(ethylamine)",(E)-2-Octenal,=,0.049,mM
28,"2,2',2''-triaminotriethylamine",(E)-2-Octenal,=,0.098,mM
28,"N'-(2-aminoethyl)-N'-methylethane-1,2-diamine",(E)-2-Octenal,=,0.049,mM
28,"1,5-diamino-3-azapentane",(E)-2-Octenal,=,0.38,mM
28,"3,3'-Diamino-N-methyldipropylamine",(E)-2-Octenal,=,0.098,mM
28,Spermine,(E)-2-Octenal,=,0.75,mM
28,"1,11-diamino-3,6,9-trioxaundecane",1H-Imidazole-2-carboxaldehyde,=,0.39,mM
28,"1,11-diamino-3,6,9-trioxaundecane",4-Ethynylbenzaldehyde,=,3.12,mM
28,"1,5-diamino-3-azapentane",4-Ethynylbenzaldehyde,>,12.5,mM
28,"1,11-diamino-3,6,9-trioxaundecane","3,4-Dihydroxybenzaldehyde",=,6.25,mM
28,"1,6-Hexanediamine","3,4-Dihydroxybenzaldehyde",=,6.25,mM
28,"1,11-diamino-3,6,9-trioxaundecane",(E)-Dec-2-enal,=,0.024,mM
28,"1,6-Hexanediamine",(E)-Dec-2-enal,=,0.098,mM
28,"2,2-bis(2-aminoethoxy)propane","2,6-Dimethyl-5-heptenal",>,12.5,mM
28,cystamine dihydrochloride,"2,6-Dimethyl-5-heptenal",=,6.25,mM
28,"1,7-Diaminoheptane","2,6-Dimethyl-5-heptenal",=,3.12,mM
28,"2,2'-diaminodiethyl ether","2,6-Dimethyl-5-heptenal",>,12.5,mM
28,"1,5-diaminopentane","2,6-Dimethyl-5-heptenal",=,6.25,mM
28,"1,4-diaminobutane","2,6-Dimethyl-5-heptenal",=,3.12,mM
28,"2,5-Bis(aminomethyl)furan","2,6-Dimethyl-5-heptenal",=,6.25,mM
28,"1,8-diaminooctan","2,6-Dimethyl-5-heptenal",=,1.56,mM
28,"3,7-diazanonane-1,9-diamine","2,6-Dimethyl-5-heptenal",=,6.25,mM
28,"(3-aminopropyl)-1,2-ethylenediamine","2,6-Dimethyl-5-heptenal",=,12.5,mM
28,"1,6-Hexanediamine","2,6-Dimethyl-5-heptenal",=,6.25,mM
28,"1,3-di(aminomethyl)benzene","2,6-Dimethyl-5-heptenal",=,12.5,mM
28,1.9-diaminononane,"2,6-Dimethyl-5-heptenal",=,1.56,mM
28,"2,2'-(ethylenedioxy)bis(ethylamine)","2,6-Dimethyl-5-heptenal",=,3.12,mM
28,"2,2',2''-triaminotriethylamine","2,6-Dimethyl-5-heptenal",=,3.12,mM
28,"N'-(2-aminoethyl)-N'-methylethane-1,2-diamine","2,6-Dimethyl-5-heptenal",>,12.5,mM
28,Spermidine,"2,6-Dimethyl-5-heptenal",=,6.25,mM
28,"1,5-diamino-3-azapentane","2,6-Dimethyl-5-heptenal",=,6.25,mM
28,"3,3'-Diamino-N-methyldipropylamine","2,6-Dimethyl-5-heptenal",=,12.5,mM
28,Spermine,"2,6-Dimethyl-5-heptenal",=,6.25,mM
28,"1,6-Hexanediamine",4-Nitrobenzaldehyde,=,3.12,mM
28,"1,5-diamino-3-azapentane",4-Nitrobenzaldehyde,=,3.12,mM
28,"1,11-diamino-3,6,9-trioxaundecane",Hexanal,=,0.39,mM
28,"1,6-Hexanediamine",Hexanal,=,0.048,mM
28,"1,5-diamino-3-azapentane",Hexanal,=,0.78,mM
28,"1,11-diamino-3,6,9-trioxaundecane",Vanillin,=,12.5,mM
28,"1,6-Hexanediamine",Vanillin,=,6.25,mM
28,"1,5-diamino-3-azapentane",Vanillin,=,1.5,mM
28,"1,11-diamino-3,6,9-trioxaundecane",Octyl aldehyde,=,0.024,mM
28,"1,6-Hexanediamine",Octyl aldehyde,=,0.098,mM
28,"1,5-diamino-3-azapentane",Octyl aldehyde,=,0.39,mM
28,"1,6-Hexanediamine",Nonyl aldehyde,=,0.19,mM
28,"1,5-diamino-3-azapentane",Nonyl aldehyde,=,0.098,mM
28,"N-bis-(2-amino-ethyl)-ethane-1,2-diamine",Trans-2-pentenal,=,6.25,mM
28,"2,2-bis(2-aminoethoxy)propane",Trans-2-pentenal,=,1.56,mM
28,(Z)-[bis(2-aminoethyl)amino]-hydroxyimino-oxidoazanium,Trans-2-pentenal,=,0.39,mM
28,"2,2'-diaminodiethyl ether",Trans-2-pentenal,=,3.12,mM
28,"1,5-diaminopentane",Trans-2-pentenal,=,1.56,mM
28,"1,4-diaminobutane",Trans-2-pentenal,=,0.19,mM
28,"1,8-diaminooctan",Trans-2-pentenal,=,0.39,mM
28,p-Phenylenediamine,Trans-2-pentenal,>,12.5,mM
28,"3,7-diazanonane-1,9-diamine",Trans-2-pentenal,=,6.25,mM
28,"(3-aminopropyl)-1,2-ethylenediamine",Trans-2-pentenal,=,6.25,mM
28,"1,6-Hexanediamine",Trans-2-pentenal,=,0.19,mM
28,"1,3-bis(aminomethyl)cyclohexane",Trans-2-pentenal,=,1.56,mM
28,1.9-diaminononane,Trans-2-pentenal,=,0.098,mM
28,"2,2'-(ethylenedioxy)bis(ethylamine)",Trans-2-pentenal,=,3.12,mM
28,"N'-(2-aminoethyl)-N'-methylethane-1,2-diamine",Trans-2-pentenal,=,0.78,mM
28,Bis(3-aminopropyl)amine,Trans-2-pentenal,=,0.39,mM
28,"3,3'-Diamino-N-methyldipropylamine",Trans-2-pentenal,=,3.12,mM
28,"1,11-diamino-3,6,9-trioxaundecane",citronellal,=,0.0061,mM
28,"1,6-Hexanediamine",citronellal,=,0.048,mM
28,"1,5-diamino-3-azapentane",citronellal,=,1.56,mM
28,"1,11-diamino-3,6,9-trioxaundecane",2-Pyridinecarboxaldehyde,=,3.12,mM
28,"1,6-Hexanediamine",2-Pyridinecarboxaldehyde,=,3.12,mM
28,"1,5-diamino-3-azapentane",2-Pyridinecarboxaldehyde,=,12.5,mM
28,"1,6-Hexanediamine",(E)-hept-2-enal,=,0.048,mM
28,"1,5-diamino-3-azapentane",(E)-hept-2-enal,=,1.5,mM
28,"1,6-Hexanediamine","(2E,4E)-deca-2,4-dienal",=,0.19,mM
28,"1,11-diamino-3,6,9-trioxaundecane",Cinnamaldehyde,=,0.19,mM
28,"1,5-diamino-3-azapentane",Cinnamaldehyde,=,3,mM
28,"1,6-Hexanediamine",p-Bromo benzaldehyde,=,6.25,mM
28,"1,6-Hexanediamine",(E)-non-2-enal,=,0.098,mM
28,"1,5-diamino-3-azapentane",(E)-non-2-enal,=,0.38,mM
28,"1,11-diamino-3,6,9-trioxaundecane","(2E)-nona-2,6-dienal",=,0.098,mM
28,"1,6-Hexanediamine","(2E)-nona-2,6-dienal",=,0.19,mM
28,"1,5-diamino-3-azapentane","(2E)-nona-2,6-dienal",=,0.19,mM
28,"1,11-diamino-3,6,9-trioxaundecane",Citral,=,0.098,mM
28,"1,6-Hexanediamine",Citral,=,0.19,mM
28,"1,11-diamino-3,6,9-trioxaundecane",(E)-hex-2-enal,=,0.19,mM
28,"1,5-diamino-3-azapentane",(E)-hex-2-enal,=,3,mM
28,"1,11-diamino-3,6,9-trioxaundecane",Formaldehyde,=,3.12,mM
28,"1,5-diamino-3-azapentane",Formaldehyde,=,12.5,mM
29,"N-bis-(2-amino-ethyl)-ethane-1,2-diamine",(E)-2-Octenal,=,0.196,mM
29,(Z)-[bis(2-aminoethyl)amino]-hydroxyimino-oxidoazanium,(E)-2-Octenal,=,0.098,mM
29,"2,2'-diaminodiethyl ether",(E)-2-Octenal,=,0.098,mM
29,"1,11-diamino-3,6,9-trioxaundecane",(E)-2-Octenal,=,0.098,mM
29,"1,5-diaminopentane",(E)-2-Octenal,=,0.098,mM
29,"1,4-diaminobutane",(E)-2-Octenal,=,0.098,mM
29,"1,8-diaminooctan",(E)-2-Octenal,=,0.098,mM
29,p-Phenylenediamine,(E)-2-Octenal,>,12.5,mM
29,Polyethylenimine linear,(E)-2-Octenal,=,0.38,mM
29,"3,7-diazanonane-1,9-diamine",(E)-2-Octenal,=,0.196,mM
29,"1,3-bis(aminomethyl)cyclohexane",(E)-2-Octenal,=,0.39,mM
29,1.9-diaminononane,(E)-2-Octenal,=,0.098,mM
29,"2,2',2''-triaminotriethylamine",(E)-2-Octenal,=,0.098,mM
29,"1,5-diamino-3-azapentane",(E)-2-Octenal,=,0.38,mM
29,Bis(3-aminopropyl)amine,(E)-2-Octenal,=,0.75,mM
29,"3,3'-Diamino-N-methyldipropylamine",(E)-2-Octenal,=,0.098,mM
29,Spermine,(E)-2-Octenal,=,0.75,mM
29,"1,11-diamino-3,6,9-trioxaundecane",1H-Imidazole-2-carboxaldehyde,=,0.39,mM
29,"1,6-Hexanediamine",1H-Imidazole-2-carboxaldehyde,=,3.12,mM
29,"1,5-diamino-3-azapentane",1H-Imidazole-2-carboxaldehyde,=,0.78,mM
29,"1,11-diamino-3,6,9-trioxaundecane",4-Ethynylbenzaldehyde,=,3.12,mM
29,"1,5-diamino-3-azapentane",4-Ethynylbenzaldehyde,>,12.5,mM
29,"1,6-Hexanediamine","3,4-Dihydroxybenzaldehyde",=,6.25,mM
29,"1,11-diamino-3,6,9-trioxaundecane",(E)-Dec-2-enal,=,0.024,mM
29,"1,6-Hexanediamine",(E)-Dec-2-enal,=,0.098,mM
29,"1,5-diamino-3-azapentane",(E)-Dec-2-enal,=,1.5,mM
29,"N-bis-(2-amino-ethyl)-ethane-1,2-diamine","2,6-Dimethyl-5-heptenal",=,3.12,mM
29,"2,2-bis(2-aminoethoxy)propane","2,6-Dimethyl-5-heptenal",>,12.5,mM
29,(Z)-[bis(2-aminoethyl)amino]-hydroxyimino-oxidoazanium,"2,6-Dimethyl-5-heptenal",=,6.25,mM
29,"2,2'-diaminodiethyl ether","2,6-Dimethyl-5-heptenal",>,12.5,mM
29,"1,11-diamino-3,6,9-trioxaundecane","2,6-Dimethyl-5-heptenal",=,12.5,mM
29,"1,5-diaminopentane","2,6-Dimethyl-5-heptenal",=,6.25,mM
29,"1,4-diaminobutane","2,6-Dimethyl-5-heptenal",=,3.12,mM
29,"2,5-Bis(aminomethyl)furan","2,6-Dimethyl-5-heptenal",=,6.25,mM
29,p-Phenylenediamine,"2,6-Dimethyl-5-heptenal",=,1.56,mM
29,"3,7-diazanonane-1,9-diamine","2,6-Dimethyl-5-heptenal",=,6.25,mM
29,"(3-aminopropyl)-1,2-ethylenediamine","2,6-Dimethyl-5-heptenal",=,12.5,mM
29,"1,6-Hexanediamine","2,6-Dimethyl-5-heptenal",=,6.25,mM
29,"1,3-di(aminomethyl)benzene","2,6-Dimethyl-5-heptenal",=,12.5,mM
29,"1,3-bis(aminomethyl)cyclohexane","2,6-Dimethyl-5-heptenal",=,12.5,mM
29,1.9-diaminononane,"2,6-Dimethyl-5-heptenal",=,1.56,mM
29,"2,2'-(ethylenedioxy)bis(ethylamine)","2,6-Dimethyl-5-heptenal",=,3.12,mM
29,"2,2',2''-triaminotriethylamine","2,6-Dimethyl-5-heptenal",=,3.12,mM
29,Spermidine,"2,6-Dimethyl-5-heptenal",=,6.25,mM
29,"1,5-diamino-3-azapentane","2,6-Dimethyl-5-heptenal",=,6.25,mM
29,Bis(3-aminopropyl)amine,"2,6-Dimethyl-5-heptenal",=,3.12,mM
29,"3,3'-Diamino-N-methyldipropylamine","2,6-Dimethyl-5-heptenal",=,12.5,mM
29,Spermine,"2,6-Dimethyl-5-heptenal",=,6.25,mM
29,"1,11-diamino-3,6,9-trioxaundecane",4-Nitrobenzaldehyde,=,1.56,mM
29,"1,6-Hexanediamine",4-Nitrobenzaldehyde,=,3.12,mM
29,"1,11-diamino-3,6,9-trioxaundecane",Hexanal,=,0.39,mM
29,"1,6-Hexanediamine",Hexanal,=,0.048,mM
29,"1,5-diamino-3-azapentane",Hexanal,=,0.78,mM
29,"1,11-diamino-3,6,9-trioxaundecane",Vanillin,=,12.5,mM
29,"1,6-Hexanediamine",Vanillin,=,6.25,mM
29,"1,5-diamino-3-azapentane",Vanillin,=,1.5,mM
29,"1,11-diamino-3,6,9-trioxaundecane",Octyl aldehyde,=,0.024,mM
29,"1,5-diamino-3-azapentane",Octyl aldehyde,=,0.39,mM
29,"1,6-Hexanediamine",Nonyl aldehyde,=,0.19,mM
29,"1,5-diamino-3-azapentane",Nonyl aldehyde,=,0.098,mM
29,"2,2-bis(2-aminoethoxy)propane",Trans-2-pentenal,=,1.56,mM
29,(Z)-[bis(2-aminoethyl)amino]-hydroxyimino-oxidoazanium,Trans-2-pentenal,=,0.39,mM
29,"1,11-diamino-3,6,9-trioxaundecane",Trans-2-pentenal,=,3.12,mM
29,"1,5-diaminopentane",Trans-2-pentenal,=,1.56,mM
29,"1,4-diaminobutane",Trans-2-pentenal,=,0.19,mM
29,"1,8-diaminooctan",Trans-2-pentenal,=,0.39,mM
29,"3,7-diazanonane-1,9-diamine",Trans-2-pentenal,=,6.25,mM
29,"(3-aminopropyl)-1,2-ethylenediamine",Trans-2-pentenal,=,6.25,mM
29,"1,6-Hexanediamine",Trans-2-pentenal,=,0.19,mM
29,"1,3-bis(aminomethyl)cyclohexane",Trans-2-pentenal,=,1.56,mM
29,1.9-diaminononane,Trans-2-pentenal,=,0.098,mM
29,"2,2'-(ethylenedioxy)bis(ethylamine)",Trans-2-pentenal,=,3.12,mM
29,"N'-(2-aminoethyl)-N'-methylethane-1,2-diamine",Trans-2-pentenal,=,0.78,mM
29,"1,5-diamino-3-azapentane",Trans-2-pentenal,=,6.25,mM
29,"3,3'-Diamino-N-methyldipropylamine",Trans-2-pentenal,=,3.12,mM
29,"1,11-diamino-3,6,9-trioxaundecane",citronellal,=,0.0061,mM
29,"1,6-Hexanediamine",citronellal,=,0.048,mM
29,"1,5-diamino-3-azapentane",citronellal,=,1.56,mM
29,"1,11-diamino-3,6,9-trioxaundecane",2-Pyridinecarboxaldehyde,=,3.12,mM
29,"1,5-diamino-3-azapentane",2-Pyridinecarboxaldehyde,=,12.5,mM
29,"1,11-diamino-3,6,9-trioxaundecane",(E)-hept-2-enal,=,0.049,mM
29,"1,6-Hexanediamine",(E)-hept-2-enal,=,0.048,mM
29,"1,5-diamino-3-azapentane",(E)-hept-2-enal,=,1.5,mM
29,"1,11-diamino-3,6,9-trioxaundecane","(2E,4E)-deca-2,4-dienal",=,0.049,mM
29,"1,6-Hexanediamine","(2E,4E)-deca-2,4-dienal",=,0.19,mM
29,"1,5-diamino-3-azapentane","(2E,4E)-deca-2,4-dienal",=,0.75,mM
29,"1,11-diamino-3,6,9-trioxaundecane",Cinnamaldehyde,=,0.19,mM
29,"1,5-diamino-3-azapentane",Cinnamaldehyde,=,3,mM
29,"1,11-diamino-3,6,9-trioxaundecane",p-Bromo benzaldehyde,=,6.25,mM
29,"1,5-diamino-3-azapentane",p-Bromo benzaldehyde,=,3.12,mM
29,"1,6-Hexanediamine",(E)-non-2-enal,=,0.098,mM
29,"1,5-diamino-3-azapentane",(E)-non-2-enal,=,0.38,mM
29,"1,11-diamino-3,6,9-trioxaundecane","(2E)-nona-2,6-dienal",=,0.098,mM
29,"1,6-Hexanediamine",Citral,=,0.19,mM
29,"1,5-diamino-3-azapentane",Citral,=,0.19,mM
29,"1,11-diamino-3,6,9-trioxaundecane",(E)-hex-2-enal,=,0.19,mM
29,"1,6-Hexanediamine",(E)-hex-2-enal,=,0.39,mM
29,"1,5-diamino-3-azapentane",(E)-hex-2-enal,=,3,mM
29,"1,11-diamino-3,6,9-trioxaundecane",Formaldehyde,=,3.12,mM
29,"1,5-diamino-3-azapentane",Formaldehyde,=,12.5,mM
30,"N-bis-(2-amino-ethyl)-ethane-1,2-diamine",(E)-2-Octenal,=,0.196,mM
30,"2,2-bis(2-aminoethoxy)propane",(E)-2-Octenal,=,0.098,mM
30,(Z)-[bis(2-aminoethyl)amino]-hydroxyimino-oxidoazanium,(E)-2-Octenal,=,0.098,mM
30,"1,7-Diaminoheptane",(E)-2-Octenal,=,0.049,mM
30,"2,2'-diaminodiethyl ether",(E)-2-Octenal,=,0.098,mM
30,"1,11-diamino-3,6,9-trioxaundecane",(E)-2-Octenal,=,0.098,mM
30,"1,8-diaminooctan",(E)-2-Octenal,=,0.098,mM
30,p-Phenylenediamine,(E)-2-Octenal,>,12.5,mM
30,Polyethylenimine linear,(E)-2-Octenal,=,0.38,mM
30,"3,7-diazanonane-1,9-diamine",(E)-2-Octenal,=,0.196,mM
30,"(3-aminopropyl)-1,2-ethylenediamine",(E)-2-Octenal,=,0.39,mM
30,"1,6-Hexanediamine",(E)-2-Octenal,=,0.098,mM
30,"1,3-bis(aminomethyl)cyclohexane",(E)-2-Octenal,=,0.39,mM
30,1.9-diaminononane,(E)-2-Octenal,=,0.098,mM
30,"2,2'-(ethylenedioxy)bis(ethylamine)",(E)-2-Octenal,=,0.049,mM
30,"N'-(2-aminoethyl)-N'-methylethane-1,2-diamine",(E)-2-Octenal,=,0.049,mM
30,Bis(3-aminopropyl)amine,(E)-2-Octenal,=,0.75,mM
30,"3,3'-Diamino-N-methyldipropylamine",(E)-2-Octenal,=,0.098,mM
30,"1,11-diamino-3,6,9-trioxaundecane",1H-Imidazole-2-carboxaldehyde,=,0.39,mM
30,"1,5-diamino-3-azapentane",1H-Imidazole-2-carboxaldehyde,=,0.78,mM
30,"1,11-diamino-3,6,9-trioxaundecane",4-Ethynylbenzaldehyde,=,3.12,mM
30,"1,5-diamino-3-azapentane",4-Ethynylbenzaldehyde,>,12.5,mM
30,"1,11-diamino-3,6,9-trioxaundecane","3,4-Dihydroxybenzaldehyde",=,6.25,mM
30,"1,6-Hexanediamine","3,4-Dihydroxybenzaldehyde",=,6.25,mM
30,"1,11-diamino-3,6,9-trioxaundecane",(E)-Dec-2-enal,=,0.024,mM
30,"1,6-Hexanediamine",(E)-Dec-2-enal,=,0.098,mM
30,"1,5-diamino-3-azapentane",(E)-Dec-2-enal,=,1.5,mM
30,"N-bis-(2-amino-ethyl)-ethane-1,2-diamine","2,6-Dimethyl-5-heptenal",=,3.12,mM
30,"2,2-bis(2-aminoethoxy)propane","2,6-Dimethyl-5-heptenal",>,12.5,mM
30,(Z)-[bis(2-aminoethyl)amino]-hydroxyimino-oxidoazanium,"2,6-Dimethyl-5-heptenal",=,6.25,mM
30,"1,11-diamino-3,6,9-trioxaundecane","2,6-Dimethyl-5-heptenal",=,12.5,mM
30,"1,5-diaminopentane","2,6-Dimethyl-5-heptenal",=,6.25,mM
30,"2,5-Bis(aminomethyl)furan","2,6-Dimethyl-5-heptenal",=,6.25,mM
30,"1,8-diaminooctan","2,6-Dimethyl-5-heptenal",=,1.56,mM
30,p-Phenylenediamine,"2,6-Dimethyl-5-heptenal",=,1.56,mM
30,"1,6-Hexanediamine","2,6-Dimethyl-5-heptenal",=,6.25,mM
30,"1,3-di(aminomethyl)benzene","2,6-Dimethyl-5-heptenal",=,12.5,mM
30,"1,3-bis(aminomethyl)cyclohexane","2,6-Dimethyl-5-heptenal",=,12.5,mM
30,1.9-diaminononane,"2,6-Dimethyl-5-heptenal",=,1.56,mM
30,"2,2',2''-triaminotriethylamine","2,6-Dimethyl-5-heptenal",=,3.12,mM
30,"N'-(2-aminoethyl)-N'-methylethane-1,2-diamine","2,6-Dimethyl-5-heptenal",>,12.5,mM
30,Spermidine,"2,6-Dimethyl-5-heptenal",=,6.25,mM
30,"1,5-diamino-3-azapentane","2,6-Dimethyl-5-heptenal",=,6.25,mM
30,Bis(3-aminopropyl)amine,"2,6-Dimethyl-5-heptenal",=,3.12,mM
30,"3,3'-Diamino-N-methyldipropylamine","2,6-Dimethyl-5-heptenal",=,12.5,mM
30,Spermine,"2,6-Dimethyl-5-heptenal",=,6.25,mM
30,"1,11-diamino-3,6,9-trioxaundecane",4-Nitrobenzaldehyde,=,1.56,mM
30,"1,6-Hexanediamine",4-Nitrobenzaldehyde,=,3.12,mM
30,"1,5-diamino-3-azapentane",4-Nitrobenzaldehyde,=,3.12,mM
30,"1,11-diamino-3,6,9-trioxaundecane",Hexanal,=,0.39,mM
30,"1,6-Hexanediamine",Hexanal,=,0.048,mM
30,"1,5-diamino-3-azapentane",Hexanal,=,0.78,mM
30,"1,11-diamino-3,6,9-trioxaundecane",Vanillin,=,12.5,mM
30,"1,6-Hexanediamine",Vanillin,=,6.25,mM
30,"1,5-diamino-3-azapentane",Vanillin,=,1.5,mM
30,"1,11-diamino-3,6,9-trioxaundecane",Octyl aldehyde,=,0.024,mM
30,"1,6-Hexanediamine",Octyl aldehyde,=,0.098,mM
30,"1,6-Hexanediamine",Nonyl aldehyde,=,0.19,mM
30,"1,5-diamino-3-azapentane",Nonyl aldehyde,=,0.098,mM
30,"2,2-bis(2-aminoethoxy)propane",Trans-2-pentenal,=,1.56,mM
30,(Z)-[bis(2-aminoethyl)amino]-hydroxyimino-oxidoazanium,Trans-2-pentenal,=,0.39,mM
30,"1,7-Diaminoheptane",Trans-2-pentenal,=,0.39,mM
30,"1,11-diamino-3,6,9-trioxaundecane",Trans-2-pentenal,=,3.12,mM
30,"1,5-diaminopentane",Trans-2-pentenal,=,1.56,mM
30,"1,4-diaminobutane",Trans-2-pentenal,=,0.19,mM
30,"1,8-diaminooctan",Trans-2-pentenal,=,0.39,mM
30,p-Phenylenediamine,Trans-2-pentenal,>,12.5,mM
30,"3,7-diazanonane-1,9-diamine",Trans-2-pentenal,=,6.25,mM
30,"(3-aminopropyl)-1,2-ethylenediamine",Trans-2-pentenal,=,6.25,mM
30,"1,6-Hexanediamine",Trans-2-pentenal,=,0.19,mM
30,"N'-(2-aminoethyl)-N'-methylethane-1,2-diamine",Trans-2-pentenal,=,0.78,mM
30,"1,5-diamino-3-azapentane",Trans-2-pentenal,=,6.25,mM
30,Bis(3-aminopropyl)amine,Trans-2-pentenal,=,0.39,mM
30,"3,3'-Diamino-N-methyldipropylamine",Trans-2-pentenal,=,3.12,mM
30,"1,11-diamino-3,6,9-trioxaundecane",citronellal,=,0.0061,mM
30,"1,5-diamino-3-azapentane",citronellal,=,1.56,mM
30,"1,11-diamino-3,6,9-trioxaundecane",2-Pyridinecarboxaldehyde,=,3.12,mM
30,"1,6-Hexanediamine",2-Pyridinecarboxaldehyde,=,3.12,mM
30,"1,5-diamino-3-azapentane",2-Pyridinecarboxaldehyde,=,12.5,mM
30,"1,11-diamino-3,6,9-trioxaundecane",(E)-hept-2-enal,=,0.049,mM
30,"1,6-Hexanediamine",(E)-hept-2-enal,=,0.048,mM
30,"1,5-diamino-3-azapentane",(E)-hept-2-enal,=,1.5,mM
30,"1,11-diamino-3,6,9-trioxaundecane","(2E,4E)-deca-2,4-dienal",=,0.049,mM
30,"1,6-Hexanediamine","(2E,4E)-deca-2,4-dienal",=,0.19,mM
30,"1,6-Hexanediamine",Cinnamaldehyde,=,0.39,mM
30,"1,5-diamino-3-azapentane",Cinnamaldehyde,=,3,mM
30,"1,11-diamino-3,6,9-trioxaundecane",p-Bromo benzaldehyde,=,6.25,mM
30,"1,6-Hexanediamine",p-Bromo benzaldehyde,=,6.25,mM
30,"1,5-diamino-3-azapentane",p-Bromo benzaldehyde,=,3.12,mM
30,"1,11-diamino-3,6,9-trioxaundecane",(E)-non-2-enal,=,0.048,mM
30,"1,6-Hexanediamine",(E)-non-2-enal,=,0.098,mM
30,"1,5-diamino-3-azapentane",(E)-non-2-enal,=,0.38,mM
30,"1,11-diamino-3,6,9-trioxaundecane","(2E)-nona-2,6-dienal",=,0.098,mM
30,"1,6-Hexanediamine","(2E)-nona-2,6-dienal",=,0.19,mM
30,"1,5-diamino-3-azapentane","(2E)-nona-2,6-dienal",=,0.19,mM
30,"1,11-diamino-3,6,9-trioxaundecane",Citral,=,0.098,mM
30,"1,6-Hexanediamine",Citral,=,0.19,mM
30,"1,6-Hexanediamine",(E)-hex-2-enal,=,0.39,mM
30,"1,5-diamino-3-azapentane",(E)-hex-2-enal,=,3,mM
30,"1,11-diamino-3,6,9-trioxaundecane",Formaldehyde,=,3.12,mM
31,"2,2-bis(2-aminoethoxy)propane",(E)-2-Octenal,=,0.098,mM
31,(Z)-[bis(2-aminoethyl)amino]-hydroxyimino-oxidoazanium,(E)-2-Octenal,=,0.098,mM
31,"1,7-Diaminoheptane",(E)-2-Octenal,=,0.049,mM
31,"1,11-diamino-3,6,9-trioxaundecane",(E)-2-Octenal,=,0.098,mM
31,"1,5-diaminopentane",(E)-2-Octenal,=,0.098,mM
31,"1,4-diaminobutane",(E)-2-Octenal,=,0.098,mM
31,p-Phenylenediamine,(E)-2-Octenal,>,12.5,mM
31,Polyethylenimine linear,(E)-2-Octenal,=,0.38,mM
31,"(3-aminopropyl)-1,2-ethylenediamine",(E)-2-Octenal,=,0.39,mM
31,"1,3-bis(aminomethyl)cyclohexane",(E)-2-Octenal,=,0.39,mM
31,1.9-diaminononane,(E)-2-Octenal,=,0.098,mM
31,"2,2'-(ethylenedioxy)bis(ethylamine)",(E)-2-Octenal,=,0.049,mM
31,"2,2',2''-triaminotriethylamine",(E)-2-Octenal,=,0.098,mM
31,"N'-(2-aminoethyl)-N'-methylethane-1,2-diamine",(E)-2-Octenal,=,0.049,mM
31,"1,5-diamino-3-azapentane",(E)-2-Octenal,=,0.38,mM
31,Bis(3-aminopropyl)amine,(E)-2-Octenal,=,0.75,mM
31,"3,3'-Diamino-N-methyldipropylamine",(E)-2-Octenal,=,0.098,mM
31,Spermine,(E)-2-Octenal,=,0.75,mM
31,"1,11-diamino-3,6,9-trioxaundecane",1H-Imidazole-2-carboxaldehyde,=,0.39,mM
31,"1,6-Hexanediamine",1H-Imidazole-2-carboxaldehyde,=,3.12,mM
31,"1,5-diamino-3-azapentane",1H-Imidazole-2-carboxaldehyde,=,0.78,mM
31,"1,11-diamino-3,6,9-trioxaundecane",4-Ethynylbenzaldehyde,=,3.12,mM
31,"1,5-diamino-3-azapentane",4-Ethynylbenzaldehyde,>,12.5,mM
31,"1,11-diamino-3,6,9-trioxaundecane","3,4-Dihydroxybenzaldehyde",=,6.25,mM
31,"1,6-Hexanediamine","3,4-Dihydroxybenzaldehyde",=,6.25,mM
31,"1,11-diamino-3,6,9-trioxaundecane",(E)-Dec-2-enal,=,0.024,mM
31,"1,6-Hexanediamine",(E)-Dec-2-enal,=,0.098,mM
31,"2,2-bis(2-aminoethoxy)propane","2,6-Dimethyl-5-heptenal",>,12.5,mM
31,(Z)-[bis(2-aminoethyl)amino]-hydroxyimino-oxidoazanium,"2,6-Dimethyl-5-heptenal",=,6.25,mM
31,"1,7-Diaminoheptane","2,6-Dimethyl-5-heptenal",=,3.12,mM
31,"2,2'-diaminodiethyl ether","2,6-Dimethyl-5-heptenal",>,12.5,mM
31,"1,5-diaminopentane","2,6-Dimethyl-5-heptenal",=,6.25,mM
31,"2,5-Bis(aminomethyl)furan","2,6-Dimethyl-5-heptenal",=,6.25,mM
31,"3,7-diazanonane-1,9-diamine","2,6-Dimethyl-5-heptenal",=,6.25,mM
31,"(3-aminopropyl)-1,2-ethylenediamine","2,6-Dimethyl-5-heptenal",=,12.5,mM
31,"1,3-di(aminomethyl)benzene","2,6-Dimethyl-5-heptenal",=,12.5,mM
31,"1,3-bis(aminomethyl)cyclohexane","2,6-Dimethyl-5-heptenal",=,12.5,mM
31,"2,2'-(ethylenedioxy)bis(ethylamine)","2,6-Dimethyl-5-heptenal",=,3.12,mM
31,"2,2',2''-triaminotriethylamine","2,6-Dimethyl-5-heptenal",=,3.12,mM
31,"N'-(2-aminoethyl)-N'-methylethane-1,2-diamine","2,6-Dimethyl-5-heptenal",>,12.5,mM
31,Spermidine,"2,6-Dimethyl-5-heptenal",=,6.25,mM
31,"1,5-diamino-3-azapentane","2,6-Dimethyl-5-heptenal",=,6.25,mM
31,Bis(3-aminopropyl)amine,"2,6-Dimethyl-5-heptenal",=,3.12,mM
31,"3,3'-Diamino-N-methyldipropylamine","2,6-Dimethyl-5-heptenal",=,12.5,mM
31,Spermine,"2,6-Dimethyl-5-heptenal",=,6.25,mM
31,"1,11-diamino-3,6,9-trioxaundecane",4-Nitrobenzaldehyde,=,1.56,mM
31,"1,6-Hexanediamine",4-Nitrobenzaldehyde,=,3.12,mM
31,"1,5-diamino-3-azapentane",4-Nitrobenzaldehyde,=,3.12,mM
31,"1,11-diamino-3,6,9-trioxaundecane",Hexanal,=,0.39,mM
31,"1,6-Hexanediamine",Hexanal,=,0.048,mM
31,"1,5-diamino-3-azapentane",Hexanal,=,0.78,mM
31,"1,11-diamino-3,6,9-trioxaundecane",Vanillin,=,12.5,mM
31,"1,5-diamino-3-azapentane",Vanillin,=,1.5,mM
31,"1,6-Hexanediamine",Octyl aldehyde,=,0.098,mM
31,"1,5-diamino-3-azapentane",Octyl aldehyde,=,0.39,mM
31,"1,6-Hexanediamine",Nonyl aldehyde,=,0.19,mM
31,"N-bis-(2-amino-ethyl)-ethane-1,2-diamine",Trans-2-pentenal,=,6.25,mM
31,"2,2-bis(2-aminoethoxy)propane",Trans-2-pentenal,=,1.56,mM
31,(Z)-[bis(2-aminoethyl)amino]-hydroxyimino-oxidoazanium,Trans-2-pentenal,=,0.39,mM
31,"2,2'-diaminodiethyl ether",Trans-2-pentenal,=,3.12,mM
31,"1,5-diaminopentane",Trans-2-pentenal,=,1.56,mM
31,"1,4-diaminobutane",Trans-2-pentenal,=,0.19,mM
31,"1,8-diaminooctan",Trans-2-pentenal,=,0.39,mM
31,p-Phenylenediamine,Trans-2-pentenal,>,12.5,mM
31,"3,7-diazanonane-1,9-diamine",Trans-2-pentenal,=,6.25,mM
31,"(3-aminopropyl)-1,2-ethylenediamine",Trans-2-pentenal,=,6.25,mM
31,"1,6-Hexanediamine",Trans-2-pentenal,=,0.19,mM
31,"1,3-bis(aminomethyl)cyclohexane",Trans-2-pentenal,=,1.56,mM
31,"2,2'-(ethylenedioxy)bis(ethylamine)",Trans-2-pentenal,=,3.12,mM
31,"N'-(2-aminoethyl)-N'-methylethane-1,2-diamine",Trans-2-pentenal,=,0.78,mM
31,"1,5-diamino-3-azapentane",Trans-2-pentenal,=,6.25,mM
31,Bis(3-aminopropyl)amine,Trans-2-pentenal,=,0.39,mM
31,"1,11-diamino-3,6,9-trioxaundecane",citronellal,=,0.0061,mM
31,"1,6-Hexanediamine",citronellal,=,0.048,mM
31,"1,5-diamino-3-azapentane",citronellal,=,1.56,mM
31,"1,11-diamino-3,6,9-trioxaundecane",2-Pyridinecarboxaldehyde,=,3.12,mM
31,"1,6-Hexanediamine",2-Pyridinecarboxaldehyde,=,3.12,mM
31,"1,5-diamino-3-azapentane",2-Pyridinecarboxaldehyde,=,12.5,mM
31,"1,11-diamino-3,6,9-trioxaundecane",(E)-hept-2-enal,=,0.049,mM
31,"1,6-Hexanediamine",(E)-hept-2-enal,=,0.048,mM
31,"1,5-diamino-3-azapentane",(E)-hept-2-enal,=,1.5,mM
31,"1,11-diamino-3,6,9-trioxaundecane","(2E,4E)-deca-2,4-dienal",=,0.049,mM
31,"1,6-Hexanediamine","(2E,4E)-deca-2,4-dienal",=,0.19,mM
31,"1,11-diamino-3,6,9-trioxaundecane",Cinnamaldehyde,=,0.19,mM
31,"1,6-Hexanediamine",Cinnamaldehyde,=,0.39,mM
31,"1,5-diamino-3-azapentane",Cinnamaldehyde,=,3,mM
31,"1,11-diamino-3,6,9-trioxaundecane",p-Bromo benzaldehyde,=,6.25,mM
31,"1,5-diamino-3-azapentane",p-Bromo benzaldehyde,=,3.12,mM
31,"1,11-diamino-3,6,9-trioxaundecane",(E)-non-2-enal,=,0.048,mM
31,"1,6-Hexanediamine",(E)-non-2-enal,=,0.098,mM
31,"1,5-diamino-3-azapentane",(E)-non-2-enal,=,0.38,mM
31,"1,11-diamino-3,6,9-trioxaundecane","(2E)-nona-2,6-dienal",=,0.098,mM
31,"1,6-Hexanediamine","(2E)-nona-2,6-dienal",=,0.19,mM
31,"1,5-diamino-3-azapentane","(2E)-nona-2,6-dienal",=,0.19,mM
31,"1,11-diamino-3,6,9-trioxaundecane",Citral,=,0.098,mM
31,"1,5-diamino-3-azapentane",Citral,=,0.19,mM
31,"1,11-diamino-3,6,9-trioxaundecane",(E)-hex-2-enal,=,0.19,mM
31,"1,6-Hexanediamine",(E)-hex-2-enal,=,0.39,mM
31,"1,11-diamino-3,6,9-trioxaundecane",Formaldehyde,=,3.12,mM
31,"1,5-diamino-3-azapentane",Formaldehyde,=,12.5,mM
32,(Z)-[bis(2-aminoethyl)amino]-hydroxyimino-oxidoazanium,(E)-2-Octenal,=,0.098,mM
32,"1,7-Diaminoheptane",(E)-2-Octenal,=,0.049,mM
32,"2,2'-diaminodiethyl ether",(E)-2-Octenal,=,0.098,mM
32,"1,11-diamino-3,6,9-trioxaundecane",(E)-2-Octenal,=,0.098,mM
32,"1,5-diaminopentane",(E)-2-Octenal,=,0.098,mM
32,"1,4-diaminobutane",(E)-2-Octenal,=,0.098,mM
32,"1,8-diaminooctan",(E)-2-Octenal,=,0.098,mM
32,p-Phenylenediamine,(E)-2-Octenal,>,12.5,mM
32,Polyethylenimine linear,(E)-2-Octenal,=,0.38,mM
32,"3,7-diazanonane-1,9-diamine",(E)-2-Octenal,=,0.196,mM
32,"(3-aminopropyl)-1,2-ethylenediamine",(E)-2-Octenal,=,0.39,mM
32,"1,6-Hexanediamine",(E)-2-Octenal,=,0.098,mM
32,"1,3-bis(aminomethyl)cyclohexane",(E)-2-Octenal,=,0.39,mM
32,1.9-diaminononane,(E)-2-Octenal,=,0.098,mM
32,"2,2'-(ethylenedioxy)bis(ethylamine)",(E)-2-Octenal,=,0.049,mM
32,"2,2',2''-triaminotriethylamine",(E)-2-Octenal,=,0.098,mM
32,"N'-(2-aminoethyl)-N'-methylethane-1,2-diamine",(E)-2-Octenal,=,0.049,mM
32,"1,5-diamino-3-azapentane",(E)-2-Octenal,=,0.38,mM
32,Bis(3-aminopropyl)amine,(E)-2-Octenal,=,0.75,mM
32,"3,3'-Diamino-N-methyldipropylamine",(E)-2-Octenal,=,0.098,mM
32,Spermine,(E)-2-Octenal,=,0.75,mM
32,"1,6-Hexanediamine",1H-Imidazole-2-carboxaldehyde,=,3.12,mM
32,"1,5-diamino-3-azapentane",1H-Imidazole-2-carboxaldehyde,=,0.78,mM
32,"1,11-diamino-3,6,9-trioxaundecane",4-Ethynylbenzaldehyde,=,3.12,mM
32,"1,5-diamino-3-azapentane",4-Ethynylbenzaldehyde,>,12.5,mM
32,"1,11-diamino-3,6,9-trioxaundecane","3,4-Dihydroxybenzaldehyde",=,6.25,mM
32,"1,11-diamino-3,6,9-trioxaundecane",(E)-Dec-2-enal,=,0.024,mM
32,"1,6-Hexanediamine",(E)-Dec-2-enal,=,0.098,mM
32,"1,5-diamino-3-azapentane",(E)-Dec-2-enal,=,1.5,mM
32,(Z)-[bis(2-aminoethyl)amino]-hydroxyimino-oxidoazanium,"2,6-Dimethyl-5-heptenal",=,6.25,mM
32,cystamine dihydrochloride,"2,6-Dimethyl-5-heptenal",=,6.25,mM
32,"1,7-Diaminoheptane","2,6-Dimethyl-5-heptenal",=,3.12,mM
32,"1,11-diamino-3,6,9-trioxaundecane","2,6-Dimethyl-5-heptenal",=,12.5,mM
32,"1,5-diaminopentane","2,6-Dimethyl-5-heptenal",=,6.25,mM
32,"1,4-diaminobutane","2,6-Dimethyl-5-heptenal",=,3.12,mM
32,"2,5-Bis(aminomethyl)furan","2,6-Dimethyl-5-heptenal",=,6.25,mM
32,"1,8-diaminooctan","2,6-Dimethyl-5-heptenal",=,1.56,mM
32,p-Phenylenediamine,"2,6-Dimethyl-5-heptenal",=,1.56,mM
32,"3,7-diazanonane-1,9-diamine","2,6-Dimethyl-5-heptenal",=,6.25,mM
32,"1,3-bis(aminomethyl)cyclohexane","2,6-Dimethyl-5-heptenal",=,12.5,mM
32,1.9-diaminononane,"2,6-Dimethyl-5-heptenal",=,1.56,mM
32,"2,2'-(ethylenedioxy)bis(ethylamine)","2,6-Dimethyl-5-heptenal",=,3.12,mM
32,"2,2',2''-triaminotriethylamine","2,6-Dimethyl-5-heptenal",=,3.12,mM
32,"N'-(2-aminoethyl)-N'-methylethane-1,2-diamine","2,6-Dimethyl-5-heptenal",>,12.5,mM
32,Spermidine,"2,6-Dimethyl-5-heptenal",=,6.25,mM
32,"1,5-diamino-3-azapentane","2,6-Dimethyl-5-heptenal",=,6.25,mM
32,Bis(3-aminopropyl)amine,"2,6-Dimethyl-5-heptenal",=,3.12,mM
32,"3,3'-Diamino-N-methyldipropylamine","2,6-Dimethyl-5-heptenal",=,12.5,mM
32,Spermine,"2,6-Dimethyl-5-heptenal",=,6.25,mM
32,"1,6-Hexanediamine",4-Nitrobenzaldehyde,=,3.12,mM
32,"1,5-diamino-3-azapentane",4-Nitrobenzaldehyde,=,3.12,mM
32,"1,11-diamino-3,6,9-trioxaundecane",Hexanal,=,0.39,mM
32,"1,6-Hexanediamine",Hexanal,=,0.048,mM
32,"1,5-diamino-3-azapentane",Hexanal,=,0.78,mM
32,"1,11-diamino-3,6,9-trioxaundecane",Vanillin,=,12.5,mM
32,"1,6-Hexanediamine",Vanillin,=,6.25,mM
32,"1,5-diamino-3-azapentane",Vanillin,=,1.5,mM
32,"1,11-diamino-3,6,9-trioxaundecane",Octyl aldehyde,=,0.024,mM
32,"1,6-Hexanediamine",Octyl aldehyde,=,0.098,mM
32,"1,5-diamino-3-azapentane",Octyl aldehyde,=,0.39,mM
32,"1,6-Hexanediamine",Nonyl aldehyde,=,0.19,mM
32,"1,5-diamino-3-azapentane",Nonyl aldehyde,=,0.098,mM
32,"N-bis-(2-amino-ethyl)-ethane-1,2-diamine",Trans-2-pentenal,=,6.25,mM
32,"2,2'-diaminodiethyl ether",Trans-2-pentenal,=,3.12,mM
32,"1,11-diamino-3,6,9-trioxaundecane",Trans-2-pentenal,=,3.12,mM
32,"1,5-diaminopentane",Trans-2-pentenal,=,1.56,mM
32,"1,4-diaminobutane",Trans-2-pentenal,=,0.19,mM
32,"1,8-diaminooctan",Trans-2-pentenal,=,0.39,mM
32,p-Phenylenediamine,Trans-2-pentenal,>,12.5,mM
32,"3,7-diazanonane-1,9-diamine",Trans-2-pentenal,=,6.25,mM
32,"(3-aminopropyl)-1,2-ethylenediamine",Trans-2-pentenal,=,6.25,mM
32,"1,6-Hexanediamine",Trans-2-pentenal,=,0.19,mM
32,"1,3-bis(aminomethyl)cyclohexane",Trans-2-pentenal,=,1.56,mM
32,1.9-diaminononane,Trans-2-pentenal,=,0.098,mM
32,"2,2'-(ethylenedioxy)bis(ethylamine)",Trans-2-pentenal,=,3.12,mM
32,"N'-(2-aminoethyl)-N'-methylethane-1,2-diamine",Trans-2-pentenal,=,0.78,mM
32,"1,5-diamino-3-azapentane",Trans-2-pentenal,=,6.25,mM
32,Bis(3-aminopropyl)amine,Trans-2-pentenal,=,0.39,mM
32,"1,11-diamino-3,6,9-trioxaundecane",citronellal,=,0.0061,mM
32,"1,11-diamino-3,6,9-trioxaundecane",(E)-hept-2-enal,=,0.049,mM
32,"1,6-Hexanediamine",(E)-hept-2-enal,=,0.048,mM
32,"1,5-diamino-3-azapentane",(E)-hept-2-enal,=,1.5,mM
32,"1,11-diamino-3,6,9-trioxaundecane","(2E,4E)-deca-2,4-dienal",=,0.049,mM
32,"1,6-Hexanediamine","(2E,4E)-deca-2,4-dienal",=,0.19,mM
32,"1,5-diamino-3-azapentane","(2E,4E)-deca-2,4-dienal",=,0.75,mM
32,"1,11-diamino-3,6,9-trioxaundecane",Cinnamaldehyde,=,0.19,mM
32,"1,5-diamino-3-azapentane",Cinnamaldehyde,=,3,mM
32,"1,11-diamino-3,6,9-trioxaundecane",p-Bromo benzaldehyde,=,6.25,mM
32,"1,6-Hexanediamine",p-Bromo benzaldehyde,=,6.25,mM
32,"1,5-diamino-3-azapentane",p-Bromo benzaldehyde,=,3.12,mM
32,"1,11-diamino-3,6,9-trioxaundecane",(E)-non-2-enal,=,0.048,mM
32,"1,6-Hexanediamine",(E)-non-2-enal,=,0.098,mM
32,"1,11-diamino-3,6,9-trioxaundecane","(2E)-nona-2,6-dienal",=,0.098,mM
32,"1,6-Hexanediamine","(2E)-nona-2,6-dienal",=,0.19,mM
32,"1,5-diamino-3-azapentane","(2E)-nona-2,6-dienal",=,0.19,mM
32,"1,11-diamino-3,6,9-trioxaundecane",Citral,=,0.098,mM
32,"1,5-diamino-3-azapentane",Citral,=,0.19,mM
32,"1,11-diamino-3,6,9-trioxaundecane",(E)-hex-2-enal,=,0.19,mM
32,"1,5-diamino-3-azapentane",(E)-hex-2-enal,=,3,mM
32,"1,11-diamino-3,6,9-trioxaundecane",Formaldehyde,=,3.12,mM
33,"N-bis-(2-amino-ethyl)-ethane-1,2-diamine",(E)-2-Octenal,=,0.196,mM
33,"2,2-bis(2-aminoethoxy)propane",(E)-2-Octenal,=,0.098,mM
33,"1,7-Diaminoheptane",(E)-2-Octenal,=,0.049,mM
33,"2,2'-diaminodiethyl ether",(E)-2-Octenal,=,0.098,mM
33,"1,11-diamino-3,6,9-trioxaundecane",(E)-2-Octenal,=,0.098,mM
33,"1,5-diaminopentane",(E)-2-Octenal,=,0.098,mM
33,"1,4-diaminobutane",(E)-2-Octenal,=,0.098,mM
33,"1,8-diaminooctan",(E)-2-Octenal,=,0.098,mM
33,Polyethylenimine linear,(E)-2-Octenal,=,0.38,mM
33,"3,7-diazanonane-1,9-diamine",(E)-2-Octenal,=,0.196,mM
33,"(3-aminopropyl)-1,2-ethylenediamine",(E)-2-Octenal,=,0.39,mM
33,"1,3-bis(aminomethyl)cyclohexane",(E)-2-Octenal,=,0.39,mM
33,1.9-diaminononane,(E)-2-Octenal,=,0.098,mM
33,"2,2'-(ethylenedioxy)bis(ethylamine)",(E)-2-Octenal,=,0.049,mM
33,"N'-(2-aminoethyl)-N'-methylethane-1,2-diamine",(E)-2-Octenal,=,0.049,mM
33,"1,5-diamino-3-azapentane",(E)-2-Octenal,=,0.38,mM
33,Bis(3-aminopropyl)amine,(E)-2-Octenal,=,0.75,mM
33,"3,3'-Diamino-N-methyldipropylamine",(E)-2-Octenal,=,0.098,mM
33,Spermine,(E)-2-Octenal,=,0.75,mM
33,"1,11-diamino-3,6,9-trioxaundecane",1H-Imidazole-2-carboxaldehyde,=,0.39,mM
33,"1,6-Hexanediamine",1H-Imidazole-2-carboxaldehyde,=,3.12,mM
33,"1,5-diamino-3-azapentane",1H-Imidazole-2-carboxaldehyde,=,0.78,mM
33,"1,11-diamino-3,6,9-trioxaundecane",4-Ethynylbenzaldehyde,=,3.12,mM
33,"1,5-diamino-3-azapentane",4-Ethynylbenzaldehyde,>,12.5,mM
33,"1,11-diamino-3,6,9-trioxaundecane","3,4-Dihydroxybenzaldehyde",=,6.25,mM
33,"1,6-Hexanediamine","3,4-Dihydroxybenzaldehyde",=,6.25,mM
33,"1,6-Hexanediamine",(E)-Dec-2-enal,=,0.098,mM
33,"1,5-diamino-3-azapentane",(E)-Dec-2-enal,=,1.5,mM
33,"N-bis-(2-amino-ethyl)-ethane-1,2-diamine","2,6-Dimethyl-5-heptenal",=,3.12,mM
33,(Z)-[bis(2-aminoethyl)amino]-hydroxyimino-oxidoazanium,"2,6-Dimethyl-5-heptenal",=,6.25,mM
33,cystamine dihydrochloride,"2,6-Dimethyl-5-heptenal",=,6.25,mM
33,"1,11-diamino-3,6,9-trioxaundecane","2,6-Dimethyl-5-heptenal",=,12.5,mM
33,"1,5-diaminopentane","2,6-Dimethyl-5-heptenal",=,6.25,mM
33,"1,4-diaminobutane","2,6-Dimethyl-5-heptenal",=,3.12,mM
33,"2,5-Bis(aminomethyl)furan","2,6-Dimethyl-5-heptenal",=,6.25,mM
33,"1,8-diaminooctan","2,6-Dimethyl-5-heptenal",=,1.56,mM
33,"3,7-diazanonane-1,9-diamine","2,6-Dimethyl-5-heptenal",=,6.25,mM
33,"1,6-Hexanediamine","2,6-Dimethyl-5-heptenal",=,6.25,mM
33,"1,3-bis(aminomethyl)cyclohexane","2,6-Dimethyl-5-heptenal",=,12.5,mM
33,1.9-diaminononane,"2,6-Dimethyl-5-heptenal",=,1.56,mM
33,"2,2'-(ethylenedioxy)bis(ethylamine)","2,6-Dimethyl-5-heptenal",=,3.12,mM
33,"2,2',2''-triaminotriethylamine","2,6-Dimethyl-5-heptenal",=,3.12,mM
33,"N'-(2-aminoethyl)-N'-methylethane-1,2-diamine","2,6-Dimethyl-5-heptenal",>,12.5,mM
33,Spermidine,"2,6-Dimethyl-5-heptenal",=,6.25,mM
33,"1,5-diamino-3-azapentane","2,6-Dimethyl-5-heptenal",=,6.25,mM
33,Bis(3-aminopropyl)amine,"2,6-Dimethyl-5-heptenal",=,3.12,mM
33,"3,3'-Diamino-N-methyldipropylamine","2,6-Dimethyl-5-heptenal",=,12.5,mM
33,Spermine,"2,6-Dimethyl-5-heptenal",=,6.25,mM
33,"1,11-diamino-3,6,9-trioxaundecane",4-Nitrobenzaldehyde,=,1.56,mM
33,"1,6-Hexanediamine",4-Nitrobenzaldehyde,=,3.12,mM
33,"1,5-diamino-3-azapentane",4-Nitrobenzaldehyde,=,3.12,mM
33,"1,11-diamino-3,6,9-trioxaundecane",Hexanal,=,0.39,mM
33,"1,6-Hexanediamine",Hexanal,=,0.048,mM
33,"1,5-diamino-3-azapentane",Hexanal,=,0.78,mM
33,"1,11-diamino-3,6,9-trioxaundecane",Vanillin,=,12.5,mM
33,"1,6-Hexanediamine",Vanillin,=,6.25,mM
33,"1,5-diamino-3-azapentane",Vanillin,=,1.5,mM
33,"1,11-diamino-3,6,9-trioxaundecane",Octyl aldehyde,=,0.024,mM
33,"1,6-Hexanediamine",Octyl aldehyde,=,0.098,mM
33,"1,5-diamino-3-azapentane",Octyl aldehyde,=,0.39,mM
33,"1,6-Hexanediamine",Nonyl aldehyde,=,0.19,mM
33,"N-bis-(2-amino-ethyl)-ethane-1,2-diamine",Trans-2-pentenal,=,6.25,mM
33,"2,2-bis(2-aminoethoxy)propane",Trans-2-pentenal,=,1.56,mM
33,(Z)-[bis(2-aminoethyl)amino]-hydroxyimino-oxidoazanium,Trans-2-pentenal,=,0.39,mM
33,"1,7-Diaminoheptane",Trans-2-pentenal,=,0.39,mM
33,"2,2'-diaminodiethyl ether",Trans-2-pentenal,=,3.12,mM
33,"1,11-diamino-3,6,9-trioxaundecane",Trans-2-pentenal,=,3.12,mM
33,"1,5-diaminopentane",Trans-2-pentenal,=,1.56,mM
33,"1,4-diaminobutane",Trans-2-pentenal,=,0.19,mM
33,"1,8-diaminooctan",Trans-2-pentenal,=,0.39,mM
33,"(3-aminopropyl)-1,2-ethylenediamine",Trans-2-pentenal,=,6.25,mM
33,"1,6-Hexanediamine",Trans-2-pentenal,=,0.19,mM
33,"1,3-bis(aminomethyl)cyclohexane",Trans-2-pentenal,=,1.56,mM
33,"2,2'-(ethylenedioxy)bis(ethylamine)",Trans-2-pentenal,=,3.12,mM
33,"N'-(2-aminoethyl)-N'-methylethane-1,2-diamine",Trans-2-pentenal,=,0.78,mM
33,Bis(3-aminopropyl)amine,Trans-2-pentenal,=,0.39,mM
33,"3,3'-Diamino-N-methyldipropylamine",Trans-2-pentenal,=,3.12,mM
33,"1,6-Hexanediamine",citronellal,=,0.048,mM
33,"1,5-diamino-3-azapentane",citronellal,=,1.56,mM
33,"1,11-diamino-3,6,9-trioxaundecane",2-Pyridinecarboxaldehyde,=,3.12,mM
33,"1,6-Hexanediamine",2-Pyridinecarboxaldehyde,=,3.12,mM
33,"1,5-diamino-3-azapentane",2-Pyridinecarboxaldehyde,=,12.5,mM
33,"1,11-diamino-3,6,9-trioxaundecane",(E)-hept-2-enal,=,0.049,mM
33,"1,6-Hexanediamine",(E)-hept-2-enal,=,0.048,mM
33,"1,5-diamino-3-azapentane",(E)-hept-2-enal,=,1.5,mM
33,"1,6-Hexanediamine","(2E,4E)-deca-2,4-dienal",=,0.19,mM
33,"1,5-diamino-3-azapentane","(2E,4E)-deca-2,4-dienal",=,0.75,mM
33,"1,11-diamino-3,6,9-trioxaundecane",Cinnamaldehyde,=,0.19,mM
33,"1,5-diamino-3-azapentane",Cinnamaldehyde,=,3,mM
33,"1,11-diamino-3,6,9-trioxaundecane",p-Bromo benzaldehyde,=,6.25,mM
33,"1,6-Hexanediamine",p-Bromo benzaldehyde,=,6.25,mM
33,"1,5-diamino-3-azapentane",p-Bromo benzaldehyde,=,3.12,mM
33,"1,11-diamino-3,6,9-trioxaundecane",(E)-non-2-enal,=,0.048,mM
33,"1,6-Hexanediamine",(E)-non-2-enal,=,0.098,mM
33,"1,5-diamino-3-azapentane",(E)-non-2-enal,=,0.38,mM
33,"1,11-diamino-3,6,9-trioxaundecane","(2E)-nona-2,6-dienal",=,0.098,mM
33,"1,6-Hexanediamine","(2E)-nona-2,6-dienal",=,0.19,mM
33,"1,6-Hexanediamine",Citral,=,0.19,mM
33,"1,5-diamino-3-azapentane",Citral,=,0.19,mM
33,"1,11-diamino-3,6,9-trioxaundecane",(E)-hex-2-enal,=,0.19,mM
34,"N-bis-(2-amino-ethyl)-ethane-1,2-diamine",(E)-2-Octenal,=,0.196,mM
34,"2,2-bis(2-aminoethoxy)propane",(E)-2-Octenal,=,0.098,mM
34,"1,7-Diaminoheptane",(E)-2-Octenal,=,0.049,mM
34,"2,2'-diaminodiethyl ether",(E)-2-Octenal,=,0.098,mM
34,"1,11-diamino-3,6,9-trioxaundecane",(E)-2-Octenal,=,0.098,mM
34,"1,5-diaminopentane",(E)-2-Octenal,=,0.098,mM
34,"1,4-diaminobutane",(E)-2-Octenal,=,0.098,mM
34,"1,8-diaminooctan",(E)-2-Octenal,=,0.098,mM
34,p-Phenylenediamine,(E)-2-Octenal,>,12.5,mM
34,Polyethylenimine linear,(E)-2-Octenal,=,0.38,mM
34,"3,7-diazanonane-1,9-diamine",(E)-2-Octenal,=,0.196,mM
34,"(3-aminopropyl)-1,2-ethylenediamine",(E)-2-Octenal,=,0.39,mM
34,"1,6-Hexanediamine",(E)-2-Octenal,=,0.098,mM
34,1.9-diaminononane,(E)-2-Octenal,=,0.098,mM
34,"2,2'-(ethylenedioxy)bis(ethylamine)",(E)-2-Octenal,=,0.049,mM
34,Bis(3-aminopropyl)amine,(E)-2-Octenal,=,0.75,mM
34,"3,3'-Diamino-N-methyldipropylamine",(E)-2-Octenal,=,0.098,mM
34,Spermine,(E)-2-Octenal,=,0.75,mM
34,"1,11-diamino-3,6,9-trioxaundecane",1H-Imidazole-2-carboxaldehyde,=,0.39,mM
34,"1,6-Hexanediamine",1H-Imidazole-2-carboxaldehyde,=,3.12,mM
34,"1,5-diamino-3-azapentane",1H-Imidazole-2-carboxaldehyde,=,0.78,mM
34,"1,11-diamino-3,6,9-trioxaundecane",4-Ethynylbenzaldehyde,=,3.12,mM
34,"1,11-diamino-3,6,9-trioxaundecane","3,4-Dihydroxybenzaldehyde",=,6.25,mM
34,"1,6-Hexanediamine","3,4-Dihydroxybenzaldehyde",=,6.25,mM
34,"1,11-diamino-3,6,9-trioxaundecane",(E)-Dec-2-enal,=,0.024,mM
34,"1,6-Hexanediamine",(E)-Dec-2-enal,=,0.098,mM
34,"1,5-diamino-3-azapentane",(E)-Dec-2-enal,=,1.5,mM
34,"2,2-bis(2-aminoethoxy)propane","2,6-Dimethyl-5-heptenal",>,12.5,mM
34,(Z)-[bis(2-aminoethyl)amino]-hydroxyimino-oxidoazanium,"2,6-Dimethyl-5-heptenal",=,6.25,mM
34,cystamine dihydrochloride,"2,6-Dimethyl-5-heptenal",=,6.25,mM
34,"1,7-Diaminoheptane","2,6-Dimethyl-5-heptenal",=,3.12,mM
34,"2,2'-diaminodiethyl ether","2,6-Dimethyl-5-heptenal",>,12.5,mM
34,"1,11-diamino-3,6,9-trioxaundecane","2,6-Dimethyl-5-heptenal",=,12.5,mM
34,"1,5-diaminopentane","2,6-Dimethyl-5-heptenal",=,6.25,mM
34,"2,5-Bis(aminomethyl)furan","2,6-Dimethyl-5-heptenal",=,6.25,mM
34,p-Phenylenediamine,"2,6-Dimethyl-5-heptenal",=,1.56,mM
34,"3,7-diazanonane-1,9-diamine","2,6-Dimethyl-5-heptenal",=,6.25,mM
34,"(3-aminopropyl)-1,2-ethylenediamine","2,6-Dimethyl-5-heptenal",=,12.5,mM
34,"1,6-Hexanediamine","2,6-Dimethyl-5-heptenal",=,6.25,mM
34,"1,3-di(aminomethyl)benzene","2,6-Dimethyl-5-heptenal",=,12.5,mM
34,"1,3-bis(aminomethyl)cyclohexane","2,6-Dimethyl-5-heptenal",=,12.5,mM
34,"2,2'-(ethylenedioxy)bis(ethylamine)","2,6-Dimethyl-5-heptenal",=,3.12,mM
34,"2,2',2''-triaminotriethylamine","2,6-Dimethyl-5-heptenal",=,3.12,mM
34,"N'-(2-aminoethyl)-N'-methylethane-1,2-diamine","2,6-Dimethyl-5-heptenal",>,12.5,mM
34,"1,5-diamino-3-azapentane","2,6-Dimethyl-5-heptenal",=,6.25,mM
34,Spermine,"2,6-Dimethyl-5-heptenal",=,6.25,mM
34,"1,11-diamino-3,6,9-trioxaundecane",4-Nitrobenzaldehyde,=,1.56,mM
34,"1,6-Hexanediamine",4-Nitrobenzaldehyde,=,3.12,mM
34,"1,5-diamino-3-azapentane",4-Nitrobenzaldehyde,=,3.12,mM
34,"1,11-diamino-3,6,9-trioxaundecane",Hexanal,=,0.39,mM
34,"1,6-Hexanediamine",Hexanal,=,0.048,mM
34,"1,5-diamino-3-azapentane",Hexanal,=,0.78,mM
34,"1,11-diamino-3,6,9-trioxaundecane",Vanillin,=,12.5,mM
34,"1,6-Hexanediamine",Vanillin,=,6.25,mM
34,"1,5-diamino-3-azapentane",Vanillin,=,1.5,mM
34,"1,11-diamino-3,6,9-trioxaundecane",Octyl aldehyde,=,0.024,mM
34,"1,6-Hexanediamine",Octyl aldehyde,=,0.098,mM
34,"1,5-diamino-3-azapentane",Octyl aldehyde,=,0.39,mM
34,"1,6-Hexanediamine",Nonyl aldehyde,=,0.19,mM
34,"1,5-diamino-3-azapentane",Nonyl aldehyde,=,0.098,mM
34,"N-bis-(2-amino-ethyl)-ethane-1,2-diamine",Trans-2-pentenal,=,6.25,mM
34,(Z)-[bis(2-aminoethyl)amino]-hydroxyimino-oxidoazanium,Trans-2-pentenal,=,0.39,mM
34,"2,2'-diaminodiethyl ether",Trans-2-pentenal,=,3.12,mM
34,"1,11-diamino-3,6,9-trioxaundecane",Trans-2-pentenal,=,3.12,mM
34,"1,5-diaminopentane",Trans-2-pentenal,=,1.56,mM
34,"1,8-diaminooctan",Trans-2-pentenal,=,0.39,mM
34,p-Phenylenediamine,Trans-2-pentenal,>,12.5,mM
34,"3,7-diazanonane-1,9-diamine",Trans-2-pentenal,=,6.25,mM
34,"(3-aminopropyl)-1,2-ethylenediamine",Trans-2-pentenal,=,6.25,mM
34,"1,3-bis(aminomethyl)cyclohexane",Trans-2-pentenal,=,1.56,mM
34,"2,2'-(ethylenedioxy)bis(ethylamine)",Trans-2-pentenal,=,3.12,mM
34,"N'-(2-aminoethyl)-N'-methylethane-1,2-diamine",Trans-2-pentenal,=,0.78,mM
34,"1,5-diamino-3-azapentane",Trans-2-pentenal,=,6.25,mM
34,Bis(3-aminopropyl)amine,Trans-2-pentenal,=,0.39,mM
34,"3,3'-Diamino-N-methyldipropylamine",Trans-2-pentenal,=,3.12,mM
34,"1,6-Hexanediamine",citronellal,=,0.048,mM
34,"1,5-diamino-3-azapentane",citronellal,=,1.56,mM
34,"1,11-diamino-3,6,9-trioxaundecane",2-Pyridinecarboxaldehyde,=,3.12,mM
34,"1,5-diamino-3-azapentane",2-Pyridinecarboxaldehyde,=,12.5,mM
34,"1,11-diamino-3,6,9-trioxaundecane",(E)-hept-2-enal,=,0.049,mM
34,"1,6-Hexanediamine",(E)-hept-2-enal,=,0.048,mM
34,"1,11-diamino-3,6,9-trioxaundecane","(2E,4E)-deca-2,4-dienal",=,0.049,mM
34,"1,6-Hexanediamine","(2E,4E)-deca-2,4-dienal",=,0.19,mM
34,"1,11-diamino-3,6,9-trioxaundecane",Cinnamaldehyde,=,0.19,mM
34,"1,6-Hexanediamine",Cinnamaldehyde,=,0.39,mM
34,"1,5-diamino-3-azapentane",Cinnamaldehyde,=,3,mM
34,"1,11-diamino-3,6,9-trioxaundecane",p-Bromo benzaldehyde,=,6.25,mM
34,"1,6-Hexanediamine",p-Bromo benzaldehyde,=,6.25,mM
34,"1,5-diamino-3-azapentane",p-Bromo benzaldehyde,=,3.12,mM
34,"1,11-diamino-3,6,9-trioxaundecane",(E)-non-2-enal,=,0.048,mM
34,"1,6-Hexanediamine",(E)-non-2-enal,=,0.098,mM
34,"1,5-diamino-3-azapentane",(E)-non-2-enal,=,0.38,mM
34,"1,11-diamino-3,6,9-trioxaundecane","(2E)-nona-2,6-dienal",=,0.098,mM
34,"1,6-Hexanediamine","(2E)-nona-2,6-dienal",=,0.19,mM
34,"1,5-diamino-3-azapentane","(2E)-nona-2,6-dienal",=,0.19,mM
34,"1,11-diamino-3,6,9-trioxaundecane",Citral,=,0.098,mM
34,"1,6-Hexanediamine",Citral,=,0.19,mM
34,"1,5-diamino-3-azapentane",Citral,=,0.19,mM
34,"1,11-diamino-3,6,9-trioxaundecane",(E)-hex-2-enal,=,0.19,mM
34,"1,6-Hexanediamine",(E)-hex-2-enal,=,0.39,mM
35,"N-bis-(2-amino-ethyl)-ethane-1,2-diamine",(E)-2-Octenal,=,0.196,mM
35,"2,2-bis(2-aminoethoxy)propane",(E)-2-Octenal,=,0.098,mM
35,(Z)-[bis(2-aminoethyl)amino]-hydroxyimino-oxidoazanium,(E)-2-Octenal,=,0.098,mM
35,"1,7-Diaminoheptane",(E)-2-Octenal,=,0.049,mM
35,"2,2'-diaminodiethyl ether",(E)-2-Octenal,=,0.098,mM
35,"1,11-diamino-3,6,9-trioxaundecane",(E)-2-Octenal,=,0.098,mM
35,"1,4-diaminobutane",(E)-2-Octenal,=,0.098,mM
35,"1,8-diaminooctan",(E)-2-Octenal,=,0.098,mM
35,p-Phenylenediamine,(E)-2-Octenal,>,12.5,mM
35,Polyethylenimine linear,(E)-2-Octenal,=,0.38,mM
35,"3,7-diazanonane-1,9-diamine",(E)-2-Octenal,=,0.196,mM
35,"(3-aminopropyl)-1,2-ethylenediamine",(E)-2-Octenal,=,0.39,mM
35,"1,6-Hexanediamine",(E)-2-Octenal,=,0.098,mM
35,1.9-diaminononane,(E)-2-Octenal,=,0.098,mM
35,"2,2'-(ethylenedioxy)bis(ethylamine)",(E)-2-Octenal,=,0.049,mM
35,"N'-(2-aminoethyl)-N'-methylethane-1,2-diamine",(E)-2-Octenal,=,0.049,mM
35,"1,5-diamino-3-azapentane",(E)-2-Octenal,=,0.38,mM
35,Bis(3-aminopropyl)amine,(E)-2-Octenal,=,0.75,mM
35,"3,3'-Diamino-N-methyldipropylamine",(E)-2-Octenal,=,0.098,mM
35,Spermine,(E)-2-Octenal,=,0.75,mM
35,"1,11-diamino-3,6,9-trioxaundecane",1H-Imidazole-2-carboxaldehyde,=,0.39,mM
35,"1,6-Hexanediamine",1H-Imidazole-2-carboxaldehyde,=,3.12,mM
35,"1,5-diamino-3-azapentane",1H-Imidazole-2-carboxaldehyde,=,0.78,mM
35,"1,5-diamino-3-azapentane",4-Ethynylbenzaldehyde,>,12.5,mM
35,"1,11-diamino-3,6,9-trioxaundecane","3,4-Dihydroxybenzaldehyde",=,6.25,mM
35,"1,6-Hexanediamine","3,4-Dihydroxybenzaldehyde",=,6.25,mM
35,"1,11-diamino-3,6,9-trioxaundecane",(E)-Dec-2-enal,=,0.024,mM
35,"1,5-diamino-3-azapentane",(E)-Dec-2-enal,=,1.5,mM
35,"N-bis-(2-amino-ethyl)-ethane-1,2-diamine","2,6-Dimethyl-5-heptenal",=,3.12,mM
35,"2,2-bis(2-aminoethoxy)propane","2,6-Dimethyl-5-heptenal",>,12.5,mM
35,(Z)-[bis(2-aminoethyl)amino]-hydroxyimino-oxidoazanium,"2,6-Dimethyl-5-heptenal",=,6.25,mM
35,cystamine dihydrochloride,"2,6-Dimethyl-5-heptenal",=,6.25,mM
35,"2,2'-diaminodiethyl ether","2,6-Dimethyl-5-heptenal",>,12.5,mM
35,"1,11-diamino-3,6,9-trioxaundecane","2,6-Dimethyl-5-heptenal",=,12.5,mM
35,"1,5-diaminopentane","2,6-Dimethyl-5-heptenal",=,6.25,mM
35,"1,4-diaminobutane","2,6-Dimethyl-5-heptenal",=,3.12,mM
35,"2,5-Bis(aminomethyl)furan","2,6-Dimethyl-5-heptenal",=,6.25,mM
35,"1,8-diaminooctan","2,6-Dimethyl-5-heptenal",=,1.56,mM
35,p-Phenylenediamine,"2,6-Dimethyl-5-heptenal",=,1.56,mM
35,"3,7-diazanonane-1,9-diamine","2,6-Dimethyl-5-heptenal",=,6.25,mM
35,"(3-aminopropyl)-1,2-ethylenediamine","2,6-Dimethyl-5-heptenal",=,12.5,mM
35,"1,6-Hexanediamine","2,6-Dimethyl-5-heptenal",=,6.25,mM
35,1.9-diaminononane,"2,6-Dimethyl-5-heptenal",=,1.56,mM
35,"2,2'-(ethylenedioxy)bis(ethylamine)","2,6-Dimethyl-5-heptenal",=,3.12,mM
35,"1,5-diamino-3-azapentane","2,6-Dimethyl-5-heptenal",=,6.25,mM
35,Bis(3-aminopropyl)amine,"2,6-Dimethyl-5-heptenal",=,3.12,mM
35,Spermine,"2,6-Dimethyl-5-heptenal",=,6.25,mM
35,"1,11-diamino-3,6,9-trioxaundecane",4-Nitrobenzaldehyde,=,1.56,mM
35,"1,5-diamino-3-azapentane",4-Nitrobenzaldehyde,=,3.12,mM
35,"1,11-diamino-3,6,9-trioxaundecane",Hexanal,=,0.39,mM
35,"1,6-Hexanediamine",Hexanal,=,0.048,mM
35,"1,5-diamino-3-azapentane",Hexanal,=,0.78,mM
35,"1,11-diamino-3,6,9-trioxaundecane",Vanillin,=,12.5,mM
35,"1,6-Hexanediamine",Vanillin,=,6.25,mM
35,"1,5-diamino-3-azapentane",Vanillin,=,1.5,mM
35,"1,11-diamino-3,6,9-trioxaundecane",Octyl aldehyde,=,0.024,mM
35,"1,6-Hexanediamine",Octyl aldehyde,=,0.098,mM
35,"1,5-diamino-3-azapentane",Octyl aldehyde,=,0.39,mM
35,"1,6-Hexanediamine",Nonyl aldehyde,=,0.19,mM
35,"1,5-diamino-3-azapentane",Nonyl aldehyde,=,0.098,mM
35,"N-bis-(2-amino-ethyl)-ethane-1,2-diamine",Trans-2-pentenal,=,6.25,mM
35,(Z)-[bis(2-aminoethyl)amino]-hydroxyimino-oxidoazanium,Trans-2-pentenal,=,0.39,mM
35,"1,7-Diaminoheptane",Trans-2-pentenal,=,0.39,mM
35,"2,2'-diaminodiethyl ether",Trans-2-pentenal,=,3.12,mM
35,"1,11-diamino-3,6,9-trioxaundecane",Trans-2-pentenal,=,3.12,mM
35,"1,5-diaminopentane",Trans-2-pentenal,=,1.56,mM
35,"1,4-diaminobutane",Trans-2-pentenal,=,0.19,mM
35,"1,8-diaminooctan",Trans-2-pentenal,=,0.39,mM
35,p-Phenylenediamine,Trans-2-pentenal,>,12.5,mM
35,"1,6-Hexanediamine",Trans-2-pentenal,=,0.19,mM
35,"2,2'-(ethylenedioxy)bis(ethylamine)",Trans-2-pentenal,=,3.12,mM
35,"N'-(2-aminoethyl)-N'-methylethane-1,2-diamine",Trans-2-pentenal,=,0.78,mM
35,"1,5-diamino-3-azapentane",Trans-2-pentenal,=,6.25,mM
35,"3,3'-Diamino-N-methyldipropylamine",Trans-2-pentenal,=,3.12,mM
35,"1,11-diamino-3,6,9-trioxaundecane",citronellal,=,0.0061,mM
35,"1,6-Hexanediamine",citronellal,=,0.048,mM
35,"1,5-diamino-3-azapentane",citronellal,=,1.56,mM
35,"1,6-Hexanediamine",2-Pyridinecarboxaldehyde,=,3.12,mM
35,"1,5-diamino-3-azapentane",2-Pyridinecarboxaldehyde,=,12.5,mM
35,"1,11-diamino-3,6,9-trioxaundecane",(E)-hept-2-enal,=,0.049,mM
35,"1,6-Hexanediamine",(E)-hept-2-enal,=,0.048,mM
35,"1,11-diamino-3,6,9-trioxaundecane","(2E,4E)-deca-2,4-dienal",=,0.049,mM
35,"1,6-Hexanediamine","(2E,4E)-deca-2,4-dienal",=,0.19,mM
35,"1,5-diamino-3-azapentane","(2E,4E)-deca-2,4-dienal",=,0.75,mM
35,"1,11-diamino-3,6,9-trioxaundecane",Cinnamaldehyde,=,0.19,mM
35,"1,5-diamino-3-azapentane",Cinnamaldehyde,=,3,mM
35,"1,5-diamino-3-azapentane",p-Bromo benzaldehyde,=,3.12,mM
35,"1,11-diamino-3,6,9-trioxaundecane",(E)-non-2-enal,=,0.048,mM
35,"1,6-Hexanediamine",(E)-non-2-enal,=,0.098,mM
35,"1,5-diamino-3-azapentane",(E)-non-2-enal,=,0.38,mM
35,"1,11-diamino-3,6,9-trioxaundecane","(2E)-nona-2,6-dienal",=,0.098,mM
35,"1,6-Hexanediamine","(2E)-nona-2,6-dienal",=,0.19,mM
35,"1,5-diamino-3-azapentane","(2E)-nona-2,6-dienal",=,0.19,mM
35,"1,6-Hexanediamine",Citral,=,0.19,mM
35,"1,5-diamino-3-azapentane",Citral,=,0.19,mM
35,"1,11-diamino-3,6,9-trioxaundecane",(E)-hex-2-enal,=,0.19,mM
35,"1,6-Hexanediamine",(E)-hex-2-enal,=,0.39,mM
35,"1,5-diamino-3-azapentane",(E)-hex-2-enal,=,3,mM
35,"1,11-diamino-3,6,9-trioxaundecane",Formaldehyde,=,3.12,mM
35,"1,5-diamino-3-azapentane",Formaldehyde,=,12.5,mM
36,"N-bis-(2-amino-ethyl)-ethane-1,2-diamine",(E)-2-Octenal,=,0.196,mM
36,"2,2-bis(2-aminoethoxy)propane",(E)-2-Octenal,=,0.098,mM
36,(Z)-[bis(2-aminoethyl)amino]-hydroxyimino-oxidoazanium,(E)-2-Octenal,=,0.098,mM
36,"1,7-Diaminoheptane",(E)-2-Octenal,=,0.049,mM
36,"2,2'-diaminodiethyl ether",(E)-2-Octenal,=,0.098,mM
36,"1,11-diamino-3,6,9-trioxaundecane",(E)-2-Octenal,=,0.098,mM
36,"1,5-diaminopentane",(E)-2-Octenal,=,0.098,mM
36,"1,4-diaminobutane",(E)-2-Octenal,=,0.098,mM
36,"1,8-diaminooctan",(E)-2-Octenal,=,0.098,mM
36,p-Phenylenediamine,(E)-2-Octenal,>,12.5,mM
36,Polyethylenimine linear,(E)-2-Octenal,=,0.38,mM
36,"3,7-diazanonane-1,9-diamine",(E)-2-Octenal,=,0.196,mM
36,"(3-aminopropyl)-1,2-ethylenediamine",(E)-2-Octenal,=,0.39,mM
36,"1,6-Hexanediamine",(E)-2-Octenal,=,0.098,mM
36,"1,3-bis(aminomethyl)cyclohexane",(E)-2-Octenal,=,0.39,mM
36,"2,2'-(ethylenedioxy)bis(ethylamine)",(E)-2-Octenal,=,0.049,mM
36,"2,2',2''-triaminotriethylamine",(E)-2-Octenal,=,0.098,mM
36,"N'-(2-aminoethyl)-N'-methylethane-1,2-diamine",(E)-2-Octenal,=,0.049,mM
36,Bis(3-aminopropyl)amine,(E)-2-Octenal,=,0.75,mM
36,Spermine,(E)-2-Octenal,=,0.75,mM
36,"1,11-diamino-3,6,9-trioxaundecane",1H-Imidazole-2-carboxaldehyde,=,0.39,mM
36,"1,6-Hexanediamine",1H-Imidazole-2-carboxaldehyde,=,3.12,mM
36,"1,5-diamino-3-azapentane",1H-Imidazole-2-carboxaldehyde,=,0.78,mM
36,"1,11-diamino-3,6,9-trioxaundecane",4-Ethynylbenzaldehyde,=,3.12,mM
36,"1,6-Hexanediamine","3,4-Dihydroxybenzaldehyde",=,6.25,mM
36,"1,11-diamino-3,6,9-trioxaundecane",(E)-Dec-2-enal,=,0.024,mM
36,"1,6-Hexanediamine",(E)-Dec-2-enal,=,0.098,mM
36,"1,5-diamino-3-azapentane",(E)-Dec-2-enal,=,1.5,mM
36,"N-bis-(2-amino-ethyl)-ethane-1,2-diamine","2,6-Dimethyl-5-heptenal",=,3.12,mM
36,(Z)-[bis(2-aminoethyl)amino]-hydroxyimino-oxidoazanium,"2,6-Dimethyl-5-heptenal",=,6.25,mM
36,"1,7-Diaminoheptane","2,6-Dimethyl-5-heptenal",=,3.12,mM
36,"1,5-diaminopentane","2,6-Dimethyl-5-heptenal",=,6.25,mM
36,"2,5-Bis(aminomethyl)furan","2,6-Dimethyl-5-heptenal",=,6.25,mM
36,p-Phenylenediamine,"2,6-Dimethyl-5-heptenal",=,1.56,mM
36,"3,7-diazanonane-1,9-diamine","2,6-Dimethyl-5-heptenal",=,6.25,mM
36,"(3-aminopropyl)-1,2-ethylenediamine","2,6-Dimethyl-5-heptenal",=,12.5,mM
36,"1,6-Hexanediamine","2,6-Dimethyl-5-heptenal",=,6.25,mM
36,"1,3-di(aminomethyl)benzene","2,6-Dimethyl-5-heptenal",=,12.5,mM
36,"1,3-bis(aminomethyl)cyclohexane","2,6-Dimethyl-5-heptenal",=,12.5,mM
36,1.9-diaminononane,"2,6-Dimethyl-5-heptenal",=,1.56,mM
36,"2,2',2''-triaminotriethylamine","2,6-Dimethyl-5-heptenal",=,3.12,mM
36,"N'-(2-aminoethyl)-N'-methylethane-1,2-diamine","2,6-Dimethyl-5-heptenal",>,12.5,mM
36,"1,5-diamino-3-azapentane","2,6-Dimethyl-5-heptenal",=,6.25,mM
36,Bis(3-aminopropyl)amine,"2,6-Dimethyl-5-heptenal",=,3.12,mM
36,"3,3'-Diamino-N-methyldipropylamine","2,6-Dimethyl-5-heptenal",=,12.5,mM
36,Spermine,"2,6-Dimethyl-5-heptenal",=,6.25,mM
36,"1,5-diamino-3-azapentane",4-Nitrobenzaldehyde,=,3.12,mM
36,"1,11-diamino-3,6,9-trioxaundecane",Hexanal,=,0.39,mM
36,"1,6-Hexanediamine",Hexanal,=,0.048,mM
36,"1,5-diamino-3-azapentane",Hexanal,=,0.78,mM
36,"1,11-diamino-3,6,9-trioxaundecane",Vanillin,=,12.5,mM
36,"1,5-diamino-3-azapentane",Vanillin,=,1.5,mM
36,"1,11-diamino-3,6,9-trioxaundecane",Octyl aldehyde,=,0.024,mM
36,"1,6-Hexanediamine",Octyl aldehyde,=,0.098,mM
36,"1,5-diamino-3-azapentane",Octyl aldehyde,=,0.39,mM
36,"1,6-Hexanediamine",Nonyl aldehyde,=,0.19,mM
36,"1,5-diamino-3-azapentane",Nonyl aldehyde,=,0.098,mM
36,"N-bis-(2-amino-ethyl)-ethane-1,2-diamine",Trans-2-pentenal,=,6.25,mM
36,"2,2-bis(2-aminoethoxy)propane",Trans-2-pentenal,=,1.56,mM
36,(Z)-[bis(2-aminoethyl)amino]-hydroxyimino-oxidoazanium,Trans-2-pentenal,=,0.39,mM
36,"1,7-Diaminoheptane",Trans-2-pentenal,=,0.39,mM
36,"2,2'-diaminodiethyl ether",Trans-2-pentenal,=,3.12,mM
36,"1,11-diamino-3,6,9-trioxaundecane",Trans-2-pentenal,=,3.12,mM
36,"1,5-diaminopentane",Trans-2-pentenal,=,1.56,mM
36,"1,4-diaminobutane",Trans-2-pentenal,=,0.19,mM
36,"1,8-diaminooctan",Trans-2-pentenal,=,0.39,mM
36,p-Phenylenediamine,Trans-2-pentenal,>,12.5,mM
36,"3,7-diazanonane-1,9-diamine",Trans-2-pentenal,=,6.25,mM
36,"(3-aminopropyl)-1,2-ethylenediamine",Trans-2-pentenal,=,6.25,mM
36,1.9-diaminononane,Trans-2-pentenal,=,0.098,mM
36,"2,2'-(ethylenedioxy)bis(ethylamine)",Trans-2-pentenal,=,3.12,mM
36,"N'-(2-aminoethyl)-N'-methylethane-1,2-diamine",Trans-2-pentenal,=,0.78,mM
36,"1,5-diamino-3-azapentane",Trans-2-pentenal,=,6.25,mM
36,Bis(3-aminopropyl)amine,Trans-2-pentenal,=,0.39,mM
36,"3,3'-Diamino-N-methyldipropylamine",Trans-2-pentenal,=,3.12,mM
36,"1,6-Hexanediamine",citronellal,=,0.048,mM
36,"1,5-diamino-3-azapentane",citronellal,=,1.56,mM
36,"1,5-diamino-3-azapentane",2-Pyridinecarboxaldehyde,=,12.5,mM
36,"1,11-diamino-3,6,9-trioxaundecane",(E)-hept-2-enal,=,0.049,mM
36,"1,6-Hexanediamine",(E)-hept-2-enal,=,0.048,mM
36,"1,5-diamino-3-azapentane",(E)-hept-2-enal,=,1.5,mM
36,"1,11-diamino-3,6,9-trioxaundecane","(2E,4E)-deca-2,4-dienal",=,0.049,mM
36,"1,5-diamino-3-azapentane","(2E,4E)-deca-2,4-dienal",=,0.75,mM
36,"1,11-diamino-3,6,9-trioxaundecane",Cinnamaldehyde,=,0.19,mM
36,"1,6-Hexanediamine",Cinnamaldehyde,=,0.39,mM
36,"1,11-diamino-3,6,9-trioxaundecane",p-Bromo benzaldehyde,=,6.25,mM
36,"1,6-Hexanediamine",p-Bromo benzaldehyde,=,6.25,mM
36,"1,5-diamino-3-azapentane",p-Bromo benzaldehyde,=,3.12,mM
36,"1,11-diamino-3,6,9-trioxaundecane",(E)-non-2-enal,=,0.048,mM
36,"1,6-Hexanediamine",(E)-non-2-enal,=,0.098,mM
36,"1,11-diamino-3,6,9-trioxaundecane","(2E)-nona-2,6-dienal",=,0.098,mM
36,"1,6-Hexanediamine","(2E)-nona-2,6-dienal",=,0.19,mM
36,"1,5-diamino-3-azapentane","(2E)-nona-2,6-dienal",=,0.19,mM
36,"1,11-diamino-3,6,9-trioxaundecane",Citral,=,0.098,mM
36,"1,6-Hexanediamine",Citral,=,0.19,mM
36,"1,5-diamino-3-azapentane",Citral,=,0.19,mM
36,"1,11-diamino-3,6,9-trioxaundecane",(E)-hex-2-enal,=,0.19,mM
36,"1,6-Hexanediamine",(E)-hex-2-enal,=,0.39,mM
36,"1,11-diamino-3,6,9-trioxaundecane",Formaldehyde,=,3.12,mM
36,"1,5-diamino-3-azapentane",Formaldehyde,=,12.5,mM
37,"N-bis-(2-amino-ethyl)-ethane-1,2-diamine",(E)-2-Octenal,=,0.196,mM
37,"2,2-bis(2-aminoethoxy)propane",(E)-2-Octenal,=,0.098,mM
37,(Z)-[bis(2-aminoethyl)amino]-hydroxyimino-oxidoazanium,(E)-2-Octenal,=,0.098,mM
37,"1,7-Diaminoheptane",(E)-2-Octenal,=,0.049,mM
37,"2,2'-diaminodiethyl ether",(E)-2-Octenal,=,0.098,mM
37,"1,11-diamino-3,6,9-trioxaundecane",(E)-2-Octenal,=,0.098,mM
37,"1,5-diaminopentane",(E)-2-Octenal,=,0.098,mM
37,"1,4-diaminobutane",(E)-2-Octenal,=,0.098,mM
37,"1,8-diaminooctan",(E)-2-Octenal,=,0.098,mM
37,p-Phenylenediamine,(E)-2-Octenal,>,12.5,mM
37,Polyethylenimine linear,(E)-2-Octenal,=,0.38,mM
37,"(3-aminopropyl)-1,2-ethylenediamine",(E)-2-Octenal,=,0.39,mM
37,1.9-diaminononane,(E)-2-Octenal,=,0.098,mM
37,"2,2',2''-triaminotriethylamine",(E)-2-Octenal,=,0.098,mM
37,"N'-(2-aminoethyl)-N'-methylethane-1,2-diamine",(E)-2-Octenal,=,0.049,mM
37,"1,5-diamino-3-azapentane",(E)-2-Octenal,=,0.38,mM
37,Bis(3-aminopropyl)amine,(E)-2-Octenal,=,0.75,mM
37,"3,3'-Diamino-N-methyldipropylamine",(E)-2-Octenal,=,0.098,mM
37,"1,11-diamino-3,6,9-trioxaundecane",1H-Imidazole-2-carboxaldehyde,=,0.39,mM
37,"1,5-diamino-3-azapentane",1H-Imidazole-2-carboxaldehyde,=,0.78,mM
37,"1,11-diamino-3,6,9-trioxaundecane",4-Ethynylbenzaldehyde,=,3.12,mM
37,"1,11-diamino-3,6,9-trioxaundecane","3,4-Dihydroxybenzaldehyde",=,6.25,mM
37,"1,6-Hexanediamine","3,4-Dihydroxybenzaldehyde",=,6.25,mM
37,"1,11-diamino-3,6,9-trioxaundecane",(E)-Dec-2-enal,=,0.024,mM
37,"1,5-diamino-3-azapentane",(E)-Dec-2-enal,=,1.5,mM
37,"N-bis-(2-amino-ethyl)-ethane-1,2-diamine","2,6-Dimethyl-5-heptenal",=,3.12,mM
37,"2,2-bis(2-aminoethoxy)propane","2,6-Dimethyl-5-heptenal",>,12.5,mM
37,(Z)-[bis(2-aminoethyl)amino]-hydroxyimino-oxidoazanium,"2,6-Dimethyl-5-heptenal",=,6.25,mM
37,cystamine dihydrochloride,"2,6-Dimethyl-5-heptenal",=,6.25,mM
37,"1,7-Diaminoheptane","2,6-Dimethyl-5-heptenal",=,3.12,mM
37,"2,2'-diaminodiethyl ether","2,6-Dimethyl-5-heptenal",>,12.5,mM
37,"1,11-diamino-3,6,9-trioxaundecane","2,6-Dimethyl-5-heptenal",=,12.5,mM
37,"1,5-diaminopentane","2,6-Dimethyl-5-heptenal",=,6.25,mM
37,p-Phenylenediamine,"2,6-Dimethyl-5-heptenal",=,1.56,mM
37,"3,7-diazanonane-1,9-diamine","2,6-Dimethyl-5-heptenal",=,6.25,mM
37,"1,6-Hexanediamine","2,6-Dimethyl-5-heptenal",=,6.25,mM
37,"1,3-bis(aminomethyl)cyclohexane","2,6-Dimethyl-5-heptenal",=,12.5,mM
37,1.9-diaminononane,"2,6-Dimethyl-5-heptenal",=,1.56,mM
37,"2,2'-(ethylenedioxy)bis(ethylamine)","2,6-Dimethyl-5-heptenal",=,3.12,mM
37,"2,2',2''-triaminotriethylamine","2,6-Dimethyl-5-heptenal",=,3.12,mM
37,"N'-(2-aminoethyl)-N'-methylethane-1,2-diamine","2,6-Dimethyl-5-heptenal",>,12.5,mM
37,Spermidine,"2,6-Dimethyl-5-heptenal",=,6.25,mM
37,"1,5-diamino-3-azapentane","2,6-Dimethyl-5-heptenal",=,6.25,mM
37,Bis(3-aminopropyl)amine,"2,6-Dimethyl-5-heptenal",=,3.12,mM
37,Spermine,"2,6-Dimethyl-5-heptenal",=,6.25,mM
37,"1,11-diamino-3,6,9-trioxaundecane",4-Nitrobenzaldehyde,=,1.56,mM
37,"1,6-Hexanediamine",4-Nitrobenzaldehyde,=,3.12,mM
37,"1,5-diamino-3-azapentane",4-Nitrobenzaldehyde,=,3.12,mM
37,"1,11-diamino-3,6,9-trioxaundecane",Hexanal,=,0.39,mM
37,"1,6-Hexanediamine",Hexanal,=,0.048,mM
37,"1,5-diamino-3-azapentane",Hexanal,=,0.78,mM
37,"1,11-diamino-3,6,9-trioxaundecane",Vanillin,=,12.5,mM
37,"1,6-Hexanediamine",Vanillin,=,6.25,mM
37,"1,5-diamino-3-azapentane",Vanillin,=,1.5,mM
37,"1,11-diamino-3,6,9-trioxaundecane",Octyl aldehyde,=,0.024,mM
37,"1,5-diamino-3-azapentane",Octyl aldehyde,=,0.39,mM
37,"1,6-Hexanediamine",Nonyl aldehyde,=,0.19,mM
37,"1,5-diamino-3-azapentane",Nonyl aldehyde,=,0.098,mM
37,"N-bis-(2-amino-ethyl)-ethane-1,2-diamine",Trans-2-pentenal,=,6.25,mM
37,"2,2-bis(2-aminoethoxy)propane",Trans-2-pentenal,=,1.56,mM
37,"1,7-Diaminoheptane",Trans-2-pentenal,=,0.39,mM
37,"2,2'-diaminodiethyl ether",Trans-2-pentenal,=,3.12,mM
37,"1,5-diaminopentane",Trans-2-pentenal,=,1.56,mM
37,"1,8-diaminooctan",Trans-2-pentenal,=,0.39,mM
37,"(3-aminopropyl)-1,2-ethylenediamine",Trans-2-pentenal,=,6.25,mM
37,"1,3-bis(aminomethyl)cyclohexane",Trans-2-pentenal,=,1.56,mM
37,1.9-diaminononane,Trans-2-pentenal,=,0.098,mM
37,"2,2'-(ethylenedioxy)bis(ethylamine)",Trans-2-pentenal,=,3.12,mM
37,"N'-(2-aminoethyl)-N'-methylethane-1,2-diamine",Trans-2-pentenal,=,0.78,mM
37,"1,5-diamino-3-azapentane",Trans-2-pentenal,=,6.25,mM
37,Bis(3-aminopropyl)amine,Trans-2-pentenal,=,0.39,mM
37,"3,3'-Diamino-N-methyldipropylamine",Trans-2-pentenal,=,3.12,mM
37,"1,11-diamino-3,6,9-trioxaundecane",citronellal,=,0.0061,mM
37,"1,6-Hexanediamine",citronellal,=,0.048,mM
37,"1,5-diamino-3-azapentane",citronellal,=,1.56,mM
37,"1,11-diamino-3,6,9-trioxaundecane",2-Pyridinecarboxaldehyde,=,3.12,mM
37,"1,11-diamino-3,6,9-trioxaundecane",(E)-hept-2-enal,=,0.049,mM
37,"1,6-Hexanediamine",(E)-hept-2-enal,=,0.048,mM
37,"1,5-diamino-3-azapentane",(E)-hept-2-enal,=,1.5,mM
37,"1,11-diamino-3,6,9-trioxaundecane","(2E,4E)-deca-2,4-dienal",=,0.049,mM
37,"1,6-Hexanediamine","(2E,4E)-deca-2,4-dienal",=,0.19,mM
37,"1,5-diamino-3-azapentane","(2E,4E)-deca-2,4-dienal",=,0.75,mM
37,"1,11-diamino-3,6,9-trioxaundecane",Cinnamaldehyde,=,0.19,mM
37,"1,6-Hexanediamine",Cinnamaldehyde,=,0.39,mM
37,"1,5-diamino-3-azapentane",Cinnamaldehyde,=,3,mM
37,"1,11-diamino-3,6,9-trioxaundecane",p-Bromo benzaldehyde,=,6.25,mM
37,"1,6-Hexanediamine",p-Bromo benzaldehyde,=,6.25,mM
37,"1,5-diamino-3-azapentane",p-Bromo benzaldehyde,=,3.12,mM
37,"1,11-diamino-3,6,9-trioxaundecane",(E)-non-2-enal,=,0.048,mM
37,"1,6-Hexanediamine",(E)-non-2-enal,=,0.098,mM
37,"1,5-diamino-3-azapentane",(E)-non-2-enal,=,0.38,mM
37,"1,5-diamino-3-azapentane","(2E)-nona-2,6-dienal",=,0.19,mM
37,"1,11-diamino-3,6,9-trioxaundecane",Citral,=,0.098,mM
37,"1,6-Hexanediamine",Citral,=,0.19,mM
37,"1,5-diamino-3-azapentane",Citral,=,0.19,mM
37,"1,11-diamino-3,6,9-trioxaundecane",(E)-hex-2-enal,=,0.19,mM
37,"1,6-Hexanediamine",(E)-hex-2-enal,=,0.39,mM
37,"1,5-diamino-3-azapentane",(E)-hex-2-enal,=,3,mM
37,"1,11-diamino-3,6,9-trioxaundecane",Formaldehyde,=,3.12,mM
37,"1,5-diamino-3-azapentane",Formaldehyde,=,12.5,mM
38,"N-bis-(2-amino-ethyl)-ethane-1,2-diamine",(E)-2-Octenal,=,0.196,mM
38,"2,2-bis(2-aminoethoxy)propane",(E)-2-Octenal,=,0.098,mM
38,(Z)-[bis(2-aminoethyl)amino]-hydroxyimino-oxidoazanium,(E)-2-Octenal,=,0.098,mM
38,"1,7-Diaminoheptane",(E)-2-Octenal,=,0.049,mM
38,"2,2'-diaminodiethyl ether",(E)-2-Octenal,=,0.098,mM
38,"1,5-diaminopentane",(E)-2-Octenal,=,0.098,mM
38,"1,4-diaminobutane",(E)-2-Octenal,=,0.098,mM
38,"1,8-diaminooctan",(E)-2-Octenal,=,0.098,mM
38,p-Phenylenediamine,(E)-2-Octenal,>,12.5,mM
38,Polyethylenimine linear,(E)-2-Octenal,=,0.38,mM
38,"3,7-diazanonane-1,9-diamine",(E)-2-Octenal,=,0.196,mM
38,"1,6-Hexanediamine",(E)-2-Octenal,=,0.098,mM
38,"1,3-bis(aminomethyl)cyclohexane",(E)-2-Octenal,=,0.39,mM
38,1.9-diaminononane,(E)-2-Octenal,=,0.098,mM
38,"2,2'-(ethylenedioxy)bis(ethylamine)",(E)-2-Octenal,=,0.049,mM
38,"2,2',2''-triaminotriethylamine",(E)-2-Octenal,=,0.098,mM
38,"N'-(2-aminoethyl)-N'-methylethane-1,2-diamine",(E)-2-Octenal,=,0.049,mM
38,"1,5-diamino-3-azapentane",(E)-2-Octenal,=,0.38,mM
38,Bis(3-aminopropyl)amine,(E)-2-Octenal,=,0.75,mM
38,"3,3'-Diamino-N-methyldipropylamine",(E)-2-Octenal,=,0.098,mM
38,"1,6-Hexanediamine",1H-Imidazole-2-carboxaldehyde,=,3.12,mM
38,"1,5-diamino-3-azapentane",1H-Imidazole-2-carboxaldehyde,=,0.78,mM
38,"1,11-diamino-3,6,9-trioxaundecane",4-Ethynylbenzaldehyde,=,3.12,mM
38,"1,5-diamino-3-azapentane",4-Ethynylbenzaldehyde,>,12.5,mM
38,"1,11-diamino-3,6,9-trioxaundecane","3,4-Dihydroxybenzaldehyde",=,6.25,mM
38,"1,6-Hexanediamine","3,4-Dihydroxybenzaldehyde",=,6.25,mM
38,"1,11-diamino-3,6,9-trioxaundecane",(E)-Dec-2-enal,=,0.024,mM
38,"1,6-Hexanediamine",(E)-Dec-2-enal,=,0.098,mM
38,"1,5-diamino-3-azapentane",(E)-Dec-2-enal,=,1.5,mM
38,"N-bis-(2-amino-ethyl)-ethane-1,2-diamine","2,6-Dimethyl-5-heptenal",=,3.12,mM
38,"2,2-bis(2-aminoethoxy)propane","2,6-Dimethyl-5-heptenal",>,12.5,mM
38,(Z)-[bis(2-aminoethyl)amino]-hydroxyimino-oxidoazanium,"2,6-Dimethyl-5-heptenal",=,6.25,mM
38,"1,7-Diaminoheptane","2,6-Dimethyl-5-heptenal",=,3.12,mM
38,"1,5-diaminopentane","2,6-Dimethyl-5-heptenal",=,6.25,mM
38,"1,4-diaminobutane","2,6-Dimethyl-5-heptenal",=,3.12,mM
38,"2,5-Bis(aminomethyl)furan","2,6-Dimethyl-5-heptenal",=,6.25,mM
38,"1,8-diaminooctan","2,6-Dimethyl-5-heptenal",=,1.56,mM
38,p-Phenylenediamine,"2,6-Dimethyl-5-heptenal",=,1.56,mM
38,"3,7-diazanonane-1,9-diamine","2,6-Dimethyl-5-heptenal",=,6.25,mM
38,"(3-aminopropyl)-1,2-ethylenediamine","2,6-Dimethyl-5-heptenal",=,12.5,mM
38,"1,3-di(aminomethyl)benzene","2,6-Dimethyl-5-heptenal",=,12.5,mM
38,"1,3-bis(aminomethyl)cyclohexane","2,6-Dimethyl-5-heptenal",=,12.5,mM
38,"2,2'-(ethylenedioxy)bis(ethylamine)","2,6-Dimethyl-5-heptenal",=,3.12,mM
38,"N'-(2-aminoethyl)-N'-methylethane-1,2-diamine","2,6-Dimethyl-5-heptenal",>,12.5,mM
38,Spermidine,"2,6-Dimethyl-5-heptenal",=,6.25,mM
38,"1,5-diamino-3-azapentane","2,6-Dimethyl-5-heptenal",=,6.25,mM
38,Bis(3-aminopropyl)amine,"2,6-Dimethyl-5-heptenal",=,3.12,mM
38,"3,3'-Diamino-N-methyldipropylamine","2,6-Dimethyl-5-heptenal",=,12.5,mM
38,Spermine,"2,6-Dimethyl-5-heptenal",=,6.25,mM
38,"1,11-diamino-3,6,9-trioxaundecane",4-Nitrobenzaldehyde,=,1.56,mM
38,"1,6-Hexanediamine",4-Nitrobenzaldehyde,=,3.12,mM
38,"1,5-diamino-3-azapentane",Hexanal,=,0.78,mM
38,"1,11-diamino-3,6,9-trioxaundecane",Vanillin,=,12.5,mM
38,"1,5-diamino-3-azapentane",Vanillin,=,1.5,mM
38,"1,11-diamino-3,6,9-trioxaundecane",Octyl aldehyde,=,0.024,mM
38,"1,6-Hexanediamine",Octyl aldehyde,=,0.098,mM
38,"1,5-diamino-3-azapentane",Octyl aldehyde,=,0.39,mM
38,"1,6-Hexanediamine",Nonyl aldehyde,=,0.19,mM
38,"1,5-diamino-3-azapentane",Nonyl aldehyde,=,0.098,mM
38,"N-bis-(2-amino-ethyl)-ethane-1,2-diamine",Trans-2-pentenal,=,6.25,mM
38,"2,2-bis(2-aminoethoxy)propane",Trans-2-pentenal,=,1.56,mM
38,(Z)-[bis(2-aminoethyl)amino]-hydroxyimino-oxidoazanium,Trans-2-pentenal,=,0.39,mM
38,"2,2'-diaminodiethyl ether",Trans-2-pentenal,=,3.12,mM
38,"1,5-diaminopentane",Trans-2-pentenal,=,1.56,mM
38,"1,4-diaminobutane",Trans-2-pentenal,=,0.19,mM
38,"1,8-diaminooctan",Trans-2-pentenal,=,0.39,mM
38,"3,7-diazanonane-1,9-diamine",Trans-2-pentenal,=,6.25,mM
38,"(3-aminopropyl)-1,2-ethylenediamine",Trans-2-pentenal,=,6.25,mM
38,"1,6-Hexanediamine",Trans-2-pentenal,=,0.19,mM
38,"1,3-bis(aminomethyl)cyclohexane",Trans-2-pentenal,=,1.56,mM
38,"1,5-diamino-3-azapentane",Trans-2-pentenal,=,6.25,mM
38,Bis(3-aminopropyl)amine,Trans-2-pentenal,=,0.39,mM
38,"1,11-diamino-3,6,9-trioxaundecane",citronellal,=,0.0061,mM
38,"1,5-diamino-3-azapentane",citronellal,=,1.56,mM
38,"1,11-diamino-3,6,9-trioxaundecane",2-Pyridinecarboxaldehyde,=,3.12,mM
38,"1,6-Hexanediamine",2-Pyridinecarboxaldehyde,=,3.12,mM
38,"1,5-diamino-3-azapentane",2-Pyridinecarboxaldehyde,=,12.5,mM
38,"1,11-diamino-3,6,9-trioxaundecane",(E)-hept-2-enal,=,0.049,mM
38,"1,6-Hexanediamine",(E)-hept-2-enal,=,0.048,mM
38,"1,5-diamino-3-azapentane",(E)-hept-2-enal,=,1.5,mM
38,"1,11-diamino-3,6,9-trioxaundecane","(2E,4E)-deca-2,4-dienal",=,0.049,mM
38,"1,6-Hexanediamine","(2E,4E)-deca-2,4-dienal",=,0.19,mM
38,"1,5-diamino-3-azapentane","(2E,4E)-deca-2,4-dienal",=,0.75,mM
38,"1,11-diamino-3,6,9-trioxaundecane",Cinnamaldehyde,=,0.19,mM
38,"1,6-Hexanediamine",Cinnamaldehyde,=,0.39,mM
38,"1,5-diamino-3-azapentane",Cinnamaldehyde,=,3,mM
38,"1,11-diamino-3,6,9-trioxaundecane",p-Bromo benzaldehyde,=,6.25,mM
38,"1,6-Hexanediamine",p-Bromo benzaldehyde,=,6.25,mM
38,"1,5-diamino-3-azapentane",p-Bromo benzaldehyde,=,3.12,mM
38,"1,11-diamino-3,6,9-trioxaundecane",(E)-non-2-enal,=,0.048,mM
38,"1,6-Hexanediamine",(E)-non-2-enal,=,0.098,mM
38,"1,11-diamino-3,6,9-trioxaundecane","(2E)-nona-2,6-dienal",=,0.098,mM
38,"1,6-Hexanediamine","(2E)-nona-2,6-dienal",=,0.19,mM
38,"1,6-Hexanediamine",Citral,=,0.19,mM
38,"1,5-diamino-3-azapentane",Citral,=,0.19,mM
38,"1,11-diamino-3,6,9-trioxaundecane",(E)-hex-2-enal,=,0.19,mM
38,"1,6-Hexanediamine",(E)-hex-2-enal,=,0.39,mM
38,"1,5-diamino-3-azapentane",(E)-hex-2-enal,=,3,mM
38,"1,11-diamino-3,6,9-trioxaundecane",Formaldehyde,=,3.12,mM
38,"1,5-diamino-3-azapentane",Formaldehyde,=,12.5,mM
39,"N-bis-(2-amino-ethyl)-ethane-1,2-diamine",(E)-2-Octenal,=,0.196,mM
39,"2,2-bis(2-aminoethoxy)propane",(E)-2-Octenal,=,0.098,mM
39,(Z)-[bis(2-aminoethyl)amino]-hydroxyimino-oxidoazanium,(E)-2-Octenal,=,0.098,mM
39,"1,7-Diaminoheptane",(E)-2-Octenal,=,0.049,mM
39,"2,2'-diaminodiethyl ether",(E)-2-Octenal,=,0.098,mM
39,"1,11-diamino-3,6,9-trioxaundecane",(E)-2-Octenal,=,0.098,mM
39,"1,5-diaminopentane",(E)-2-Octenal,=,0.098,mM
39,"1,4-diaminobutane",(E)-2-Octenal,=,0.098,mM
39,"1,8-diaminooctan",(E)-2-Octenal,=,0.098,mM
39,p-Phenylenediamine,(E)-2-Octenal,>,12.5,mM
39,"3,7-diazanonane-1,9-diamine",(E)-2-Octenal,=,0.196,mM
39,"(3-aminopropyl)-1,2-ethylenediamine",(E)-2-Octenal,=,0.39,mM
39,"1,6-Hexanediamine",(E)-2-Octenal,=,0.098,mM
39,"2,2'-(ethylenedioxy)bis(ethylamine)",(E)-2-Octenal,=,0.049,mM
39,"2,2',2''-triaminotriethylamine",(E)-2-Octenal,=,0.098,mM
39,"N'-(2-aminoethyl)-N'-methylethane-1,2-diamine",(E)-2-Octenal,=,0.049,mM
39,"1,5-diamino-3-azapentane",(E)-2-Octenal,=,0.38,mM
39,"3,3'-Diamino-N-methyldipropylamine",(E)-2-Octenal,=,0.098,mM
39,Spermine,(E)-2-Octenal,=,0.75,mM
39,"1,11-diamino-3,6,9-trioxaundecane",1H-Imidazole-2-carboxaldehyde,=,0.39,mM
39,"1,5-diamino-3-azapentane",1H-Imidazole-2-carboxaldehyde,=,0.78,mM
39,"1,11-diamino-3,6,9-trioxaundecane",4-Ethynylbenzaldehyde,=,3.12,mM
39,"1,5-diamino-3-azapentane",4-Ethynylbenzaldehyde,>,12.5,mM
39,"1,11-diamino-3,6,9-trioxaundecane","3,4-Dihydroxybenzaldehyde",=,6.25,mM
39,"1,6-Hexanediamine","3,4-Dihydroxybenzaldehyde",=,6.25,mM
39,"1,11-diamino-3,6,9-trioxaundecane",(E)-Dec-2-enal,=,0.024,mM
39,"1,6-Hexanediamine",(E)-Dec-2-enal,=,0.098,mM
39,"1,5-diamino-3-azapentane",(E)-Dec-2-enal,=,1.5,mM
39,"N-bis-(2-amino-ethyl)-ethane-1,2-diamine","2,6-Dimethyl-5-heptenal",=,3.12,mM
39,"2,2-bis(2-aminoethoxy)propane","2,6-Dimethyl-5-heptenal",>,12.5,mM
39,(Z)-[bis(2-aminoethyl)amino]-hydroxyimino-oxidoazanium,"2,6-Dimethyl-5-heptenal",=,6.25,mM
39,"1,7-Diaminoheptane","2,6-Dimethyl-5-heptenal",=,3.12,mM
39,"2,2'-diaminodiethyl ether","2,6-Dimethyl-5-heptenal",>,12.5,mM
39,"1,11-diamino-3,6,9-trioxaundecane","2,6-Dimethyl-5-heptenal",=,12.5,mM
39,"1,5-diaminopentane","2,6-Dimethyl-5-heptenal",=,6.25,mM
39,"1,4-diaminobutane","2,6-Dimethyl-5-heptenal",=,3.12,mM
39,"1,8-diaminooctan","2,6-Dimethyl-5-heptenal",=,1.56,mM
39,"3,7-diazanonane-1,9-diamine","2,6-Dimethyl-5-heptenal",=,6.25,mM
39,"(3-aminopropyl)-1,2-ethylenediamine","2,6-Dimethyl-5-heptenal",=,12.5,mM
39,"1,6-Hexanediamine","2,6-Dimethyl-5-heptenal",=,6.25,mM
39,1.9-diaminononane,"2,6-Dimethyl-5-heptenal",=,1.56,mM
39,"2,2'-(ethylenedioxy)bis(ethylamine)","2,6-Dimethyl-5-heptenal",=,3.12,mM
39,"2,2',2''-triaminotriethylamine","2,6-Dimethyl-5-heptenal",=,3.12,mM
39,"N'-(2-aminoethyl)-N'-methylethane-1,2-diamine","2,6-Dimethyl-5-heptenal",>,12.5,mM
39,Spermidine,"2,6-Dimethyl-5-heptenal",=,6.25,mM
39,Bis(3-aminopropyl)amine,"2,6-Dimethyl-5-heptenal",=,3.12,mM
39,Spermine,"2,6-Dimethyl-5-heptenal",=,6.25,mM
39,"1,11-diamino-3,6,9-trioxaundecane",4-Nitrobenzaldehyde,=,1.56,mM
39,"1,6-Hexanediamine",4-Nitrobenzaldehyde,=,3.12,mM
39,"1,5-diamino-3-azapentane",4-Nitrobenzaldehyde,=,3.12,mM
39,"1,6-Hexanediamine",Hexanal,=,0.048,mM
39,"1,11-diamino-3,6,9-trioxaundecane",Vanillin,=,12.5,mM
39,"1,6-Hexanediamine",Vanillin,=,6.25,mM
39,"1,5-diamino-3-azapentane",Vanillin,=,1.5,mM
39,"1,11-diamino-3,6,9-trioxaundecane",Octyl aldehyde,=,0.024,mM
39,"1,6-Hexanediamine",Octyl aldehyde,=,0.098,mM
39,"1,6-Hexanediamine",Nonyl aldehyde,=,0.19,mM
39,"N-bis-(2-amino-ethyl)-ethane-1,2-diamine",Trans-2-pentenal,=,6.25,mM
39,(Z)-[bis(2-aminoethyl)amino]-hydroxyimino-oxidoazanium,Trans-2-pentenal,=,0.39,mM
39,"1,7-Diaminoheptane",Trans-2-pentenal,=,0.39,mM
39,"2,2'-diaminodiethyl ether",Trans-2-pentenal,=,3.12,mM
39,"1,11-diamino-3,6,9-trioxaundecane",Trans-2-pentenal,=,3.12,mM
39,"1,4-diaminobutane",Trans-2-pentenal,=,0.19,mM
39,"1,8-diaminooctan",Trans-2-pentenal,=,0.39,mM
39,p-Phenylenediamine,Trans-2-pentenal,>,12.5,mM
39,"3,7-diazanonane-1,9-diamine",Trans-2-pentenal,=,6.25,mM
39,"(3-aminopropyl)-1,2-ethylenediamine",Trans-2-pentenal,=,6.25,mM
39,"1,6-Hexanediamine",Trans-2-pentenal,=,0.19,mM
39,"1,3-bis(aminomethyl)cyclohexane",Trans-2-pentenal,=,1.56,mM
39,"2,2'-(ethylenedioxy)bis(ethylamine)",Trans-2-pentenal,=,3.12,mM
39,"N'-(2-aminoethyl)-N'-methylethane-1,2-diamine",Trans-2-pentenal,=,0.78,mM
39,Bis(3-aminopropyl)amine,Trans-2-pentenal,=,0.39,mM
39,"3,3'-Diamino-N-methyldipropylamine",Trans-2-pentenal,=,3.12,mM
39,"1,11-diamino-3,6,9-trioxaundecane",citronellal,=,0.0061,mM
39,"1,6-Hexanediamine",citronellal,=,0.048,mM
39,"1,5-diamino-3-azapentane",citronellal,=,1.56,mM
39,"1,11-diamino-3,6,9-trioxaundecane",2-Pyridinecarboxaldehyde,=,3.12,mM
39,"1,6-Hexanediamine",2-Pyridinecarboxaldehyde,=,3.12,mM
39,"1,11-diamino-3,6,9-trioxaundecane",(E)-hept-2-enal,=,0.049,mM
39,"1,6-Hexanediamine",(E)-hept-2-enal,=,0.048,mM
39,"1,11-diamino-3,6,9-trioxaundecane","(2E,4E)-deca-2,4-dienal",=,0.049,mM
39,"1,6-Hexanediamine","(2E,4E)-deca-2,4-dienal",=,0.19,mM
39,"1,11-diamino-3,6,9-trioxaundecane",Cinnamaldehyde,=,0.19,mM
39,"1,6-Hexanediamine",Cinnamaldehyde,=,0.39,mM
39,"1,5-diamino-3-azapentane",Cinnamaldehyde,=,3,mM
39,"1,11-diamino-3,6,9-trioxaundecane",p-Bromo benzaldehyde,=,6.25,mM
39,"1,6-Hexanediamine",p-Bromo benzaldehyde,=,6.25,mM
39,"1,5-diamino-3-azapentane",p-Bromo benzaldehyde,=,3.12,mM
39,"1,11-diamino-3,6,9-trioxaundecane",(E)-non-2-enal,=,0.048,mM
39,"1,6-Hexanediamine",(E)-non-2-enal,=,0.098,mM
39,"1,5-diamino-3-azapentane",(E)-non-2-enal,=,0.38,mM
39,"1,6-Hexanediamine","(2E)-nona-2,6-dienal",=,0.19,mM
39,"1,11-diamino-3,6,9-trioxaundecane",Citral,=,0.098,mM
39,"1,6-Hexanediamine",Citral,=,0.19,mM
39,"1,5-diamino-3-azapentane",Citral,=,0.19,mM
39,"1,11-diamino-3,6,9-trioxaundecane",(E)-hex-2-enal,=,0.19,mM
39,"1,6-Hexanediamine",(E)-hex-2-enal,=,0.39,mM
39,"1,5-diamino-3-azapentane",(E)-hex-2-enal,=,3,mM
39,"1,11-diamino-3,6,9-trioxaundecane",Formaldehyde,=,3.12,mM
39,"1,5-diamino-3-azapentane",Formaldehyde,=,12.5,mM
40,"N-bis-(2-amino-ethyl)-ethane-1,2-diamine",(E)-2-Octenal,=,0.196,mM
40,"2,2-bis(2-aminoethoxy)propane",(E)-2-Octenal,=,0.098,mM
40,(Z)-[bis(2-aminoethyl)amino]-hydroxyimino-oxidoazanium,(E)-2-Octenal,=,0.098,mM
40,"2,2'-diaminodiethyl ether",(E)-2-Octenal,=,0.098,mM
40,"1,11-diamino-3,6,9-trioxaundecane",(E)-2-Octenal,=,0.098,mM
40,"1,5-diaminopentane",(E)-2-Octenal,=,0.098,mM
40,"1,4-diaminobutane",(E)-2-Octenal,=,0.098,mM
40,p-Phenylenediamine,(E)-2-Octenal,>,12.5,mM
40,Polyethylenimine linear,(E)-2-Octenal,=,0.38,mM
40,"3,7-diazanonane-1,9-diamine",(E)-2-Octenal,=,0.196,mM
40,"(3-aminopropyl)-1,2-ethylenediamine",(E)-2-Octenal,=,0.39,mM
40,"1,6-Hexanediamine",(E)-2-Octenal,=,0.098,mM
40,"1,3-bis(aminomethyl)cyclohexane",(E)-2-Octenal,=,0.39,mM
40,1.9-diaminononane,(E)-2-Octenal,=,0.098,mM
40,"2,2'-(ethylenedioxy)bis(ethylamine)",(E)-2-Octenal,=,0.049,mM
40,"2,2',2''-triaminotriethylamine",(E)-2-Octenal,=,0.098,mM
40,"1,5-diamino-3-azapentane",(E)-2-Octenal,=,0.38,mM
40,"3,3'-Diamino-N-methyldipropylamine",(E)-2-Octenal,=,0.098,mM
40,Spermine,(E)-2-Octenal,=,0.75,mM
40,"1,11-diamino-3,6,9-trioxaundecane",1H-Imidazole-2-carboxaldehyde,=,0.39,mM
40,"1,6-Hexanediamine",1H-Imidazole-2-carboxaldehyde,=,3.12,mM
40,"1,11-diamino-3,6,9-trioxaundecane",4-Ethynylbenzaldehyde,=,3.12,mM
40,"1,5-diamino-3-azapentane",4-Ethynylbenzaldehyde,>,12.5,mM
40,"1,11-diamino-3,6,9-trioxaundecane","3,4-Dihydroxybenzaldehyde",=,6.25,mM
40,"1,6-Hexanediamine","3,4-Dihydroxybenzaldehyde",=,6.25,mM
40,"1,11-diamino-3,6,9-trioxaundecane",(E)-Dec-2-enal,=,0.024,mM
40,"1,6-Hexanediamine",(E)-Dec-2-enal,=,0.098,mM
40,"N-bis-(2-amino-ethyl)-ethane-1,2-diamine","2,6-Dimethyl-5-heptenal",=,3.12,mM
40,"2,2-bis(2-aminoethoxy)propane","2,6-Dimethyl-5-heptenal",>,12.5,mM
40,(Z)-[bis(2-aminoethyl)amino]-hydroxyimino-oxidoazanium,"2,6-Dimethyl-5-heptenal",=,6.25,mM
40,cystamine dihydrochloride,"2,6-Dimethyl-5-heptenal",=,6.25,mM
40,"2,2'-diaminodiethyl ether","2,6-Dimethyl-5-heptenal",>,12.5,mM
40,"1,4-diaminobutane","2,6-Dimethyl-5-heptenal",=,3.12,mM
40,"2,5-Bis(aminomethyl)furan","2,6-Dimethyl-5-heptenal",=,6.25,mM
40,p-Phenylenediamine,"2,6-Dimethyl-5-heptenal",=,1.56,mM
40,"3,7-diazanonane-1,9-diamine","2,6-Dimethyl-5-heptenal",=,6.25,mM
40,"(3-aminopropyl)-1,2-ethylenediamine","2,6-Dimethyl-5-heptenal",=,12.5,mM
40,"1,3-di(aminomethyl)benzene","2,6-Dimethyl-5-heptenal",=,12.5,mM
40,1.9-diaminononane,"2,6-Dimethyl-5-heptenal",=,1.56,mM
40,"2,2',2''-triaminotriethylamine","2,6-Dimethyl-5-heptenal",=,3.12,mM
40,"N'-(2-aminoethyl)-N'-methylethane-1,2-diamine","2,6-Dimethyl-5-heptenal",>,12.5,mM
40,Spermidine,"2,6-Dimethyl-5-heptenal",=,6.25,mM
40,"1,5-diamino-3-azapentane","2,6-Dimethyl-5-heptenal",=,6.25,mM
40,Bis(3-aminopropyl)amine,"2,6-Dimethyl-5-heptenal",=,3.12,mM
40,"3,3'-Diamino-N-methyldipropylamine","2,6-Dimethyl-5-heptenal",=,12.5,mM
40,Spermine,"2,6-Dimethyl-5-heptenal",=,6.25,mM
40,"1,11-diamino-3,6,9-trioxaundecane",4-Nitrobenzaldehyde,=,1.56,mM
40,"1,6-Hexanediamine",4-Nitrobenzaldehyde,=,3.12,mM
40,"1,5-diamino-3-azapentane",4-Nitrobenzaldehyde,=,3.12,mM
40,"1,11-diamino-3,6,9-trioxaundecane",Hexanal,=,0.39,mM
40,"1,11-diamino-3,6,9-trioxaundecane",Vanillin,=,12.5,mM
40,"1,6-Hexanediamine",Vanillin,=,6.25,mM
40,"1,5-diamino-3-azapentane",Vanillin,=,1.5,mM
40,"1,11-diamino-3,6,9-trioxaundecane",Octyl aldehyde,=,0.024,mM
40,"1,6-Hexanediamine",Nonyl aldehyde,=,0.19,mM
40,"1,5-diamino-3-azapentane",Nonyl aldehyde,=,0.098,mM
40,"N-bis-(2-amino-ethyl)-ethane-1,2-diamine",Trans-2-pentenal,=,6.25,mM
40,(Z)-[bis(2-aminoethyl)amino]-hydroxyimino-oxidoazanium,Trans-2-pentenal,=,0.39,mM
40,"1,7-Diaminoheptane",Trans-2-pentenal,=,0.39,mM
40,"2,2'-diaminodiethyl ether",Trans-2-pentenal,=,3.12,mM
40,"1,5-diaminopentane",Trans-2-pentenal,=,1.56,mM
40,"1,4-diaminobutane",Trans-2-pentenal,=,0.19,mM
40,"1,8-diaminooctan",Trans-2-pentenal,=,0.39,mM
40,p-Phenylenediamine,Trans-2-pentenal,>,12.5,mM
40,"3,7-diazanonane-1,9-diamine",Trans-2-pentenal,=,6.25,mM
40,"(3-aminopropyl)-1,2-ethylenediamine",Trans-2-pentenal,=,6.25,mM
40,"1,6-Hexanediamine",Trans-2-pentenal,=,0.19,mM
40,"1,3-bis(aminomethyl)cyclohexane",Trans-2-pentenal,=,1.56,mM
40,1.9-diaminononane,Trans-2-pentenal,=,0.098,mM
40,"2,2'-(ethylenedioxy)bis(ethylamine)",Trans-2-pentenal,=,3.12,mM
40,"N'-(2-aminoethyl)-N'-methylethane-1,2-diamine",Trans-2-pentenal,=,0.78,mM
40,"1,5-diamino-3-azapentane",Trans-2-pentenal,=,6.25,mM
40,Bis(3-aminopropyl)amine,Trans-2-pentenal,=,0.39,mM
40,"3,3'-Diamino-N-methyldipropylamine",Trans-2-pentenal,=,3.12,mM
40,"1,11-diamino-3,6,9-trioxaundecane",citronellal,=,0.0061,mM
40,"1,6-Hexanediamine",citronellal,=,0.048,mM
40,"1,5-diamino-3-azapentane",citronellal,=,1.56,mM
40,"1,11-diamino-3,6,9-trioxaundecane",2-Pyridinecarboxaldehyde,=,3.12,mM
40,"1,6-Hexanediamine",2-Pyridinecarboxaldehyde,=,3.12,mM
40,"1,5-diamino-3-azapentane",2-Pyridinecarboxaldehyde,=,12.5,mM
40,"1,11-diamino-3,6,9-trioxaundecane",(E)-hept-2-enal,=,0.049,mM
40,"1,6-Hexanediamine",(E)-hept-2-enal,=,0.048,mM
40,"1,11-diamino-3,6,9-trioxaundecane","(2E,4E)-deca-2,4-dienal",=,0.049,mM
40,"1,5-diamino-3-azapentane","(2E,4E)-deca-2,4-dienal",=,0.75,mM
40,"1,6-Hexanediamine",Cinnamaldehyde,=,0.39,mM
40,"1,5-diamino-3-azapentane",Cinnamaldehyde,=,3,mM
40,"1,11-diamino-3,6,9-trioxaundecane",p-Bromo benzaldehyde,=,6.25,mM
40,"1,5-diamino-3-azapentane",p-Bromo benzaldehyde,=,3.12,mM
40,"1,11-diamino-3,6,9-trioxaundecane",(E)-non-2-enal,=,0.048,mM
40,"1,5-diamino-3-azapentane",(E)-non-2-enal,=,0.38,mM
40,"1,11-diamino-3,6,9-trioxaundecane","(2E)-nona-2,6-dienal",=,0.098,mM
40,"1,6-Hexanediamine","(2E)-nona-2,6-dienal",=,0.19,mM
40,"1,5-diamino-3-azapentane","(2E)-nona-2,6-dienal",=,0.19,mM
40,"1,11-diamino-3,6,9-trioxaundecane",Citral,=,0.098,mM
40,"1,6-Hexanediamine",Citral,=,0.19,mM
40,"1,5-diamino-3-azapentane",Citral,=,0.19,mM
40,"1,11-diamino-3,6,9-trioxaundecane",(E)-hex-2-enal,=,0.19,mM
40,"1,6-Hexanediamine",(E)-hex-2-enal,=,0.39,mM
40,"1,11-diamino-3,6,9-trioxaundecane",Formaldehyde,=,3.12,mM
40,"1,5-diamino-3-azapentane",Formaldehyde,=,12.5,mM
41,"N-bis-(2-amino-ethyl)-ethane-1,2-diamine",(E)-2-Octenal,=,0.196,mM
41,"2,2-bis(2-aminoethoxy)propane",(E)-2-Octenal,=,0.098,mM
41,(Z)-[bis(2-aminoethyl)amino]-hydroxyimino-oxidoazanium,(E)-2-Octenal,=,0.098,mM
41,"1,7-Diaminoheptane",(E)-2-Octenal,=,0.049,mM
41,"2,2'-diaminodiethyl ether",(E)-2-Octenal,=,0.098,mM
41,"1,11-diamino-3,6,9-trioxaundecane",(E)-2-Octenal,=,0.098,mM
41,"1,5-diaminopentane",(E)-2-Octenal,=,0.098,mM
41,"1,4-diaminobutane",(E)-2-Octenal,=,0.098,mM
41,"1,8-diaminooctan",(E)-2-Octenal,=,0.098,mM
41,p-Phenylenediamine,(E)-2-Octenal,>,12.5,mM
41,Polyethylenimine linear,(E)-2-Octenal,=,0.38,mM
41,"3,7-diazanonane-1,9-diamine",(E)-2-Octenal,=,0.196,mM
41,"1,6-Hexanediamine",(E)-2-Octenal,=,0.098,mM
41,"1,3-bis(aminomethyl)cyclohexane",(E)-2-Octenal,=,0.39,mM
41,1.9-diaminononane,(E)-2-Octenal,=,0.098,mM
41,"2,2'-(ethylenedioxy)bis(ethylamine)",(E)-2-Octenal,=,0.049,mM
41,"N'-(2-aminoethyl)-N'-methylethane-1,2-diamine",(E)-2-Octenal,=,0.049,mM
41,Bis(3-aminopropyl)amine,(E)-2-Octenal,=,0.75,mM
41,"3,3'-Diamino-N-methyldipropylamine",(E)-2-Octenal,=,0.098,mM
41,Spermine,(E)-2-Octenal,=,0.75,mM
41,"1,11-diamino-3,6,9-trioxaundecane",1H-Imidazole-2-carboxaldehyde,=,0.39,mM
41,"1,5-diamino-3-azapentane",1H-Imidazole-2-carboxaldehyde,=,0.78,mM
41,"1,11-diamino-3,6,9-trioxaundecane",4-Ethynylbenzaldehyde,=,3.12,mM
41,"1,11-diamino-3,6,9-trioxaundecane","3,4-Dihydroxybenzaldehyde",=,6.25,mM
41,"1,6-Hexanediamine","3,4-Dihydroxybenzaldehyde",=,6.25,mM
41,"1,11-diamino-3,6,9-trioxaundecane",(E)-Dec-2-enal,=,0.024,mM
41,"1,6-Hexanediamine",(E)-Dec-2-enal,=,0.098,mM
41,"1,5-diamino-3-azapentane",(E)-Dec-2-enal,=,1.5,mM
41,"N-bis-(2-amino-ethyl)-ethane-1,2-diamine","2,6-Dimethyl-5-heptenal",=,3.12,mM
41,"2,2-bis(2-aminoethoxy)propane","2,6-Dimethyl-5-heptenal",>,12.5,mM
41,(Z)-[bis(2-aminoethyl)amino]-hydroxyimino-oxidoazanium,"2,6-Dimethyl-5-heptenal",=,6.25,mM
41,cystamine dihydrochloride,"2,6-Dimethyl-5-heptenal",=,6.25,mM
41,"1,5-diaminopentane","2,6-Dimethyl-5-heptenal",=,6.25,mM
41,"1,4-diaminobutane","2,6-Dimethyl-5-heptenal",=,3.12,mM
41,"2,5-Bis(aminomethyl)furan","2,6-Dimethyl-5-heptenal",=,6.25,mM
41,p-Phenylenediamine,"2,6-Dimethyl-5-heptenal",=,1.56,mM
41,"1,6-Hexanediamine","2,6-Dimethyl-5-heptenal",=,6.25,mM
41,"1,3-di(aminomethyl)benzene","2,6-Dimethyl-5-heptenal",=,12.5,mM
41,"1,3-bis(aminomethyl)cyclohexane","2,6-Dimethyl-5-heptenal",=,12.5,mM
41,1.9-diaminononane,"2,6-Dimethyl-5-heptenal",=,1.56,mM
41,"2,2'-(ethylenedioxy)bis(ethylamine)","2,6-Dimethyl-5-heptenal",=,3.12,mM
41,Spermidine,"2,6-Dimethyl-5-heptenal",=,6.25,mM
41,"1,5-diamino-3-azapentane","2,6-Dimethyl-5-heptenal",=,6.25,mM
41,Bis(3-aminopropyl)amine,"2,6-Dimethyl-5-heptenal",=,3.12,mM
41,"3,3'-Diamino-N-methyldipropylamine","2,6-Dimethyl-5-heptenal",=,12.5,mM
41,Spermine,"2,6-Dimethyl-5-heptenal",=,6.25,mM
41,"1,11-diamino-3,6,9-trioxaundecane",4-Nitrobenzaldehyde,=,1.56,mM
41,"1,6-Hexanediamine",4-Nitrobenzaldehyde,=,3.12,mM
41,"1,5-diamino-3-azapentane",4-Nitrobenzaldehyde,=,3.12,mM
41,"1,11-diamino-3,6,9-trioxaundecane",Hexanal,=,0.39,mM
41,"1,6-Hexanediamine",Hexanal,=,0.048,mM
41,"1,11-diamino-3,6,9-trioxaundecane",Vanillin,=,12.5,mM
41,"1,5-diamino-3-azapentane",Vanillin,=,1.5,mM
41,"1,11-diamino-3,6,9-trioxaundecane",Octyl aldehyde,=,0.024,mM
41,"1,6-Hexanediamine",Octyl aldehyde,=,0.098,mM
41,"1,6-Hexanediamine",Nonyl aldehyde,=,0.19,mM
41,"1,5-diamino-3-azapentane",Nonyl aldehyde,=,0.098,mM
41,"N-bis-(2-amino-ethyl)-ethane-1,2-diamine",Trans-2-pentenal,=,6.25,mM
41,"2,2-bis(2-aminoethoxy)propane",Trans-2-pentenal,=,1.56,mM
41,(Z)-[bis(2-aminoethyl)amino]-hydroxyimino-oxidoazanium,Trans-2-pentenal,=,0.39,mM
41,"1,7-Diaminoheptane",Trans-2-pentenal,=,0.39,mM
41,"2,2'-diaminodiethyl ether",Trans-2-pentenal,=,3.12,mM
41,"1,11-diamino-3,6,9-trioxaundecane",Trans-2-pentenal,=,3.12,mM
41,"1,5-diaminopentane",Trans-2-pentenal,=,1.56,mM
41,"1,4-diaminobutane",Trans-2-pentenal,=,0.19,mM
41,p-Phenylenediamine,Trans-2-pentenal,>,12.5,mM
41,"3,7-diazanonane-1,9-diamine",Trans-2-pentenal,=,6.25,mM
41,"(3-aminopropyl)-1,2-ethylenediamine",Trans-2-pentenal,=,6.25,mM
41,"1,6-Hexanediamine",Trans-2-pentenal,=,0.19,mM
41,1.9-diaminononane,Trans-2-pentenal,=,0.098,mM
41,"N'-(2-aminoethyl)-N'-methylethane-1,2-diamine",Trans-2-pentenal,=,0.78,mM
41,"1,5-diamino-3-azapentane",Trans-2-pentenal,=,6.25,mM
41,Bis(3-aminopropyl)amine,Trans-2-pentenal,=,0.39,mM
41,"3,3'-Diamino-N-methyldipropylamine",Trans-2-pentenal,=,3.12,mM
41,"1,11-diamino-3,6,9-trioxaundecane",citronellal,=,0.0061,mM
41,"1,6-Hexanediamine",citronellal,=,0.048,mM
41,"1,6-Hexanediamine",2-Pyridinecarboxaldehyde,=,3.12,mM
41,"1,11-diamino-3,6,9-trioxaundecane",(E)-hept-2-enal,=,0.049,mM
41,"1,6-Hexanediamine",(E)-hept-2-enal,=,0.048,mM
41,"1,5-diamino-3-azapentane",(E)-hept-2-enal,=,1.5,mM
41,"1,11-diamino-3,6,9-trioxaundecane","(2E,4E)-deca-2,4-dienal",=,0.049,mM
41,"1,6-Hexanediamine","(2E,4E)-deca-2,4-dienal",=,0.19,mM
41,"1,5-diamino-3-azapentane","(2E,4E)-deca-2,4-dienal",=,0.75,mM
41,"1,11-diamino-3,6,9-trioxaundecane",Cinnamaldehyde,=,0.19,mM
41,"1,6-Hexanediamine",Cinnamaldehyde,=,0.39,mM
41,"1,11-diamino-3,6,9-trioxaundecane",p-Bromo benzaldehyde,=,6.25,mM
41,"1,6-Hexanediamine",p-Bromo benzaldehyde,=,6.25,mM
41,"1,5-diamino-3-azapentane",p-Bromo benzaldehyde,=,3.12,mM
41,"1,6-Hexanediamine",(E)-non-2-enal,=,0.098,mM
41,"1,5-diamino-3-azapentane",(E)-non-2-enal,=,0.38,mM
41,"1,11-diamino-3,6,9-trioxaundecane","(2E)-nona-2,6-dienal",=,0.098,mM
41,"1,6-Hexanediamine","(2E)-nona-2,6-dienal",=,0.19,mM
41,"1,11-diamino-3,6,9-trioxaundecane",Citral,=,0.098,mM
41,"1,6-Hexanediamine",Citral,=,0.19,mM
41,"1,5-diamino-3-azapentane",Citral,=,0.19,mM
41,"1,11-diamino-3,6,9-trioxaundecane",(E)-hex-2-enal,=,0.19,mM
41,"1,6-Hexanediamine",(E)-hex-2-enal,=,0.39,mM
41,"1,5-diamino-3-azapentane",(E)-hex-2-enal,=,3,mM
41,"1,11-diamino-3,6,9-trioxaundecane",Formaldehyde,=,3.12,mM
41,"1,5-diamino-3-azapentane",Formaldehyde,=,12.5,mM
42,"N-bis-(2-amino-ethyl)-ethane-1,2-diamine",(E)-2-Octenal,=,0.196,mM
42,"2,2-bis(2-aminoethoxy)propane",(E)-2-Octenal,=,0.098,mM
42,"1,7-Diaminoheptane",(E)-2-Octenal,=,0.049,mM
42,"2,2'-diaminodiethyl ether",(E)-2-Octenal,=,0.098,mM
42,"1,5-diaminopentane",(E)-2-Octenal,=,0.098,mM
42,"1,4-diaminobutane",(E)-2-Octenal,=,0.098,mM
42,"1,8-diaminooctan",(E)-2-Octenal,=,0.098,mM
42,p-Phenylenediamine,(E)-2-Octenal,>,12.5,mM
42,Polyethylenimine linear,(E)-2-Octenal,=,0.38,mM
42,"3,7-diazanonane-1,9-diamine",(E)-2-Octenal,=,0.196,mM
42,"(3-aminopropyl)-1,2-ethylenediamine",(E)-2-Octenal,=,0.39,mM
42,"1,6-Hexanediamine",(E)-2-Octenal,=,0.098,mM
42,"1,3-bis(aminomethyl)cyclohexane",(E)-2-Octenal,=,0.39,mM
42,1.9-diaminononane,(E)-2-Octenal,=,0.098,mM
42,"2,2',2''-triaminotriethylamine",(E)-2-Octenal,=,0.098,mM
42,"N'-(2-aminoethyl)-N'-methylethane-1,2-diamine",(E)-2-Octenal,=,0.049,mM
42,"1,5-diamino-3-azapentane",(E)-2-Octenal,=,0.38,mM
42,Bis(3-aminopropyl)amine,(E)-2-Octenal,=,0.75,mM
42,"3,3'-Diamino-N-methyldipropylamine",(E)-2-Octenal,=,0.098,mM
42,Spermine,(E)-2-Octenal,=,0.75,mM
42,"1,11-diamino-3,6,9-trioxaundecane",1H-Imidazole-2-carboxaldehyde,=,0.39,mM
42,"1,6-Hexanediamine",1H-Imidazole-2-carboxaldehyde,=,3.12,mM
42,"1,5-diamino-3-azapentane",1H-Imidazole-2-carboxaldehyde,=,0.78,mM
42,"1,11-diamino-3,6,9-trioxaundecane",4-Ethynylbenzaldehyde,=,3.12,mM
42,"1,5-diamino-3-azapentane",4-Ethynylbenzaldehyde,>,12.5,mM
42,"1,11-diamino-3,6,9-trioxaundecane","3,4-Dihydroxybenzaldehyde",=,6.25,mM
42,"1,11-diamino-3,6,9-trioxaundecane",(E)-Dec-2-enal,=,0.024,mM
42,"1,6-Hexanediamine",(E)-Dec-2-enal,=,0.098,mM
42,"1,5-diamino-3-azapentane",(E)-Dec-2-enal,=,1.5,mM
42,"N-bis-(2-amino-ethyl)-ethane-1,2-diamine","2,6-Dimethyl-5-heptenal",=,3.12,mM
42,"2,2-bis(2-aminoethoxy)propane","2,6-Dimethyl-5-heptenal",>,12.5,mM
42,cystamine dihydrochloride,"2,6-Dimethyl-5-heptenal",=,6.25,mM
42,"2,2'-diaminodiethyl ether","2,6-Dimethyl-5-heptenal",>,12.5,mM
42,"1,11-diamino-3,6,9-trioxaundecane","2,6-Dimethyl-5-heptenal",=,12.5,mM
42,"1,5-diaminopentane","2,6-Dimethyl-5-heptenal",=,6.25,mM
42,"1,4-diaminobutane","2,6-Dimethyl-5-heptenal",=,3.12,mM
42,"2,5-Bis(aminomethyl)furan","2,6-Dimethyl-5-heptenal",=,6.25,mM
42,"1,8-diaminooctan","2,6-Dimethyl-5-heptenal",=,1.56,mM
42,p-Phenylenediamine,"2,6-Dimethyl-5-heptenal",=,1.56,mM
42,"3,7-diazanonane-1,9-diamine","2,6-Dimethyl-5-heptenal",=,6.25,mM
42,"(3-aminopropyl)-1,2-ethylenediamine","2,6-Dimethyl-5-heptenal",=,12.5,mM
42,"1,6-Hexanediamine","2,6-Dimethyl-5-heptenal",=,6.25,mM
42,"1,3-bis(aminomethyl)cyclohexane","2,6-Dimethyl-5-heptenal",=,12.5,mM
42,1.9-diaminononane,"2,6-Dimethyl-5-heptenal",=,1.56,mM
42,"2,2'-(ethylenedioxy)bis(ethylamine)","2,6-Dimethyl-5-heptenal",=,3.12,mM
42,"2,2',2''-triaminotriethylamine","2,6-Dimethyl-5-heptenal",=,3.12,mM
42,"N'-(2-aminoethyl)-N'-methylethane-1,2-diamine","2,6-Dimethyl-5-heptenal",>,12.5,mM
42,Spermidine,"2,6-Dimethyl-5-heptenal",=,6.25,mM
42,"3,3'-Diamino-N-methyldipropylamine","2,6-Dimethyl-5-heptenal",=,12.5,mM
42,"1,11-diamino-3,6,9-trioxaundecane",4-Nitrobenzaldehyde,=,1.56,mM
42,"1,6-Hexanediamine",4-Nitrobenzaldehyde,=,3.12,mM
42,"1,11-diamino-3,6,9-trioxaundecane",Hexanal,=,0.39,mM
42,"1,5-diamino-3-azapentane",Hexanal,=,0.78,mM
42,"1,11-diamino-3,6,9-trioxaundecane",Vanillin,=,12.5,mM
42,"1,5-diamino-3-azapentane",Vanillin,=,1.5,mM
42,"1,11-diamino-3,6,9-trioxaundecane",Octyl aldehyde,=,0.024,mM
42,"1,6-Hexanediamine",Octyl aldehyde,=,0.098,mM
42,"1,5-diamino-3-azapentane",Octyl aldehyde,=,0.39,mM
42,"1,6-Hexanediamine",Nonyl aldehyde,=,0.19,mM
42,"1,5-diamino-3-azapentane",Nonyl aldehyde,=,0.098,mM
42,"2,2-bis(2-aminoethoxy)propane",Trans-2-pentenal,=,1.56,mM
42,(Z)-[bis(2-aminoethyl)amino]-hydroxyimino-oxidoazanium,Trans-2-pentenal,=,0.39,mM
42,"1,7-Diaminoheptane",Trans-2-pentenal,=,0.39,mM
42,"2,2'-diaminodiethyl ether",Trans-2-pentenal,=,3.12,mM
42,"1,5-diaminopentane",Trans-2-pentenal,=,1.56,mM
42,"1,8-diaminooctan",Trans-2-pentenal,=,0.39,mM
42,p-Phenylenediamine,Trans-2-pentenal,>,12.5,mM
42,"3,7-diazanonane-1,9-diamine",Trans-2-pentenal,=,6.25,mM
42,"1,3-bis(aminomethyl)cyclohexane",Trans-2-pentenal,=,1.56,mM
42,1.9-diaminononane,Trans-2-pentenal,=,0.098,mM
42,"2,2'-(ethylenedioxy)bis(ethylamine)",Trans-2-pentenal,=,3.12,mM
42,"N'-(2-aminoethyl)-N'-methylethane-1,2-diamine",Trans-2-pentenal,=,0.78,mM
42,"3,3'-Diamino-N-methyldipropylamine",Trans-2-pentenal,=,3.12,mM
42,"1,11-diamino-3,6,9-trioxaundecane",citronellal,=,0.0061,mM
42,"1,6-Hexanediamine",citronellal,=,0.048,mM
42,"1,11-diamino-3,6,9-trioxaundecane",2-Pyridinecarboxaldehyde,=,3.12,mM
42,"1,6-Hexanediamine",2-Pyridinecarboxaldehyde,=,3.12,mM
42,"1,5-diamino-3-azapentane",2-Pyridinecarboxaldehyde,=,12.5,mM
42,"1,11-diamino-3,6,9-trioxaundecane",(E)-hept-2-enal,=,0.049,mM
42,"1,6-Hexanediamine",(E)-hept-2-enal,=,0.048,mM
42,"1,5-diamino-3-azapentane",(E)-hept-2-enal,=,1.5,mM
42,"1,11-diamino-3,6,9-trioxaundecane","(2E,4E)-deca-2,4-dienal",=,0.049,mM
42,"1,11-diamino-3,6,9-trioxaundecane",Cinnamaldehyde,=,0.19,mM
42,"1,6-Hexanediamine",Cinnamaldehyde,=,0.39,mM
42,"1,5-diamino-3-azapentane",Cinnamaldehyde,=,3,mM
42,"1,11-diamino-3,6,9-trioxaundecane",p-Bromo benzaldehyde,=,6.25,mM
42,"1,5-diamino-3-azapentane",p-Bromo benzaldehyde,=,3.12,mM
42,"1,11-diamino-3,6,9-trioxaundecane",(E)-non-2-enal,=,0.048,mM
42,"1,6-Hexanediamine",(E)-non-2-enal,=,0.098,mM
42,"1,5-diamino-3-azapentane",(E)-non-2-enal,=,0.38,mM
42,"1,11-diamino-3,6,9-trioxaundecane","(2E)-nona-2,6-dienal",=,0.098,mM
42,"1,6-Hexanediamine","(2E)-nona-2,6-dienal",=,0.19,mM
42,"1,5-diamino-3-azapentane","(2E)-nona-2,6-dienal",=,0.19,mM
42,"1,11-diamino-3,6,9-trioxaundecane",Citral,=,0.098,mM
42,"1,6-Hexanediamine",Citral,=,0.19,mM
42,"1,5-diamino-3-azapentane",Citral,=,0.19,mM
42,"1,11-diamino-3,6,9-trioxaundecane",(E)-hex-2-enal,=,0.19,mM
42,"1,6-Hexanediamine",(E)-hex-2-enal,=,0.39,mM
42,"1,11-diamino-3,6,9-trioxaundecane",Formaldehyde,=,3.12,mM
42,"1,5-diamino-3-azapentane",Formaldehyde,=,12.5,mM
43,"N-bis-(2-amino-ethyl)-ethane-1,2-diamine",(E)-2-Octenal,=,0.196,mM
43,"2,2-bis(2-aminoethoxy)propane",(E)-2-Octenal,=,0.098,mM
43,(Z)-[bis(2-aminoethyl)amino]-hydroxyimino-oxidoazanium,(E)-2-Octenal,=,0.098,mM
43,"1,7-Diaminoheptane",(E)-2-Octenal,=,0.049,mM
43,"2,2'-diaminodiethyl ether",(E)-2-Octenal,=,0.098,mM
43,"1,5-diaminopentane",(E)-2-Octenal,=,0.098,mM
43,"1,4-diaminobutane",(E)-2-Octenal,=,0.098,mM
43,"1,8-diaminooctan",(E)-2-Octenal,=,0.098,mM
43,p-Phenylenediamine,(E)-2-Octenal,>,12.5,mM
43,Polyethylenimine linear,(E)-2-Octenal,=,0.38,mM
43,"3,7-diazanonane-1,9-diamine",(E)-2-Octenal,=,0.196,mM
43,"(3-aminopropyl)-1,2-ethylenediamine",(E)-2-Octenal,=,0.39,mM
43,"1,6-Hexanediamine",(E)-2-Octenal,=,0.098,mM
43,1.9-diaminononane,(E)-2-Octenal,=,0.098,mM
43,"2,2'-(ethylenedioxy)bis(ethylamine)",(E)-2-Octenal,=,0.049,mM
43,"2,2',2''-triaminotriethylamine",(E)-2-Octenal,=,0.098,mM
43,"N'-(2-aminoethyl)-N'-methylethane-1,2-diamine",(E)-2-Octenal,=,0.049,mM
43,"1,5-diamino-3-azapentane",(E)-2-Octenal,=,0.38,mM
43,Bis(3-aminopropyl)amine,(E)-2-Octenal,=,0.75,mM
43,"3,3'-Diamino-N-methyldipropylamine",(E)-2-Octenal,=,0.098,mM
43,Spermine,(E)-2-Octenal,=,0.75,mM
43,"1,5-diamino-3-azapentane",1H-Imidazole-2-carboxaldehyde,=,0.78,mM
43,"1,11-diamino-3,6,9-trioxaundecane",4-Ethynylbenzaldehyde,=,3.12,mM
43,"1,5-diamino-3-azapentane",4-Ethynylbenzaldehyde,>,12.5,mM
43,"1,11-diamino-3,6,9-trioxaundecane","3,4-Dihydroxybenzaldehyde",=,6.25,mM
43,"1,6-Hexanediamine","3,4-Dihydroxybenzaldehyde",=,6.25,mM
43,"1,11-diamino-3,6,9-trioxaundecane",(E)-Dec-2-enal,=,0.024,mM
43,"1,5-diamino-3-azapentane",(E)-Dec-2-enal,=,1.5,mM
43,cystamine dihydrochloride,"2,6-Dimethyl-5-heptenal",=,6.25,mM
43,"1,7-Diaminoheptane","2,6-Dimethyl-5-heptenal",=,3.12,mM
43,"2,2'-diaminodiethyl ether","2,6-Dimethyl-5-heptenal",>,12.5,mM
43,"1,11-diamino-3,6,9-trioxaundecane","2,6-Dimethyl-5-heptenal",=,12.5,mM
43,"1,5-diaminopentane","2,6-Dimethyl-5-heptenal",=,6.25,mM
43,"1,4-diaminobutane","2,6-Dimethyl-5-heptenal",=,3.12,mM
43,"2,5-Bis(aminomethyl)furan","2,6-Dimethyl-5-heptenal",=,6.25,mM
43,"1,8-diaminooctan","2,6-Dimethyl-5-heptenal",=,1.56,mM
43,p-Phenylenediamine,"2,6-Dimethyl-5-heptenal",=,1.56,mM
43,"3,7-diazanonane-1,9-diamine","2,6-Dimethyl-5-heptenal",=,6.25,mM
43,"(3-aminopropyl)-1,2-ethylenediamine","2,6-Dimethyl-5-heptenal",=,12.5,mM
43,"1,3-di(aminomethyl)benzene","2,6-Dimethyl-5-heptenal",=,12.5,mM
43,"1,3-bis(aminomethyl)cyclohexane","2,6-Dimethyl-5-heptenal",=,12.5,mM
43,1.9-diaminononane,"2,6-Dimethyl-5-heptenal",=,1.56,mM
43,Spermidine,"2,6-Dimethyl-5-heptenal",=,6.25,mM
43,Bis(3-aminopropyl)amine,"2,6-Dimethyl-5-heptenal",=,3.12,mM
43,"3,3'-Diamino-N-methyldipropylamine","2,6-Dimethyl-5-heptenal",=,12.5,mM
43,"1,11-diamino-3,6,9-trioxaundecane",4-Nitrobenzaldehyde,=,1.56,mM
43,"1,5-diamino-3-azapentane",4-Nitrobenzaldehyde,=,3.12,mM
43,"1,11-diamino-3,6,9-trioxaundecane",Hexanal,=,0.39,mM
43,"1,6-Hexanediamine",Hexanal,=,0.048,mM
43,"1,11-diamino-3,6,9-trioxaundecane",Vanillin,=,12.5,mM
43,"1,6-Hexanediamine",Vanillin,=,6.25,mM
43,"1,5-diamino-3-azapentane",Vanillin,=,1.5,mM
43,"1,11-diamino-3,6,9-trioxaundecane",Octyl aldehyde,=,0.024,mM
43,"1,6-Hexanediamine",Octyl aldehyde,=,0.098,mM
43,"1,5-diamino-3-azapentane",Octyl aldehyde,=,0.39,mM
43,"1,6-Hexanediamine",Nonyl aldehyde,=,0.19,mM
43,"1,5-diamino-3-azapentane",Nonyl aldehyde,=,0.098,mM
43,"N-bis-(2-amino-ethyl)-ethane-1,2-diamine",Trans-2-pentenal,=,6.25,mM
43,"2,2-bis(2-aminoethoxy)propane",Trans-2-pentenal,=,1.56,mM
43,"1,7-Diaminoheptane",Trans-2-pentenal,=,0.39,mM
43,"2,2'-diaminodiethyl ether",Trans-2-pentenal,=,3.12,mM
43,"1,11-diamino-3,6,9-trioxaundecane",Trans-2-pentenal,=,3.12,mM
43,"1,5-diaminopentane",Trans-2-pentenal,=,1.56,mM
43,"1,4-diaminobutane",Trans-2-pentenal,=,0.19,mM
43,"1,8-diaminooctan",Trans-2-pentenal,=,0.39,mM
43,p-Phenylenediamine,Trans-2-pentenal,>,12.5,mM
43,"3,7-diazanonane-1,9-diamine",Trans-2-pentenal,=,6.25,mM
43,"(3-aminopropyl)-1,2-ethylenediamine",Trans-2-pentenal,=,6.25,mM
43,"1,6-Hexanediamine",Trans-2-pentenal,=,0.19,mM
43,"1,3-bis(aminomethyl)cyclohexane",Trans-2-pentenal,=,1.56,mM
43,"2,2'-(ethylenedioxy)bis(ethylamine)",Trans-2-pentenal,=,3.12,mM
43,"N'-(2-aminoethyl)-N'-methylethane-1,2-diamine",Trans-2-pentenal,=,0.78,mM
43,"1,5-diamino-3-azapentane",Trans-2-pentenal,=,6.25,mM
43,Bis(3-aminopropyl)amine,Trans-2-pentenal,=,0.39,mM
43,"3,3'-Diamino-N-methyldipropylamine",Trans-2-pentenal,=,3.12,mM
43,"1,11-diamino-3,6,9-trioxaundecane",citronellal,=,0.0061,mM
43,"1,6-Hexanediamine",citronellal,=,0.048,mM
43,"1,5-diamino-3-azapentane",citronellal,=,1.56,mM
43,"1,11-diamino-3,6,9-trioxaundecane",2-Pyridinecarboxaldehyde,=,3.12,mM
43,"1,5-diamino-3-azapentane",2-Pyridinecarboxaldehyde,=,12.5,mM
43,"1,11-diamino-3,6,9-trioxaundecane",(E)-hept-2-enal,=,0.049,mM
43,"1,6-Hexanediamine",(E)-hept-2-enal,=,0.048,mM
43,"1,5-diamino-3-azapentane","(2E,4E)-deca-2,4-dienal",=,0.75,mM
43,"1,11-diamino-3,6,9-trioxaundecane",Cinnamaldehyde,=,0.19,mM
43,"1,6-Hexanediamine",Cinnamaldehyde,=,0.39,mM
43,"1,5-diamino-3-azapentane",Cinnamaldehyde,=,3,mM
43,"1,11-diamino-3,6,9-trioxaundecane",p-Bromo benzaldehyde,=,6.25,mM
43,"1,6-Hexanediamine",p-Bromo benzaldehyde,=,6.25,mM
43,"1,5-diamino-3-azapentane",p-Bromo benzaldehyde,=,3.12,mM
43,"1,11-diamino-3,6,9-trioxaundecane",(E)-non-2-enal,=,0.048,mM
43,"1,6-Hexanediamine",(E)-non-2-enal,=,0.098,mM
43,"1,5-diamino-3-azapentane",(E)-non-2-enal,=,0.38,mM
43,"1,11-diamino-3,6,9-trioxaundecane","(2E)-nona-2,6-dienal",=,0.098,mM
43,"1,6-Hexanediamine","(2E)-nona-2,6-dienal",=,0.19,mM
43,"1,5-diamino-3-azapentane","(2E)-nona-2,6-dienal",=,0.19,mM
43,"1,6-Hexanediamine",Citral,=,0.19,mM
43,"1,11-diamino-3,6,9-trioxaundecane",(E)-hex-2-enal,=,0.19,mM
43,"1,6-Hexanediamine",(E)-hex-2-enal,=,0.39,mM
43,"1,5-diamino-3-azapentane",(E)-hex-2-enal,=,3,mM
43,"1,11-diamino-3,6,9-trioxaundecane",Formaldehyde,=,3.12,mM
44,"N-bis-(2-amino-ethyl)-ethane-1,2-diamine",(E)-2-Octenal,=,0.196,mM
44,"2,2-bis(2-aminoethoxy)propane",(E)-2-Octenal,=,0.098,mM
44,(Z)-[bis(2-aminoethyl)amino]-hydroxyimino-oxidoazanium,(E)-2-Octenal,=,0.098,mM
44,"1,7-Diaminoheptane",(E)-2-Octenal,=,0.049,mM
44,"2,2'-diaminodiethyl ether",(E)-2-Octenal,=,0.098,mM
44,"1,11-diamino-3,6,9-trioxaundecane",(E)-2-Octenal,=,0.098,mM
44,"1,4-diaminobutane",(E)-2-Octenal,=,0.098,mM
44,"1,8-diaminooctan",(E)-2-Octenal,=,0.098,mM
44,p-Phenylenediamine,(E)-2-Octenal,>,12.5,mM
44,Polyethylenimine linear,(E)-2-Octenal,=,0.38,mM
44,"(3-aminopropyl)-1,2-ethylenediamine",(E)-2-Octenal,=,0.39,mM
44,"1,3-bis(aminomethyl)cyclohexane",(E)-2-Octenal,=,0.39,mM
44,1.9-diaminononane,(E)-2-Octenal,=,0.098,mM
44,"2,2'-(ethylenedioxy)bis(ethylamine)",(E)-2-Octenal,=,0.049,mM
44,"2,2',2''-triaminotriethylamine",(E)-2-Octenal,=,0.098,mM
44,"N'-(2-aminoethyl)-N'-methylethane-1,2-diamine",(E)-2-Octenal,=,0.049,mM
44,"1,5-diamino-3-azapentane",(E)-2-Octenal,=,0.38,mM
44,"3,3'-Diamino-N-methyldipropylamine",(E)-2-Octenal,=,0.098,mM
44,Spermine,(E)-2-Octenal,=,0.75,mM
44,"1,11-diamino-3,6,9-trioxaundecane",1H-Imidazole-2-carboxaldehyde,=,0.39,mM
44,"1,5-diamino-3-azapentane",1H-Imidazole-2-carboxaldehyde,=,0.78,mM
44,"1,5-diamino-3-azapentane",4-Ethynylbenzaldehyde,>,12.5,mM
44,"1,11-diamino-3,6,9-trioxaundecane","3,4-Dihydroxybenzaldehyde",=,6.25,mM
44,"1,11-diamino-3,6,9-trioxaundecane",(E)-Dec-2-enal,=,0.024,mM
44,"1,6-Hexanediamine",(E)-Dec-2-enal,=,0.098,mM
44,"1,5-diamino-3-azapentane",(E)-Dec-2-enal,=,1.5,mM
44,"N-bis-(2-amino-ethyl)-ethane-1,2-diamine","2,6-Dimethyl-5-heptenal",=,3.12,mM
44,(Z)-[bis(2-aminoethyl)amino]-hydroxyimino-oxidoazanium,"2,6-Dimethyl-5-heptenal",=,6.25,mM
44,cystamine dihydrochloride,"2,6-Dimethyl-5-heptenal",=,6.25,mM
44,"1,7-Diaminoheptane","2,6-Dimethyl-5-heptenal",=,3.12,mM
44,"2,2'-diaminodiethyl ether","2,6-Dimethyl-5-heptenal",>,12.5,mM
44,"1,11-diamino-3,6,9-trioxaundecane","2,6-Dimethyl-5-heptenal",=,12.5,mM
44,"1,5-diaminopentane","2,6-Dimethyl-5-heptenal",=,6.25,mM
44,"2,5-Bis(aminomethyl)furan","2,6-Dimethyl-5-heptenal",=,6.25,mM
44,"1,8-diaminooctan","2,6-Dimethyl-5-heptenal",=,1.56,mM
44,"3,7-diazanonane-1,9-diamine","2,6-Dimethyl-5-heptenal",=,6.25,mM
44,"(3-aminopropyl)-1,2-ethylenediamine","2,6-Dimethyl-5-heptenal",=,12.5,mM
44,"1,6-Hexanediamine","2,6-Dimethyl-5-heptenal",=,6.25,mM
44,"1,3-di(aminomethyl)benzene","2,6-Dimethyl-5-heptenal",=,12.5,mM
44,"1,3-bis(aminomethyl)cyclohexane","2,6-Dimethyl-5-heptenal",=,12.5,mM
44,"2,2'-(ethylenedioxy)bis(ethylamine)","2,6-Dimethyl-5-heptenal",=,3.12,mM
44,"2,2',2''-triaminotriethylamine","2,6-Dimethyl-5-heptenal",=,3.12,mM
44,"N'-(2-aminoethyl)-N'-methylethane-1,2-diamine","2,6-Dimethyl-5-heptenal",>,12.5,mM
44,Spermidine,"2,6-Dimethyl-5-heptenal",=,6.25,mM
44,"1,5-diamino-3-azapentane","2,6-Dimethyl-5-heptenal",=,6.25,mM
44,Bis(3-aminopropyl)amine,"2,6-Dimethyl-5-heptenal",=,3.12,mM
44,"3,3'-Diamino-N-methyldipropylamine","2,6-Dimethyl-5-heptenal",=,12.5,mM
44,Spermine,"2,6-Dimethyl-5-heptenal",=,6.25,mM
44,"1,11-diamino-3,6,9-trioxaundecane",4-Nitrobenzaldehyde,=,1.56,mM
44,"1,6-Hexanediamine",4-Nitrobenzaldehyde,=,3.12,mM
44,"1,5-diamino-3-azapentane",4-Nitrobenzaldehyde,=,3.12,mM
44,"1,6-Hexanediamine",Hexanal,=,0.048,mM
44,"1,5-diamino-3-azapentane",Hexanal,=,0.78,mM
44,"1,11-diamino-3,6,9-trioxaundecane",Vanillin,=,12.5,mM
44,"1,6-Hexanediamine",Vanillin,=,6.25,mM
44,"1,5-diamino-3-azapentane",Vanillin,=,1.5,mM
44,"1,6-Hexanediamine",Octyl aldehyde,=,0.098,mM
44,"1,5-diamino-3-azapentane",Octyl aldehyde,=,0.39,mM
44,"1,6-Hexanediamine",Nonyl aldehyde,=,0.19,mM
44,"1,5-diamino-3-azapentane",Nonyl aldehyde,=,0.098,mM
44,"N-bis-(2-amino-ethyl)-ethane-1,2-diamine",Trans-2-pentenal,=,6.25,mM
44,"2,2-bis(2-aminoethoxy)propane",Trans-2-pentenal,=,1.56,mM
44,(Z)-[bis(2-aminoethyl)amino]-hydroxyimino-oxidoazanium,Trans-2-pentenal,=,0.39,mM
44,"1,7-Diaminoheptane",Trans-2-pentenal,=,0.39,mM
44,"1,11-diamino-3,6,9-trioxaundecane",Trans-2-pentenal,=,3.12,mM
44,"1,4-diaminobutane",Trans-2-pentenal,=,0.19,mM
44,"1,8-diaminooctan",Trans-2-pentenal,=,0.39,mM
44,p-Phenylenediamine,Trans-2-pentenal,>,12.5,mM
44,"3,7-diazanonane-1,9-diamine",Trans-2-pentenal,=,6.25,mM
44,"(3-aminopropyl)-1,2-ethylenediamine",Trans-2-pentenal,=,6.25,mM
44,"1,3-bis(aminomethyl)cyclohexane",Trans-2-pentenal,=,1.56,mM
44,1.9-diaminononane,Trans-2-pentenal,=,0.098,mM
44,"2,2'-(ethylenedioxy)bis(ethylamine)",Trans-2-pentenal,=,3.12,mM
44,"N'-(2-aminoethyl)-N'-methylethane-1,2-diamine",Trans-2-pentenal,=,0.78,mM
44,"1,5-diamino-3-azapentane",Trans-2-pentenal,=,6.25,mM
44,Bis(3-aminopropyl)amine,Trans-2-pentenal,=,0.39,mM
44,"3,3'-Diamino-N-methyldipropylamine",Trans-2-pentenal,=,3.12,mM
44,"1,11-diamino-3,6,9-trioxaundecane",citronellal,=,0.0061,mM
44,"1,6-Hexanediamine",citronellal,=,0.048,mM
44,"1,5-diamino-3-azapentane",citronellal,=,1.56,mM
44,"1,11-diamino-3,6,9-trioxaundecane",2-Pyridinecarboxaldehyde,=,3.12,mM
44,"1,6-Hexanediamine",2-Pyridinecarboxaldehyde,=,3.12,mM
44,"1,11-diamino-3,6,9-trioxaundecane",(E)-hept-2-enal,=,0.049,mM
44,"1,11-diamino-3,6,9-trioxaundecane","(2E,4E)-deca-2,4-dienal",=,0.049,mM
44,"1,6-Hexanediamine","(2E,4E)-deca-2,4-dienal",=,0.19,mM
44,"1,11-diamino-3,6,9-trioxaundecane",Cinnamaldehyde,=,0.19,mM
44,"1,6-Hexanediamine",Cinnamaldehyde,=,0.39,mM
44,"1,5-diamino-3-azapentane",Cinnamaldehyde,=,3,mM
44,"1,11-diamino-3,6,9-trioxaundecane",p-Bromo benzaldehyde,=,6.25,mM
44,"1,6-Hexanediamine",p-Bromo benzaldehyde,=,6.25,mM
44,"1,5-diamino-3-azapentane",p-Bromo benzaldehyde,=,3.12,mM
44,"1,5-diamino-3-azapentane",(E)-non-2-enal,=,0.38,mM
44,"1,11-diamino-3,6,9-trioxaundecane","(2E)-nona-2,6-dienal",=,0.098,mM
44,"1,6-Hexanediamine","(2E)-nona-2,6-dienal",=,0.19,mM
44,"1,5-diamino-3-azapentane","(2E)-nona-2,6-dienal",=,0.19,mM
44,"1,11-diamino-3,6,9-trioxaundecane",Citral,=,0.098,mM
44,"1,6-Hexanediamine",Citral,=,0.19,mM
44,"1,5-diamino-3-azapentane",Citral,=,0.19,mM
44,"1,11-diamino-3,6,9-trioxaundecane",(E)-hex-2-enal,=,0.19,mM
44,"1,5-diamino-3-azapentane",Formaldehyde,=,12.5,mM
45,"N-bis-(2-amino-ethyl)-ethane-1,2-diamine",(E)-2-Octenal,=,0.196,mM
45,"2,2-bis(2-aminoethoxy)propane",(E)-2-Octenal,=,0.098,mM
45,(Z)-[bis(2-aminoethyl)amino]-hydroxyimino-oxidoazanium,(E)-2-Octenal,=,0.098,mM
45,"1,7-Diaminoheptane",(E)-2-Octenal,=,0.049,mM
45,"1,11-diamino-3,6,9-trioxaundecane",(E)-2-Octenal,=,0.098,mM
45,"1,5-diaminopentane",(E)-2-Octenal,=,0.098,mM
45,"1,4-diaminobutane",(E)-2-Octenal,=,0.098,mM
45,"1,8-diaminooctan",(E)-2-Octenal,=,0.098,mM
45,p-Phenylenediamine,(E)-2-Octenal,>,12.5,mM
45,Polyethylenimine linear,(E)-2-Octenal,=,0.38,mM
45,"1,6-Hexanediamine",(E)-2-Octenal,=,0.098,mM
45,"1,3-bis(aminomethyl)cyclohexane",(E)-2-Octenal,=,0.39,mM
45,1.9-diaminononane,(E)-2-Octenal,=,0.098,mM
45,"2,2',2''-triaminotriethylamine",(E)-2-Octenal,=,0.098,mM
45,"1,5-diamino-3-azapentane",(E)-2-Octenal,=,0.38,mM
45,Bis(3-aminopropyl)amine,(E)-2-Octenal,=,0.75,mM
45,Spermine,(E)-2-Octenal,=,0.75,mM
45,"1,11-diamino-3,6,9-trioxaundecane",1H-Imidazole-2-carboxaldehyde,=,0.39,mM
45,"1,6-Hexanediamine",1H-Imidazole-2-carboxaldehyde,=,3.12,mM
45,"1,5-diamino-3-azapentane",1H-Imidazole-2-carboxaldehyde,=,0.78,mM
45,"1,11-diamino-3,6,9-trioxaundecane",4-Ethynylbenzaldehyde,=,3.12,mM
45,"1,5-diamino-3-azapentane",4-Ethynylbenzaldehyde,>,12.5,mM
45,"1,11-diamino-3,6,9-trioxaundecane","3,4-Dihydroxybenzaldehyde",=,6.25,mM
45,"1,11-diamino-3,6,9-trioxaundecane",(E)-Dec-2-enal,=,0.024,mM
45,"1,6-Hexanediamine",(E)-Dec-2-enal,=,0.098,mM
45,"2,2-bis(2-aminoethoxy)propane","2,6-Dimethyl-5-heptenal",>,12.5,mM
45,(Z)-[bis(2-aminoethyl)amino]-hydroxyimino-oxidoazanium,"2,6-Dimethyl-5-heptenal",=,6.25,mM
45,cystamine dihydrochloride,"2,6-Dimethyl-5-heptenal",=,6.25,mM
45,"1,7-Diaminoheptane","2,6-Dimethyl-5-heptenal",=,3.12,mM
45,"2,2'-diaminodiethyl ether","2,6-Dimethyl-5-heptenal",>,12.5,mM
45,"1,11-diamino-3,6,9-trioxaundecane","2,6-Dimethyl-5-heptenal",=,12.5,mM
45,"1,5-diaminopentane","2,6-Dimethyl-5-heptenal",=,6.25,mM
45,"1,4-diaminobutane","2,6-Dimethyl-5-heptenal",=,3.12,mM
45,"1,8-diaminooctan","2,6-Dimethyl-5-heptenal",=,1.56,mM
45,"3,7-diazanonane-1,9-diamine","2,6-Dimethyl-5-heptenal",=,6.25,mM
45,"(3-aminopropyl)-1,2-ethylenediamine","2,6-Dimethyl-5-heptenal",=,12.5,mM
45,"1,6-Hexanediamine","2,6-Dimethyl-5-heptenal",=,6.25,mM
45,"1,3-di(aminomethyl)benzene","2,6-Dimethyl-5-heptenal",=,12.5,mM
45,"1,3-bis(aminomethyl)cyclohexane","2,6-Dimethyl-5-heptenal",=,12.5,mM
45,1.9-diaminononane,"2,6-Dimethyl-5-heptenal",=,1.56,mM
45,"2,2'-(ethylenedioxy)bis(ethylamine)","2,6-Dimethyl-5-heptenal",=,3.12,mM
45,"2,2',2''-triaminotriethylamine","2,6-Dimethyl-5-heptenal",=,3.12,mM
45,"N'-(2-aminoethyl)-N'-methylethane-1,2-diamine","2,6-Dimethyl-5-heptenal",>,12.5,mM
45,Spermidine,"2,6-Dimethyl-5-heptenal",=,6.25,mM
45,Bis(3-aminopropyl)amine,"2,6-Dimethyl-5-heptenal",=,3.12,mM
45,Spermine,"2,6-Dimethyl-5-heptenal",=,6.25,mM
45,"1,11-diamino-3,6,9-trioxaundecane",4-Nitrobenzaldehyde,=,1.56,mM
45,"1,6-Hexanediamine",4-Nitrobenzaldehyde,=,3.12,mM
45,"1,5-diamino-3-azapentane",4-Nitrobenzaldehyde,=,3.12,mM
45,"1,11-diamino-3,6,9-trioxaundecane",Hexanal,=,0.39,mM
45,"1,6-Hexanediamine",Hexanal,=,0.048,mM
45,"1,5-diamino-3-azapentane",Hexanal,=,0.78,mM
45,"1,11-diamino-3,6,9-trioxaundecane",Vanillin,=,12.5,mM
45,"1,6-Hexanediamine",Vanillin,=,6.25,mM
45,"1,11-diamino-3,6,9-trioxaundecane",Octyl aldehyde,=,0.024,mM
45,"1,6-Hexanediamine",Octyl aldehyde,=,0.098,mM
45,"1,6-Hexanediamine",Nonyl aldehyde,=,0.19,mM
45,"1,5-diamino-3-azapentane",Nonyl aldehyde,=,0.098,mM
45,"N-bis-(2-amino-ethyl)-ethane-1,2-diamine",Trans-2-pentenal,=,6.25,mM
45,(Z)-[bis(2-aminoethyl)amino]-hydroxyimino-oxidoazanium,Trans-2-pentenal,=,0.39,mM
45,"1,7-Diaminoheptane",Trans-2-pentenal,=,0.39,mM
45,"2,2'-diaminodiethyl ether",Trans-2-pentenal,=,3.12,mM
45,"1,4-diaminobutane",Trans-2-pentenal,=,0.19,mM
45,"1,8-diaminooctan",Trans-2-pentenal,=,0.39,mM
45,p-Phenylenediamine,Trans-2-pentenal,>,12.5,mM
45,"3,7-diazanonane-1,9-diamine",Trans-2-pentenal,=,6.25,mM
45,"(3-aminopropyl)-1,2-ethylenediamine",Trans-2-pentenal,=,6.25,mM
45,"1,3-bis(aminomethyl)cyclohexane",Trans-2-pentenal,=,1.56,mM
45,1.9-diaminononane,Trans-2-pentenal,=,0.098,mM
45,"2,2'-(ethylenedioxy)bis(ethylamine)",Trans-2-pentenal,=,3.12,mM
45,"N'-(2-aminoethyl)-N'-methylethane-1,2-diamine",Trans-2-pentenal,=,0.78,mM
45,"1,5-diamino-3-azapentane",Trans-2-pentenal,=,6.25,mM
45,Bis(3-aminopropyl)amine,Trans-2-pentenal,=,0.39,mM
45,"1,11-diamino-3,6,9-trioxaundecane",citronellal,=,0.0061,mM
45,"1,6-Hexanediamine",citronellal,=,0.048,mM
45,"1,5-diamino-3-azapentane",citronellal,=,1.56,mM
45,"1,11-diamino-3,6,9-trioxaundecane",2-Pyridinecarboxaldehyde,=,3.12,mM
45,"1,6-Hexanediamine",2-Pyridinecarboxaldehyde,=,3.12,mM
45,"1,5-diamino-3-azapentane",2-Pyridinecarboxaldehyde,=,12.5,mM
45,"1,6-Hexanediamine",(E)-hept-2-enal,=,0.048,mM
45,"1,5-diamino-3-azapentane",(E)-hept-2-enal,=,1.5,mM
45,"1,11-diamino-3,6,9-trioxaundecane","(2E,4E)-deca-2,4-dienal",=,0.049,mM
45,"1,6-Hexanediamine","(2E,4E)-deca-2,4-dienal",=,0.19,mM
45,"1,5-diamino-3-azapentane","(2E,4E)-deca-2,4-dienal",=,0.75,mM
45,"1,11-diamino-3,6,9-trioxaundecane",Cinnamaldehyde,=,0.19,mM
45,"1,6-Hexanediamine",Cinnamaldehyde,=,0.39,mM
45,"1,5-diamino-3-azapentane",Cinnamaldehyde,=,3,mM
45,"1,11-diamino-3,6,9-trioxaundecane",p-Bromo benzaldehyde,=,6.25,mM
45,"1,6-Hexanediamine",p-Bromo benzaldehyde,=,6.25,mM
45,"1,5-diamino-3-azapentane",p-Bromo benzaldehyde,=,3.12,mM
45,"1,11-diamino-3,6,9-trioxaundecane",(E)-non-2-enal,=,0.048,mM
45,"1,5-diamino-3-azapentane",(E)-non-2-enal,=,0.38,mM
45,"1,11-diamino-3,6,9-trioxaundecane","(2E)-nona-2,6-dienal",=,0.098,mM
45,"1,6-Hexanediamine","(2E)-nona-2,6-dienal",=,0.19,mM
45,"1,11-diamino-3,6,9-trioxaundecane",Citral,=,0.098,mM
45,"1,6-Hexanediamine",Citral,=,0.19,mM
45,"1,5-diamino-3-azapentane",Citral,=,0.19,mM
45,"1,11-diamino-3,6,9-trioxaundecane",(E)-hex-2-enal,=,0.19,mM
45,"1,6-Hexanediamine",(E)-hex-2-enal,=,0.39,mM
45,"1,5-diamino-3-azapentane",Formaldehyde,=,12.5,mM
46,"2,2-bis(2-aminoethoxy)propane",(E)-2-Octenal,=,0.098,mM
46,(Z)-[bis(2-aminoethyl)amino]-hydroxyimino-oxidoazanium,(E)-2-Octenal,=,0.098,mM
46,"1,7-Diaminoheptane",(E)-2-Octenal,=,0.049,mM
46,"2,2'-diaminodiethyl ether",(E)-2-Octenal,=,0.098,mM
46,"1,11-diamino-3,6,9-trioxaundecane",(E)-2-Octenal,=,0.098,mM
46,"1,5-diaminopentane",(E)-2-Octenal,=,0.098,mM
46,"1,4-diaminobutane",(E)-2-Octenal,=,0.098,mM
46,"1,8-diaminooctan",(E)-2-Octenal,=,0.098,mM
46,p-Phenylenediamine,(E)-2-Octenal,>,12.5,mM
46,Polyethylenimine linear,(E)-2-Octenal,=,0.38,mM
46,"(3-aminopropyl)-1,2-ethylenediamine",(E)-2-Octenal,=,0.39,mM
46,"1,6-Hexanediamine",(E)-2-Octenal,=,0.098,mM
46,"1,3-bis(aminomethyl)cyclohexane",(E)-2-Octenal,=,0.39,mM
46,1.9-diaminononane,(E)-2-Octenal,=,0.098,mM
46,"2,2'-(ethylenedioxy)bis(ethylamine)",(E)-2-Octenal,=,0.049,mM
46,"2,2',2''-triaminotriethylamine",(E)-2-Octenal,=,0.098,mM
46,"N'-(2-aminoethyl)-N'-methylethane-1,2-diamine",(E)-2-Octenal,=,0.049,mM
46,"1,5-diamino-3-azapentane",(E)-2-Octenal,=,0.38,mM
46,Bis(3-aminopropyl)amine,(E)-2-Octenal,=,0.75,mM
46,"3,3'-Diamino-N-methyldipropylamine",(E)-2-Octenal,=,0.098,mM
46,Spermine,(E)-2-Octenal,=,0.75,mM
46,"1,11-diamino-3,6,9-trioxaundecane",1H-Imidazole-2-carboxaldehyde,=,0.39,mM
46,"1,6-Hexanediamine",1H-Imidazole-2-carboxaldehyde,=,3.12,mM
46,"1,5-diamino-3-azapentane",1H-Imidazole-2-carboxaldehyde,=,0.78,mM
46,"1,11-diamino-3,6,9-trioxaundecane",4-Ethynylbenzaldehyde,=,3.12,mM
46,"1,5-diamino-3-azapentane",4-Ethynylbenzaldehyde,>,12.5,mM
46,"1,11-diamino-3,6,9-trioxaundecane","3,4-Dihydroxybenzaldehyde",=,6.25,mM
46,"1,6-Hexanediamine","3,4-Dihydroxybenzaldehyde",=,6.25,mM
46,"1,11-diamino-3,6,9-trioxaundecane",(E)-Dec-2-enal,=,0.024,mM
46,"1,5-diamino-3-azapentane",(E)-Dec-2-enal,=,1.5,mM
46,"N-bis-(2-amino-ethyl)-ethane-1,2-diamine","2,6-Dimethyl-5-heptenal",=,3.12,mM
46,"2,2-bis(2-aminoethoxy)propane","2,6-Dimethyl-5-heptenal",>,12.5,mM
46,cystamine dihydrochloride,"2,6-Dimethyl-5-heptenal",=,6.25,mM
46,"2,2'-diaminodiethyl ether","2,6-Dimethyl-5-heptenal",>,12.5,mM
46,"1,11-diamino-3,6,9-trioxaundecane","2,6-Dimethyl-5-heptenal",=,12.5,mM
46,"1,5-diaminopentane","2,6-Dimethyl-5-heptenal",=,6.25,mM
46,"2,5-Bis(aminomethyl)furan","2,6-Dimethyl-5-heptenal",=,6.25,mM
46,"1,8-diaminooctan","2,6-Dimethyl-5-heptenal",=,1.56,mM
46,"3,7-diazanonane-1,9-diamine","2,6-Dimethyl-5-heptenal",=,6.25,mM
46,"(3-aminopropyl)-1,2-ethylenediamine","2,6-Dimethyl-5-heptenal",=,12.5,mM
46,"1,3-bis(aminomethyl)cyclohexane","2,6-Dimethyl-5-heptenal",=,12.5,mM
46,1.9-diaminononane,"2,6-Dimethyl-5-heptenal",=,1.56,mM
46,"2,2'-(ethylenedioxy)bis(ethylamine)","2,6-Dimethyl-5-heptenal",=,3.12,mM
46,"2,2',2''-triaminotriethylamine","2,6-Dimethyl-5-heptenal",=,3.12,mM
46,"N'-(2-aminoethyl)-N'-methylethane-1,2-diamine","2,6-Dimethyl-5-heptenal",>,12.5,mM
46,Spermidine,"2,6-Dimethyl-5-heptenal",=,6.25,mM
46,"1,5-diamino-3-azapentane","2,6-Dimethyl-5-heptenal",=,6.25,mM
46,Spermine,"2,6-Dimethyl-5-heptenal",=,6.25,mM
46,"1,11-diamino-3,6,9-trioxaundecane",4-Nitrobenzaldehyde,=,1.56,mM
46,"1,6-Hexanediamine",4-Nitrobenzaldehyde,=,3.12,mM
46,"1,5-diamino-3-azapentane",4-Nitrobenzaldehyde,=,3.12,mM
46,"1,11-diamino-3,6,9-trioxaundecane",Hexanal,=,0.39,mM
46,"1,6-Hexanediamine",Hexanal,=,0.048,mM
46,"1,5-diamino-3-azapentane",Hexanal,=,0.78,mM
46,"1,6-Hexanediamine",Vanillin,=,6.25,mM
46,"1,5-diamino-3-azapentane",Vanillin,=,1.5,mM
46,"1,11-diamino-3,6,9-trioxaundecane",Octyl aldehyde,=,0.024,mM
46,"1,6-Hexanediamine",Nonyl aldehyde,=,0.19,mM
46,"1,5-diamino-3-azapentane",Nonyl aldehyde,=,0.098,mM
46,"N-bis-(2-amino-ethyl)-ethane-1,2-diamine",Trans-2-pentenal,=,6.25,mM
46,"2,2-bis(2-aminoethoxy)propane",Trans-2-pentenal,=,1.56,mM
46,"1,7-Diaminoheptane",Trans-2-pentenal,=,0.39,mM
46,"2,2'-diaminodiethyl ether",Trans-2-pentenal,=,3.12,mM
46,"1,11-diamino-3,6,9-trioxaundecane",Trans-2-pentenal,=,3.12,mM
46,"1,5-diaminopentane",Trans-2-pentenal,=,1.56,mM
46,"1,4-diaminobutane",Trans-2-pentenal,=,0.19,mM
46,p-Phenylenediamine,Trans-2-pentenal,>,12.5,mM
46,"3,7-diazanonane-1,9-diamine",Trans-2-pentenal,=,6.25,mM
46,"(3-aminopropyl)-1,2-ethylenediamine",Trans-2-pentenal,=,6.25,mM
46,"1,6-Hexanediamine",Trans-2-pentenal,=,0.19,mM
46,"1,3-bis(aminomethyl)cyclohexane",Trans-2-pentenal,=,1.56,mM
46,1.9-diaminononane,Trans-2-pentenal,=,0.098,mM
46,"2,2'-(ethylenedioxy)bis(ethylamine)",Trans-2-pentenal,=,3.12,mM
46,"N'-(2-aminoethyl)-N'-methylethane-1,2-diamine",Trans-2-pentenal,=,0.78,mM
46,Bis(3-aminopropyl)amine,Trans-2-pentenal,=,0.39,mM
46,"3,3'-Diamino-N-methyldipropylamine",Trans-2-pentenal,=,3.12,mM
46,"1,11-diamino-3,6,9-trioxaundecane",citronellal,=,0.0061,mM
46,"1,6-Hexanediamine",citronellal,=,0.048,mM
46,"1,5-diamino-3-azapentane",citronellal,=,1.56,mM
46,"1,11-diamino-3,6,9-trioxaundecane",2-Pyridinecarboxaldehyde,=,3.12,mM
46,"1,6-Hexanediamine",2-Pyridinecarboxaldehyde,=,3.12,mM
46,"1,5-diamino-3-azapentane",2-Pyridinecarboxaldehyde,=,12.5,mM
46,"1,11-diamino-3,6,9-trioxaundecane",(E)-hept-2-enal,=,0.049,mM
46,"1,6-Hexanediamine",(E)-hept-2-enal,=,0.048,mM
46,"1,5-diamino-3-azapentane",(E)-hept-2-enal,=,1.5,mM
46,"1,11-diamino-3,6,9-trioxaundecane","(2E,4E)-deca-2,4-dienal",=,0.049,mM
46,"1,5-diamino-3-azapentane","(2E,4E)-deca-2,4-dienal",=,0.75,mM
46,"1,11-diamino-3,6,9-trioxaundecane",Cinnamaldehyde,=,0.19,mM
46,"1,5-diamino-3-azapentane",Cinnamaldehyde,=,3,mM
46,"1,11-diamino-3,6,9-trioxaundecane",p-Bromo benzaldehyde,=,6.25,mM
46,"1,5-diamino-3-azapentane",p-Bromo benzaldehyde,=,3.12,mM
46,"1,11-diamino-3,6,9-trioxaundecane",(E)-non-2-enal,=,0.048,mM
46,"1,6-Hexanediamine",(E)-non-2-enal,=,0.098,mM
46,"1,5-diamino-3-azapentane",(E)-non-2-enal,=,0.38,mM
46,"1,11-diamino-3,6,9-trioxaundecane","(2E)-nona-2,6-dienal",=,0.098,mM
46,"1,6-Hexanediamine","(2E)-nona-2,6-dienal",=,0.19,mM
46,"1,11-diamino-3,6,9-trioxaundecane",Citral,=,0.098,mM
46,"1,5-diamino-3-azapentane",(E)-hex-2-enal,=,3,mM
46,"1,11-diamino-3,6,9-trioxaundecane",Formaldehyde,=,3.12,mM
46,"1,5-diamino-3-azapentane",Formaldehyde,=,12.5,mM
47,"2,2-bis(2-aminoethoxy)propane",(E)-2-Octenal,=,0.098,mM
47,(Z)-[bis(2-aminoethyl)amino]-hydroxyimino-oxidoazanium,(E)-2-Octenal,=,0.098,mM
47,"1,7-Diaminoheptane",(E)-2-Octenal,=,0.049,mM
47,"2,2'-diaminodiethyl ether",(E)-2-Octenal,=,0.098,mM
47,"1,11-diamino-3,6,9-trioxaundecane",(E)-2-Octenal,=,0.098,mM
47,"1,5-diaminopentane",(E)-2-Octenal,=,0.098,mM
47,"1,4-diaminobutane",(E)-2-Octenal,=,0.098,mM
47,"3,7-diazanonane-1,9-diamine",(E)-2-Octenal,=,0.196,mM
47,"(3-aminopropyl)-1,2-ethylenediamine",(E)-2-Octenal,=,0.39,mM
47,"1,6-Hexanediamine",(E)-2-Octenal,=,0.098,mM
47,"2,2'-(ethylenedioxy)bis(ethylamine)",(E)-2-Octenal,=,0.049,mM
47,"2,2',2''-triaminotriethylamine",(E)-2-Octenal,=,0.098,mM
47,"3,3'-Diamino-N-methyldipropylamine",(E)-2-Octenal,=,0.098,mM
47,Spermine,(E)-2-Octenal,=,0.75,mM
47,"1,11-diamino-3,6,9-trioxaundecane",1H-Imidazole-2-carboxaldehyde,=,0.39,mM
47,"1,6-Hexanediamine",1H-Imidazole-2-carboxaldehyde,=,3.12,mM
47,"1,5-diamino-3-azapentane",1H-Imidazole-2-carboxaldehyde,=,0.78,mM
47,"1,11-diamino-3,6,9-trioxaundecane",4-Ethynylbenzaldehyde,=,3.12,mM
47,"1,11-diamino-3,6,9-trioxaundecane","3,4-Dihydroxybenzaldehyde",=,6.25,mM
47,"1,6-Hexanediamine","3,4-Dihydroxybenzaldehyde",=,6.25,mM
47,"1,11-diamino-3,6,9-trioxaundecane",(E)-Dec-2-enal,=,0.024,mM
47,"1,5-diamino-3-azapentane",(E)-Dec-2-enal,=,1.5,mM
47,"N-bis-(2-amino-ethyl)-ethane-1,2-diamine","2,6-Dimethyl-5-heptenal",=,3.12,mM
47,"2,2-bis(2-aminoethoxy)propane","2,6-Dimethyl-5-heptenal",>,12.5,mM
47,cystamine dihydrochloride,"2,6-Dimethyl-5-heptenal",=,6.25,mM
47,"1,7-Diaminoheptane","2,6-Dimethyl-5-heptenal",=,3.12,mM
47,"2,2'-diaminodiethyl ether","2,6-Dimethyl-5-heptenal",>,12.5,mM
47,"1,11-diamino-3,6,9-trioxaundecane","2,6-Dimethyl-5-heptenal",=,12.5,mM
47,"1,5-diaminopentane","2,6-Dimethyl-5-heptenal",=,6.25,mM
47,"1,4-diaminobutane","2,6-Dimethyl-5-heptenal",=,3.12,mM
47,"2,5-Bis(aminomethyl)furan","2,6-Dimethyl-5-heptenal",=,6.25,mM
47,"1,8-diaminooctan","2,6-Dimethyl-5-heptenal",=,1.56,mM
47,p-Phenylenediamine,"2,6-Dimethyl-5-heptenal",=,1.56,mM
47,"3,7-diazanonane-1,9-diamine","2,6-Dimethyl-5-heptenal",=,6.25,mM
47,"(3-aminopropyl)-1,2-ethylenediamine","2,6-Dimethyl-5-heptenal",=,12.5,mM
47,"1,6-Hexanediamine","2,6-Dimethyl-5-heptenal",=,6.25,mM
47,"1,3-di(aminomethyl)benzene","2,6-Dimethyl-5-heptenal",=,12.5,mM
47,"1,3-bis(aminomethyl)cyclohexane","2,6-Dimethyl-5-heptenal",=,12.5,mM
47,1.9-diaminononane,"2,6-Dimethyl-5-heptenal",=,1.56,mM
47,"2,2'-(ethylenedioxy)bis(ethylamine)","2,6-Dimethyl-5-heptenal",=,3.12,mM
47,"2,2',2''-triaminotriethylamine","2,6-Dimethyl-5-heptenal",=,3.12,mM
47,"N'-(2-aminoethyl)-N'-methylethane-1,2-diamine","2,6-Dimethyl-5-heptenal",>,12.5,mM
47,Spermidine,"2,6-Dimethyl-5-heptenal",=,6.25,mM
47,"1,5-diamino-3-azapentane","2,6-Dimethyl-5-heptenal",=,6.25,mM
47,"3,3'-Diamino-N-methyldipropylamine","2,6-Dimethyl-5-heptenal",=,12.5,mM
47,Spermine,"2,6-Dimethyl-5-heptenal",=,6.25,mM
47,"1,11-diamino-3,6,9-trioxaundecane",Hexanal,=,0.39,mM
47,"1,6-Hexanediamine",Hexanal,=,0.048,mM
47,"1,5-diamino-3-azapentane",Hexanal,=,0.78,mM
47,"1,11-diamino-3,6,9-trioxaundecane",Vanillin,=,12.5,mM
47,"1,6-Hexanediamine",Vanillin,=,6.25,mM
47,"1,5-diamino-3-azapentane",Vanillin,=,1.5,mM
47,"1,11-diamino-3,6,9-trioxaundecane",Octyl aldehyde,=,0.024,mM
47,"1,6-Hexanediamine",Octyl aldehyde,=,0.098,mM
47,"1,5-diamino-3-azapentane",Octyl aldehyde,=,0.39,mM
47,"1,6-Hexanediamine",Nonyl aldehyde,=,0.19,mM
47,"1,5-diamino-3-azapentane",Nonyl aldehyde,=,0.098,mM
47,"N-bis-(2-amino-ethyl)-ethane-1,2-diamine",Trans-2-pentenal,=,6.25,mM
47,"2,2-bis(2-aminoethoxy)propane",Trans-2-pentenal,=,1.56,mM
47,(Z)-[bis(2-aminoethyl)amino]-hydroxyimino-oxidoazanium,Trans-2-pentenal,=,0.39,mM
47,"1,7-Diaminoheptane",Trans-2-pentenal,=,0.39,mM
47,"2,2'-diaminodiethyl ether",Trans-2-pentenal,=,3.12,mM
47,"1,11-diamino-3,6,9-trioxaundecane",Trans-2-pentenal,=,3.12,mM
47,"1,4-diaminobutane",Trans-2-pentenal,=,0.19,mM
47,"1,8-diaminooctan",Trans-2-pentenal,=,0.39,mM
47,p-Phenylenediamine,Trans-2-pentenal,>,12.5,mM
47,"3,7-diazanonane-1,9-diamine",Trans-2-pentenal,=,6.25,mM
47,"(3-aminopropyl)-1,2-ethylenediamine",Trans-2-pentenal,=,6.25,mM
47,"1,3-bis(aminomethyl)cyclohexane",Trans-2-pentenal,=,1.56,mM
47,"2,2'-(ethylenedioxy)bis(ethylamine)",Trans-2-pentenal,=,3.12,mM
47,"N'-(2-aminoethyl)-N'-methylethane-1,2-diamine",Trans-2-pentenal,=,0.78,mM
47,"1,5-diamino-3-azapentane",Trans-2-pentenal,=,6.25,mM
47,Bis(3-aminopropyl)amine,Trans-2-pentenal,=,0.39,mM
47,"1,11-diamino-3,6,9-trioxaundecane",citronellal,=,0.0061,mM
47,"1,5-diamino-3-azapentane",citronellal,=,1.56,mM
47,"1,11-diamino-3,6,9-trioxaundecane",2-Pyridinecarboxaldehyde,=,3.12,mM
47,"1,5-diamino-3-azapentane",2-Pyridinecarboxaldehyde,=,12.5,mM
47,"1,11-diamino-3,6,9-trioxaundecane",(E)-hept-2-enal,=,0.049,mM
47,"1,6-Hexanediamine",(E)-hept-2-enal,=,0.048,mM
47,"1,5-diamino-3-azapentane",(E)-hept-2-enal,=,1.5,mM
47,"1,6-Hexanediamine","(2E,4E)-deca-2,4-dienal",=,0.19,mM
47,"1,5-diamino-3-azapentane","(2E,4E)-deca-2,4-dienal",=,0.75,mM
47,"1,11-diamino-3,6,9-trioxaundecane",Cinnamaldehyde,=,0.19,mM
47,"1,6-Hexanediamine",Cinnamaldehyde,=,0.39,mM
47,"1,11-diamino-3,6,9-trioxaundecane",p-Bromo benzaldehyde,=,6.25,mM
47,"1,6-Hexanediamine",p-Bromo benzaldehyde,=,6.25,mM
47,"1,5-diamino-3-azapentane",p-Bromo benzaldehyde,=,3.12,mM
47,"1,11-diamino-3,6,9-trioxaundecane",(E)-non-2-enal,=,0.048,mM
47,"1,6-Hexanediamine",(E)-non-2-enal,=,0.098,mM
47,"1,5-diamino-3-azapentane",(E)-non-2-enal,=,0.38,mM
47,"1,11-diamino-3,6,9-trioxaundecane","(2E)-nona-2,6-dienal",=,0.098,mM
47,"1,6-Hexanediamine","(2E)-nona-2,6-dienal",=,0.19,mM
47,"1,5-diamino-3-azapentane","(2E)-nona-2,6-dienal",=,0.19,mM
47,"1,11-diamino-3,6,9-trioxaundecane",Citral,=,0.098,mM
47,"1,6-Hexanediamine",Citral,=,0.19,mM
47,"1,5-diamino-3-azapentane",Citral,=,0.19,mM
47,"1,11-diamino-3,6,9-trioxaundecane",(E)-hex-2-enal,=,0.19,mM
47,"1,6-Hexanediamine",(E)-hex-2-enal,=,0.39,mM
47,"1,5-diamino-3-azapentane",(E)-hex-2-enal,=,3,mM
47,"1,11-diamino-3,6,9-trioxaundecane",Formaldehyde,=,3.12,mM
48,"N-bis-(2-amino-ethyl)-ethane-1,2-diamine",(E)-2-Octenal,=,0.196,mM
48,"2,2'-diaminodiethyl ether",(E)-2-Octenal,=,0.098,mM
48,"1,11-diamino-3,6,9-trioxaundecane",(E)-2-Octenal,=,0.098,mM
48,"1,5-diaminopentane",(E)-2-Octenal,=,0.098,mM
48,"1,4-diaminobutane",(E)-2-Octenal,=,0.098,mM
48,"1,8-diaminooctan",(E)-2-Octenal,=,0.098,mM
48,p-Phenylenediamine,(E)-2-Octenal,>,12.5,mM
48,"3,7-diazanonane-1,9-diamine",(E)-2-Octenal,=,0.196,mM
48,"(3-aminopropyl)-1,2-ethylenediamine",(E)-2-Octenal,=,0.39,mM
48,"1,6-Hexanediamine",(E)-2-Octenal,=,0.098,mM
48,"1,3-bis(aminomethyl)cyclohexane",(E)-2-Octenal,=,0.39,mM
48,1.9-diaminononane,(E)-2-Octenal,=,0.098,mM
48,"2,2'-(ethylenedioxy)bis(ethylamine)",(E)-2-Octenal,=,0.049,mM
48,"2,2',2''-triaminotriethylamine",(E)-2-Octenal,=,0.098,mM
48,"N'-(2-aminoethyl)-N'-methylethane-1,2-diamine",(E)-2-Octenal,=,0.049,mM
48,"1,5-diamino-3-azapentane",(E)-2-Octenal,=,0.38,mM
48,Bis(3-aminopropyl)amine,(E)-2-Octenal,=,0.75,mM
48,"3,3'-Diamino-N-methyldipropylamine",(E)-2-Octenal,=,0.098,mM
48,Spermine,(E)-2-Octenal,=,0.75,mM
48,"1,11-diamino-3,6,9-trioxaundecane",1H-Imidazole-2-carboxaldehyde,=,0.39,mM
48,"1,6-Hexanediamine",1H-Imidazole-2-carboxaldehyde,=,3.12,mM
48,"1,5-diamino-3-azapentane",1H-Imidazole-2-carboxaldehyde,=,0.78,mM
48,"1,11-diamino-3,6,9-trioxaundecane","3,4-Dihydroxybenzaldehyde",=,6.25,mM
48,"1,11-diamino-3,6,9-trioxaundecane",(E)-Dec-2-enal,=,0.024,mM
48,"1,6-Hexanediamine",(E)-Dec-2-enal,=,0.098,mM
48,"1,5-diamino-3-azapentane",(E)-Dec-2-enal,=,1.5,mM
48,"N-bis-(2-amino-ethyl)-ethane-1,2-diamine","2,6-Dimethyl-5-heptenal",=,3.12,mM
48,"2,2-bis(2-aminoethoxy)propane","2,6-Dimethyl-5-heptenal",>,12.5,mM
48,(Z)-[bis(2-aminoethyl)amino]-hydroxyimino-oxidoazanium,"2,6-Dimethyl-5-heptenal",=,6.25,mM
48,cystamine dihydrochloride,"2,6-Dimethyl-5-heptenal",=,6.25,mM
48,"1,7-Diaminoheptane","2,6-Dimethyl-5-heptenal",=,3.12,mM
48,"2,2'-diaminodiethyl ether","2,6-Dimethyl-5-heptenal",>,12.5,mM
48,"1,11-diamino-3,6,9-trioxaundecane","2,6-Dimethyl-5-heptenal",=,12.5,mM
48,"1,5-diaminopentane","2,6-Dimethyl-5-heptenal",=,6.25,mM
48,"1,4-diaminobutane","2,6-Dimethyl-5-heptenal",=,3.12,mM
48,p-Phenylenediamine,"2,6-Dimethyl-5-heptenal",=,1.56,mM
48,"3,7-diazanonane-1,9-diamine","2,6-Dimethyl-5-heptenal",=,6.25,mM
48,"(3-aminopropyl)-1,2-ethylenediamine","2,6-Dimethyl-5-heptenal",=,12.5,mM
48,"1,6-Hexanediamine","2,6-Dimethyl-5-heptenal",=,6.25,mM
48,"1,3-di(aminomethyl)benzene","2,6-Dimethyl-5-heptenal",=,12.5,mM
48,"1,3-bis(aminomethyl)cyclohexane","2,6-Dimethyl-5-heptenal",=,12.5,mM
48,1.9-diaminononane,"2,6-Dimethyl-5-heptenal",=,1.56,mM
48,"2,2'-(ethylenedioxy)bis(ethylamine)","2,6-Dimethyl-5-heptenal",=,3.12,mM
48,"2,2',2''-triaminotriethylamine","2,6-Dimethyl-5-heptenal",=,3.12,mM
48,"N'-(2-aminoethyl)-N'-methylethane-1,2-diamine","2,6-Dimethyl-5-heptenal",>,12.5,mM
48,"1,5-diamino-3-azapentane","2,6-Dimethyl-5-heptenal",=,6.25,mM
48,Bis(3-aminopropyl)amine,"2,6-Dimethyl-5-heptenal",=,3.12,mM
48,"3,3'-Diamino-N-methyldipropylamine","2,6-Dimethyl-5-heptenal",=,12.5,mM
48,Spermine,"2,6-Dimethyl-5-heptenal",=,6.25,mM
48,"1,5-diamino-3-azapentane",4-Nitrobenzaldehyde,=,3.12,mM
48,"1,6-Hexanediamine",Hexanal,=,0.048,mM
48,"1,5-diamino-3-azapentane",Hexanal,=,0.78,mM
48,"1,11-diamino-3,6,9-trioxaundecane",Vanillin,=,12.5,mM
48,"1,6-Hexanediamine",Vanillin,=,6.25,mM
48,"1,5-diamino-3-azapentane",Vanillin,=,1.5,mM
48,"1,6-Hexanediamine",Octyl aldehyde,=,0.098,mM
48,"1,5-diamino-3-azapentane",Octyl aldehyde,=,0.39,mM
48,"1,6-Hexanediamine",Nonyl aldehyde,=,0.19,mM
48,"1,5-diamino-3-azapentane",Nonyl aldehyde,=,0.098,mM
48,"N-bis-(2-amino-ethyl)-ethane-1,2-diamine",Trans-2-pentenal,=,6.25,mM
48,"2,2-bis(2-aminoethoxy)propane",Trans-2-pentenal,=,1.56,mM
48,(Z)-[bis(2-aminoethyl)amino]-hydroxyimino-oxidoazanium,Trans-2-pentenal,=,0.39,mM
48,"1,7-Diaminoheptane",Trans-2-pentenal,=,0.39,mM
48,"1,11-diamino-3,6,9-trioxaundecane",Trans-2-pentenal,=,3.12,mM
48,"1,5-diaminopentane",Trans-2-pentenal,=,1.56,mM
48,"1,4-diaminobutane",Trans-2-pentenal,=,0.19,mM
48,"1,8-diaminooctan",Trans-2-pentenal,=,0.39,mM
48,p-Phenylenediamine,Trans-2-pentenal,>,12.5,mM
48,"(3-aminopropyl)-1,2-ethylenediamine",Trans-2-pentenal,=,6.25,mM
48,"1,6-Hexanediamine",Trans-2-pentenal,=,0.19,mM
48,"1,3-bis(aminomethyl)cyclohexane",Trans-2-pentenal,=,1.56,mM
48,1.9-diaminononane,Trans-2-pentenal,=,0.098,mM
48,"2,2'-(ethylenedioxy)bis(ethylamine)",Trans-2-pentenal,=,3.12,mM
48,"1,5-diamino-3-azapentane",Trans-2-pentenal,=,6.25,mM
48,Bis(3-aminopropyl)amine,Trans-2-pentenal,=,0.39,mM
48,"3,3'-Diamino-N-methyldipropylamine",Trans-2-pentenal,=,3.12,mM
48,"1,11-diamino-3,6,9-trioxaundecane",citronellal,=,0.0061,mM
48,"1,6-Hexanediamine",citronellal,=,0.048,mM
48,"1,5-diamino-3-azapentane",citronellal,=,1.56,mM
48,"1,11-diamino-3,6,9-trioxaundecane",2-Pyridinecarboxaldehyde,=,3.12,mM
48,"1,6-Hexanediamine",2-Pyridinecarboxaldehyde,=,3.12,mM
48,"1,5-diamino-3-azapentane",2-Pyridinecarboxaldehyde,=,12.5,mM
48,"1,11-diamino-3,6,9-trioxaundecane","(2E,4E)-deca-2,4-dienal",=,0.049,mM
48,"1,6-Hexanediamine","(2E,4E)-deca-2,4-dienal",=,0.19,mM
48,"1,5-diamino-3-azapentane","(2E,4E)-deca-2,4-dienal",=,0.75,mM
48,"1,11-diamino-3,6,9-trioxaundecane",Cinnamaldehyde,=,0.19,mM
48,"1,11-diamino-3,6,9-trioxaundecane",p-Bromo benzaldehyde,=,6.25,mM
48,"1,6-Hexanediamine",p-Bromo benzaldehyde,=,6.25,mM
48,"1,5-diamino-3-azapentane",p-Bromo benzaldehyde,=,3.12,mM
48,"1,11-diamino-3,6,9-trioxaundecane",(E)-non-2-enal,=,0.048,mM
48,"1,5-diamino-3-azapentane",(E)-non-2-enal,=,0.38,mM
48,"1,6-Hexanediamine","(2E)-nona-2,6-dienal",=,0.19,mM
48,"1,11-diamino-3,6,9-trioxaundecane",Citral,=,0.098,mM
48,"1,6-Hexanediamine",Citral,=,0.19,mM
48,"1,5-diamino-3-azapentane",Citral,=,0.19,mM
48,"1,11-diamino-3,6,9-trioxaundecane",(E)-hex-2-enal,=,0.19,mM
48,"1,6-Hexanediamine",(E)-hex-2-enal,=,0.39,mM
48,"1,5-diamino-3-azapentane",(E)-hex-2-enal,=,3,mM
48,"1,11-diamino-3,6,9-trioxaundecane",Formaldehyde,=,3.12,mM
48,"1,5-diamino-3-azapentane",Formaldehyde,=,12.5,mM
49,"N-bis-(2-amino-ethyl)-ethane-1,2-diamine",(E)-2-Octenal,=,0.196,mM
49,(Z)-[bis(2-aminoethyl)amino]-hydroxyimino-oxidoazanium,(E)-2-Octenal,=,0.098,mM
49,"1,7-Diaminoheptane",(E)-2-Octenal,=,0.049,mM
49,"1,11-diamino-3,6,9-trioxaundecane",(E)-2-Octenal,=,0.098,mM
49,"1,5-diaminopentane",(E)-2-Octenal,=,0.098,mM
49,"1,4-diaminobutane",(E)-2-Octenal,=,0.098,mM
49,"1,8-diaminooctan",(E)-2-Octenal,=,0.098,mM
49,p-Phenylenediamine,(E)-2-Octenal,>,12.5,mM
49,"3,7-diazanonane-1,9-diamine",(E)-2-Octenal,=,0.196,mM
49,"1,6-Hexanediamine",(E)-2-Octenal,=,0.098,mM
49,"1,3-bis(aminomethyl)cyclohexane",(E)-2-Octenal,=,0.39,mM
49,1.9-diaminononane,(E)-2-Octenal,=,0.098,mM
49,"2,2'-(ethylenedioxy)bis(ethylamine)",(E)-2-Octenal,=,0.049,mM
49,"2,2',2''-triaminotriethylamine",(E)-2-Octenal,=,0.098,mM
49,"N'-(2-aminoethyl)-N'-methylethane-1,2-diamine",(E)-2-Octenal,=,0.049,mM
49,"1,5-diamino-3-azapentane",(E)-2-Octenal,=,0.38,mM
49,Bis(3-aminopropyl)amine,(E)-2-Octenal,=,0.75,mM
49,"3,3'-Diamino-N-methyldipropylamine",(E)-2-Octenal,=,0.098,mM
49,Spermine,(E)-2-Octenal,=,0.75,mM
49,"1,11-diamino-3,6,9-trioxaundecane",1H-Imidazole-2-carboxaldehyde,=,0.39,mM
49,"1,6-Hexanediamine",1H-Imidazole-2-carboxaldehyde,=,3.12,mM
49,"1,11-diamino-3,6,9-trioxaundecane",4-Ethynylbenzaldehyde,=,3.12,mM
49,"1,5-diamino-3-azapentane",4-Ethynylbenzaldehyde,>,12.5,mM
49,"1,6-Hexanediamine","3,4-Dihydroxybenzaldehyde",=,6.25,mM
49,"1,11-diamino-3,6,9-trioxaundecane",(E)-Dec-2-enal,=,0.024,mM
49,"1,6-Hexanediamine",(E)-Dec-2-enal,=,0.098,mM
49,"1,5-diamino-3-azapentane",(E)-Dec-2-enal,=,1.5,mM
49,"N-bis-(2-amino-ethyl)-ethane-1,2-diamine","2,6-Dimethyl-5-heptenal",=,3.12,mM
49,"2,2-bis(2-aminoethoxy)propane","2,6-Dimethyl-5-heptenal",>,12.5,mM
49,(Z)-[bis(2-aminoethyl)amino]-hydroxyimino-oxidoazanium,"2,6-Dimethyl-5-heptenal",=,6.25,mM
49,cystamine dihydrochloride,"2,6-Dimethyl-5-heptenal",=,6.25,mM
49,"1,7-Diaminoheptane","2,6-Dimethyl-5-heptenal",=,3.12,mM
49,"2,2'-diaminodiethyl ether","2,6-Dimethyl-5-heptenal",>,12.5,mM
49,"1,11-diamino-3,6,9-trioxaundecane","2,6-Dimethyl-5-heptenal",=,12.5,mM
49,"1,5-diaminopentane","2,6-Dimethyl-5-heptenal",=,6.25,mM
49,"1,4-diaminobutane","2,6-Dimethyl-5-heptenal",=,3.12,mM
49,"2,5-Bis(aminomethyl)furan","2,6-Dimethyl-5-heptenal",=,6.25,mM
49,"1,8-diaminooctan","2,6-Dimethyl-5-heptenal",=,1.56,mM
49,p-Phenylenediamine,"2,6-Dimethyl-5-heptenal",=,1.56,mM
49,"3,7-diazanonane-1,9-diamine","2,6-Dimethyl-5-heptenal",=,6.25,mM
49,"(3-aminopropyl)-1,2-ethylenediamine","2,6-Dimethyl-5-heptenal",=,12.5,mM
49,"1,3-di(aminomethyl)benzene","2,6-Dimethyl-5-heptenal",=,12.5,mM
49,"1,3-bis(aminomethyl)cyclohexane","2,6-Dimethyl-5-heptenal",=,12.5,mM
49,1.9-diaminononane,"2,6-Dimethyl-5-heptenal",=,1.56,mM
49,"2,2'-(ethylenedioxy)bis(ethylamine)","2,6-Dimethyl-5-heptenal",=,3.12,mM
49,"2,2',2''-triaminotriethylamine","2,6-Dimethyl-5-heptenal",=,3.12,mM
49,"N'-(2-aminoethyl)-N'-methylethane-1,2-diamine","2,6-Dimethyl-5-heptenal",>,12.5,mM
49,Spermidine,"2,6-Dimethyl-5-heptenal",=,6.25,mM
49,"1,5-diamino-3-azapentane","2,6-Dimethyl-5-heptenal",=,6.25,mM
49,Spermine,"2,6-Dimethyl-5-heptenal",=,6.25,mM
49,"1,6-Hexanediamine",4-Nitrobenzaldehyde,=,3.12,mM
49,"1,11-diamino-3,6,9-trioxaundecane",Hexanal,=,0.39,mM
49,"1,6-Hexanediamine",Hexanal,=,0.048,mM
49,"1,5-diamino-3-azapentane",Hexanal,=,0.78,mM
49,"1,11-diamino-3,6,9-trioxaundecane",Vanillin,=,12.5,mM
49,"1,6-Hexanediamine",Vanillin,=,6.25,mM
49,"1,5-diamino-3-azapentane",Vanillin,=,1.5,mM
49,"1,6-Hexanediamine",Octyl aldehyde,=,0.098,mM
49,"1,5-diamino-3-azapentane",Octyl aldehyde,=,0.39,mM
49,"1,6-Hexanediamine",Nonyl aldehyde,=,0.19,mM
49,"1,5-diamino-3-azapentane",Nonyl aldehyde,=,0.098,mM
49,(Z)-[bis(2-aminoethyl)amino]-hydroxyimino-oxidoazanium,Trans-2-pentenal,=,0.39,mM
49,"1,7-Diaminoheptane",Trans-2-pentenal,=,0.39,mM
49,"2,2'-diaminodiethyl ether",Trans-2-pentenal,=,3.12,mM
49,"1,11-diamino-3,6,9-trioxaundecane",Trans-2-pentenal,=,3.12,mM
49,"1,5-diaminopentane",Trans-2-pentenal,=,1.56,mM
49,"1,4-diaminobutane",Trans-2-pentenal,=,0.19,mM
49,"1,8-diaminooctan",Trans-2-pentenal,=,0.39,mM
49,p-Phenylenediamine,Trans-2-pentenal,>,12.5,mM
49,"(3-aminopropyl)-1,2-ethylenediamine",Trans-2-pentenal,=,6.25,mM
49,"1,6-Hexanediamine",Trans-2-pentenal,=,0.19,mM
49,"1,3-bis(aminomethyl)cyclohexane",Trans-2-pentenal,=,1.56,mM
49,1.9-diaminononane,Trans-2-pentenal,=,0.098,mM
49,"2,2'-(ethylenedioxy)bis(ethylamine)",Trans-2-pentenal,=,3.12,mM
49,Bis(3-aminopropyl)amine,Trans-2-pentenal,=,0.39,mM
49,"3,3'-Diamino-N-methyldipropylamine",Trans-2-pentenal,=,3.12,mM
49,"1,11-diamino-3,6,9-trioxaundecane",citronellal,=,0.0061,mM
49,"1,6-Hexanediamine",citronellal,=,0.048,mM
49,"1,6-Hexanediamine",2-Pyridinecarboxaldehyde,=,3.12,mM
49,"1,5-diamino-3-azapentane",2-Pyridinecarboxaldehyde,=,12.5,mM
49,"1,11-diamino-3,6,9-trioxaundecane",(E)-hept-2-enal,=,0.049,mM
49,"1,6-Hexanediamine",(E)-hept-2-enal,=,0.048,mM
49,"1,11-diamino-3,6,9-trioxaundecane","(2E,4E)-deca-2,4-dienal",=,0.049,mM
49,"1,6-Hexanediamine","(2E,4E)-deca-2,4-dienal",=,0.19,mM
49,"1,5-diamino-3-azapentane","(2E,4E)-deca-2,4-dienal",=,0.75,mM
49,"1,6-Hexanediamine",Cinnamaldehyde,=,0.39,mM
49,"1,5-diamino-3-azapentane",Cinnamaldehyde,=,3,mM
49,"1,11-diamino-3,6,9-trioxaundecane",p-Bromo benzaldehyde,=,6.25,mM
49,"1,11-diamino-3,6,9-trioxaundecane",(E)-non-2-enal,=,0.048,mM
49,"1,6-Hexanediamine",(E)-non-2-enal,=,0.098,mM
49,"1,5-diamino-3-azapentane",(E)-non-2-enal,=,0.38,mM
49,"1,11-diamino-3,6,9-trioxaundecane","(2E)-nona-2,6-dienal",=,0.098,mM
49,"1,5-diamino-3-azapentane","(2E)-nona-2,6-dienal",=,0.19,mM
49,"1,11-diamino-3,6,9-trioxaundecane",Citral,=,0.098,mM
49,"1,6-Hexanediamine",Citral,=,0.19,mM
49,"1,5-diamino-3-azapentane",Citral,=,0.19,mM
49,"1,11-diamino-3,6,9-trioxaundecane",(E)-hex-2-enal,=,0.19,mM
49,"1,5-diamino-3-azapentane",(E)-hex-2-enal,=,3,mM
49,"1,11-diamino-3,6,9-trioxaundecane",Formaldehyde,=,3.12,mM
49,"1,5-diamino-3-azapentane",Formaldehyde,=,12.5,mM
50,"2,2-bis(2-aminoethoxy)propane",(E)-2-Octenal,=,0.098,mM
50,(Z)-[bis(2-aminoethyl)amino]-hydroxyimino-oxidoazanium,(E)-2-Octenal,=,0.098,mM
50,"1,7-Diaminoheptane",(E)-2-Octenal,=,0.049,mM
50,"2,2'-diaminodiethyl ether",(E)-2-Octenal,=,0.098,mM
50,"1,11-diamino-3,6,9-trioxaundecane",(E)-2-Octenal,=,0.098,mM
50,"1,5-diaminopentane",(E)-2-Octenal,=,0.098,mM
50,"1,4-diaminobutane",(E)-2-Octenal,=,0.098,mM
50,Polyethylenimine linear,(E)-2-Octenal,=,0.38,mM
50,"(3-aminopropyl)-1,2-ethylenediamine",(E)-2-Octenal,=,0.39,mM
50,"1,6-Hexanediamine",(E)-2-Octenal,=,0.098,mM
50,"1,3-bis(aminomethyl)cyclohexane",(E)-2-Octenal,=,0.39,mM
50,1.9-diaminononane,(E)-2-Octenal,=,0.098,mM
50,"2,2'-(ethylenedioxy)bis(ethylamine)",(E)-2-Octenal,=,0.049,mM
50,"2,2',2''-triaminotriethylamine",(E)-2-Octenal,=,0.098,mM
50,"N'-(2-aminoethyl)-N'-methylethane-1,2-diamine",(E)-2-Octenal,=,0.049,mM
50,"1,5-diamino-3-azapentane",(E)-2-Octenal,=,0.38,mM
50,Bis(3-aminopropyl)amine,(E)-2-Octenal,=,0.75,mM
50,"3,3'-Diamino-N-methyldipropylamine",(E)-2-Octenal,=,0.098,mM
50,Spermine,(E)-2-Octenal,=,0.75,mM
50,"1,11-diamino-3,6,9-trioxaundecane",1H-Imidazole-2-carboxaldehyde,=,0.39,mM
50,"1,6-Hexanediamine",1H-Imidazole-2-carboxaldehyde,=,3.12,mM
50,"1,5-diamino-3-azapentane",1H-Imidazole-2-carboxaldehyde,=,0.78,mM
50,"1,11-diamino-3,6,9-trioxaundecane",4-Ethynylbenzaldehyde,=,3.12,mM
50,"1,5-diamino-3-azapentane",4-Ethynylbenzaldehyde,>,12.5,mM
50,"1,11-diamino-3,6,9-trioxaundecane","3,4-Dihydroxybenzaldehyde",=,6.25,mM
50,"1,6-Hexanediamine","3,4-Dihydroxybenzaldehyde",=,6.25,mM
50,"1,11-diamino-3,6,9-trioxaundecane",(E)-Dec-2-enal,=,0.024,mM
50,"1,6-Hexanediamine",(E)-Dec-2-enal,=,0.098,mM
50,"1,5-diamino-3-azapentane",(E)-Dec-2-enal,=,1.5,mM
50,"N-bis-(2-amino-ethyl)-ethane-1,2-diamine","2,6-Dimethyl-5-heptenal",=,3.12,mM
50,"2,2-bis(2-aminoethoxy)propane","2,6-Dimethyl-5-heptenal",>,12.5,mM
50,(Z)-[bis(2-aminoethyl)amino]-hydroxyimino-oxidoazanium,"2,6-Dimethyl-5-heptenal",=,6.25,mM
50,"1,7-Diaminoheptane","2,6-Dimethyl-5-heptenal",=,3.12,mM
50,"2,2'-diaminodiethyl ether","2,6-Dimethyl-5-heptenal",>,12.5,mM
50,"1,11-diamino-3,6,9-trioxaundecane","2,6-Dimethyl-5-heptenal",=,12.5,mM
50,"1,5-diaminopentane","2,6-Dimethyl-5-heptenal",=,6.25,mM
50,"1,4-diaminobutane","2,6-Dimethyl-5-heptenal",=,3.12,mM
50,"1,8-diaminooctan","2,6-Dimethyl-5-heptenal",=,1.56,mM
50,p-Phenylenediamine,"2,6-Dimethyl-5-heptenal",=,1.56,mM
50,"3,7-diazanonane-1,9-diamine","2,6-Dimethyl-5-heptenal",=,6.25,mM
50,"(3-aminopropyl)-1,2-ethylenediamine","2,6-Dimethyl-5-heptenal",=,12.5,mM
50,"1,6-Hexanediamine","2,6-Dimethyl-5-heptenal",=,6.25,mM
50,"1,3-di(aminomethyl)benzene","2,6-Dimethyl-5-heptenal",=,12.5,mM
50,"1,3-bis(aminomethyl)cyclohexane","2,6-Dimethyl-5-heptenal",=,12.5,mM
50,1.9-diaminononane,"2,6-Dimethyl-5-heptenal",=,1.56,mM
50,"2,2',2''-triaminotriethylamine","2,6-Dimethyl-5-heptenal",=,3.12,mM
50,"N'-(2-aminoethyl)-N'-methylethane-1,2-diamine","2,6-Dimethyl-5-heptenal",>,12.5,mM
50,Spermidine,"2,6-Dimethyl-5-heptenal",=,6.25,mM
50,"1,5-diamino-3-azapentane","2,6-Dimethyl-5-heptenal",=,6.25,mM
50,"3,3'-Diamino-N-methyldipropylamine","2,6-Dimethyl-5-heptenal",=,12.5,mM
50,"1,11-diamino-3,6,9-trioxaundecane",4-Nitrobenzaldehyde,=,1.56,mM
50,"1,6-Hexanediamine",4-Nitrobenzaldehyde,=,3.12,mM
50,"1,6-Hexanediamine",Hexanal,=,0.048,mM
50,"1,11-diamino-3,6,9-trioxaundecane",Vanillin,=,12.5,mM
50,"1,6-Hexanediamine",Vanillin,=,6.25,mM
50,"1,5-diamino-3-azapentane",Vanillin,=,1.5,mM
50,"1,11-diamino-3,6,9-trioxaundecane",Octyl aldehyde,=,0.024,mM
50,"1,6-Hexanediamine",Octyl aldehyde,=,0.098,mM
50,"1,5-diamino-3-azapentane",Octyl aldehyde,=,0.39,mM
50,"1,6-Hexanediamine",Nonyl aldehyde,=,0.19,mM
50,"1,5-diamino-3-azapentane",Nonyl aldehyde,=,0.098,mM
50,"N-bis-(2-amino-ethyl)-ethane-1,2-diamine",Trans-2-pentenal,=,6.25,mM
50,"2,2-bis(2-aminoethoxy)propane",Trans-2-pentenal,=,1.56,mM
50,(Z)-[bis(2-aminoethyl)amino]-hydroxyimino-oxidoazanium,Trans-2-pentenal,=,0.39,mM
50,"1,7-Diaminoheptane",Trans-2-pentenal,=,0.39,mM
50,"2,2'-diaminodiethyl ether",Trans-2-pentenal,=,3.12,mM
50,"1,11-diamino-3,6,9-trioxaundecane",Trans-2-pentenal,=,3.12,mM
50,"1,5-diaminopentane",Trans-2-pentenal,=,1.56,mM
50,"1,4-diaminobutane",Trans-2-pentenal,=,0.19,mM
50,"1,8-diaminooctan",Trans-2-pentenal,=,0.39,mM
50,"3,7-diazanonane-1,9-diamine",Trans-2-pentenal,=,6.25,mM
50,"(3-aminopropyl)-1,2-ethylenediamine",Trans-2-pentenal,=,6.25,mM
50,"1,6-Hexanediamine",Trans-2-pentenal,=,0.19,mM
50,Bis(3-aminopropyl)amine,Trans-2-pentenal,=,0.39,mM
50,"3,3'-Diamino-N-methyldipropylamine",Trans-2-pentenal,=,3.12,mM
50,"1,11-diamino-3,6,9-trioxaundecane",citronellal,=,0.0061,mM
50,"1,6-Hexanediamine",citronellal,=,0.048,mM
50,"1,6-Hexanediamine",2-Pyridinecarboxaldehyde,=,3.12,mM
50,"1,5-diamino-3-azapentane",2-Pyridinecarboxaldehyde,=,12.5,mM
50,"1,11-diamino-3,6,9-trioxaundecane",(E)-hept-2-enal,=,0.049,mM
50,"1,6-Hexanediamine",(E)-hept-2-enal,=,0.048,mM
50,"1,5-diamino-3-azapentane",(E)-hept-2-enal,=,1.5,mM
50,"1,11-diamino-3,6,9-trioxaundecane","(2E,4E)-deca-2,4-dienal",=,0.049,mM
50,"1,6-Hexanediamine","(2E,4E)-deca-2,4-dienal",=,0.19,mM
50,"1,5-diamino-3-azapentane","(2E,4E)-deca-2,4-dienal",=,0.75,mM
50,"1,11-diamino-3,6,9-trioxaundecane",Cinnamaldehyde,=,0.19,mM
50,"1,6-Hexanediamine",Cinnamaldehyde,=,0.39,mM
50,"1,5-diamino-3-azapentane",Cinnamaldehyde,=,3,mM
50,"1,11-diamino-3,6,9-trioxaundecane",p-Bromo benzaldehyde,=,6.25,mM
50,"1,5-diamino-3-azapentane",p-Bromo benzaldehyde,=,3.12,mM
50,"1,11-diamino-3,6,9-trioxaundecane",(E)-non-2-enal,=,0.048,mM
50,"1,5-diamino-3-azapentane",(E)-non-2-enal,=,0.38,mM
50,"1,6-Hexanediamine","(2E)-nona-2,6-dienal",=,0.19,mM
50,"1,5-diamino-3-azapentane","(2E)-nona-2,6-dienal",=,0.19,mM
50,"1,5-diamino-3-azapentane",Citral,=,0.19,mM
50,"1,11-diamino-3,6,9-trioxaundecane",(E)-hex-2-enal,=,0.19,mM
50,"1,6-Hexanediamine",(E)-hex-2-enal,=,0.39,mM
50,"1,5-diamino-3-azapentane",(E)-hex-2-enal,=,3,mM
50,"1,11-diamino-3,6,9-trioxaundecane",Formaldehyde,=,3.12,mM
50,"1,5-diamino-3-azapentane",Formaldehyde,=,12.5,mM
51,"N-bis-(2-amino-ethyl)-ethane-1,2-diamine",(E)-2-Octenal,=,0.196,mM
51,"2,2-bis(2-aminoethoxy)propane",(E)-2-Octenal,=,0.098,mM
51,(Z)-[bis(2-aminoethyl)amino]-hydroxyimino-oxidoazanium,(E)-2-Octenal,=,0.098,mM
51,"1,7-Diaminoheptane",(E)-2-Octenal,=,0.049,mM
51,"2,2'-diaminodiethyl ether",(E)-2-Octenal,=,0.098,mM
51,"1,11-diamino-3,6,9-trioxaundecane",(E)-2-Octenal,=,0.098,mM
51,"1,5-diaminopentane",(E)-2-Octenal,=,0.098,mM
51,"1,4-diaminobutane",(E)-2-Octenal,=,0.098,mM
51,"1,8-diaminooctan",(E)-2-Octenal,=,0.098,mM
51,p-Phenylenediamine,(E)-2-Octenal,>,12.5,mM
51,Polyethylenimine linear,(E)-2-Octenal,=,0.38,mM
51,"3,7-diazanonane-1,9-diamine",(E)-2-Octenal,=,0.196,mM
51,"(3-aminopropyl)-1,2-ethylenediamine",(E)-2-Octenal,=,0.39,mM
51,"1,6-Hexanediamine",(E)-2-Octenal,=,0.098,mM
51,"2,2'-(ethylenedioxy)bis(ethylamine)",(E)-2-Octenal,=,0.049,mM
51,"2,2',2''-triaminotriethylamine",(E)-2-Octenal,=,0.098,mM
51,"N'-(2-aminoethyl)-N'-methylethane-1,2-diamine",(E)-2-Octenal,=,0.049,mM
51,"1,5-diamino-3-azapentane",(E)-2-Octenal,=,0.38,mM
51,Bis(3-aminopropyl)amine,(E)-2-Octenal,=,0.75,mM
51,"3,3'-Diamino-N-methyldipropylamine",(E)-2-Octenal,=,0.098,mM
51,Spermine,(E)-2-Octenal,=,0.75,mM
51,"1,11-diamino-3,6,9-trioxaundecane",1H-Imidazole-2-carboxaldehyde,=,0.39,mM
51,"1,6-Hexanediamine",1H-Imidazole-2-carboxaldehyde,=,3.12,mM
51,"1,5-diamino-3-azapentane",1H-Imidazole-2-carboxaldehyde,=,0.78,mM
51,"1,11-diamino-3,6,9-trioxaundecane",4-Ethynylbenzaldehyde,=,3.12,mM
51,"1,11-diamino-3,6,9-trioxaundecane","3,4-Dihydroxybenzaldehyde",=,6.25,mM
51,"1,6-Hexanediamine","3,4-Dihydroxybenzaldehyde",=,6.25,mM
51,"1,6-Hexanediamine",(E)-Dec-2-enal,=,0.098,mM
51,"1,5-diamino-3-azapentane",(E)-Dec-2-enal,=,1.5,mM
51,"N-bis-(2-amino-ethyl)-ethane-1,2-diamine","2,6-Dimethyl-5-heptenal",=,3.12,mM
51,(Z)-[bis(2-aminoethyl)amino]-hydroxyimino-oxidoazanium,"2,6-Dimethyl-5-heptenal",=,6.25,mM
51,cystamine dihydrochloride,"2,6-Dimethyl-5-heptenal",=,6.25,mM
51,"1,7-Diaminoheptane","2,6-Dimethyl-5-heptenal",=,3.12,mM
51,"2,2'-diaminodiethyl ether","2,6-Dimethyl-5-heptenal",>,12.5,mM
51,"1,5-diaminopentane","2,6-Dimethyl-5-heptenal",=,6.25,mM
51,"1,4-diaminobutane","2,6-Dimethyl-5-heptenal",=,3.12,mM
51,"2,5-Bis(aminomethyl)furan","2,6-Dimethyl-5-heptenal",=,6.25,mM
51,"3,7-diazanonane-1,9-diamine","2,6-Dimethyl-5-heptenal",=,6.25,mM
51,"1,6-Hexanediamine","2,6-Dimethyl-5-heptenal",=,6.25,mM
51,"1,3-di(aminomethyl)benzene","2,6-Dimethyl-5-heptenal",=,12.5,mM
51,"1,3-bis(aminomethyl)cyclohexane","2,6-Dimethyl-5-heptenal",=,12.5,mM
51,1.9-diaminononane,"2,6-Dimethyl-5-heptenal",=,1.56,mM
51,"2,2'-(ethylenedioxy)bis(ethylamine)","2,6-Dimethyl-5-heptenal",=,3.12,mM
51,"2,2',2''-triaminotriethylamine","2,6-Dimethyl-5-heptenal",=,3.12,mM
51,"N'-(2-aminoethyl)-N'-methylethane-1,2-diamine","2,6-Dimethyl-5-heptenal",>,12.5,mM
51,Spermidine,"2,6-Dimethyl-5-heptenal",=,6.25,mM
51,"1,5-diamino-3-azapentane","2,6-Dimethyl-5-heptenal",=,6.25,mM
51,Bis(3-aminopropyl)amine,"2,6-Dimethyl-5-heptenal",=,3.12,mM
51,Spermine,"2,6-Dimethyl-5-heptenal",=,6.25,mM
51,"1,6-Hexanediamine",4-Nitrobenzaldehyde,=,3.12,mM
51,"1,5-diamino-3-azapentane",4-Nitrobenzaldehyde,=,3.12,mM
51,"1,11-diamino-3,6,9-trioxaundecane",Hexanal,=,0.39,mM
51,"1,6-Hexanediamine",Hexanal,=,0.048,mM
51,"1,5-diamino-3-azapentane",Hexanal,=,0.78,mM
51,"1,11-diamino-3,6,9-trioxaundecane",Vanillin,=,12.5,mM
51,"1,6-Hexanediamine",Vanillin,=,6.25,mM
51,"1,11-diamino-3,6,9-trioxaundecane",Octyl aldehyde,=,0.024,mM
51,"1,6-Hexanediamine",Octyl aldehyde,=,0.098,mM
51,"1,5-diamino-3-azapentane",Octyl aldehyde,=,0.39,mM
51,"1,6-Hexanediamine",Nonyl aldehyde,=,0.19,mM
51,"1,5-diamino-3-azapentane",Nonyl aldehyde,=,0.098,mM
51,"N-bis-(2-amino-ethyl)-ethane-1,2-diamine",Trans-2-pentenal,=,6.25,mM
51,"2,2-bis(2-aminoethoxy)propane",Trans-2-pentenal,=,1.56,mM
51,(Z)-[bis(2-aminoethyl)amino]-hydroxyimino-oxidoazanium,Trans-2-pentenal,=,0.39,mM
51,"1,7-Diaminoheptane",Trans-2-pentenal,=,0.39,mM
51,"2,2'-diaminodiethyl ether",Trans-2-pentenal,=,3.12,mM
51,"1,11-diamino-3,6,9-trioxaundecane",Trans-2-pentenal,=,3.12,mM
51,"1,5-diaminopentane",Trans-2-pentenal,=,1.56,mM
51,"1,4-diaminobutane",Trans-2-pentenal,=,0.19,mM
51,p-Phenylenediamine,Trans-2-pentenal,>,12.5,mM
51,"1,6-Hexanediamine",Trans-2-pentenal,=,0.19,mM
51,"1,3-bis(aminomethyl)cyclohexane",Trans-2-pentenal,=,1.56,mM
51,1.9-diaminononane,Trans-2-pentenal,=,0.098,mM
51,"2,2'-(ethylenedioxy)bis(ethylamine)",Trans-2-pentenal,=,3.12,mM
51,Bis(3-aminopropyl)amine,Trans-2-pentenal,=,0.39,mM
51,"3,3'-Diamino-N-methyldipropylamine",Trans-2-pentenal,=,3.12,mM
51,"1,11-diamino-3,6,9-trioxaundecane",citronellal,=,0.0061,mM
51,"1,5-diamino-3-azapentane",citronellal,=,1.56,mM
51,"1,11-diamino-3,6,9-trioxaundecane",2-Pyridinecarboxaldehyde,=,3.12,mM
51,"1,6-Hexanediamine",2-Pyridinecarboxaldehyde,=,3.12,mM
51,"1,5-diamino-3-azapentane",2-Pyridinecarboxaldehyde,=,12.5,mM
51,"1,11-diamino-3,6,9-trioxaundecane",(E)-hept-2-enal,=,0.049,mM
51,"1,6-Hexanediamine",(E)-hept-2-enal,=,0.048,mM
51,"1,5-diamino-3-azapentane",(E)-hept-2-enal,=,1.5,mM
51,"1,6-Hexanediamine","(2E,4E)-deca-2,4-dienal",=,0.19,mM
51,"1,11-diamino-3,6,9-trioxaundecane",Cinnamaldehyde,=,0.19,mM
51,"1,6-Hexanediamine",Cinnamaldehyde,=,0.39,mM
51,"1,5-diamino-3-azapentane",Cinnamaldehyde,=,3,mM
51,"1,11-diamino-3,6,9-trioxaundecane",p-Bromo benzaldehyde,=,6.25,mM
51,"1,5-diamino-3-azapentane",p-Bromo benzaldehyde,=,3.12,mM
51,"1,6-Hexanediamine",(E)-non-2-enal,=,0.098,mM
51,"1,5-diamino-3-azapentane",(E)-non-2-enal,=,0.38,mM
51,"1,11-diamino-3,6,9-trioxaundecane","(2E)-nona-2,6-dienal",=,0.098,mM
51,"1,6-Hexanediamine","(2E)-nona-2,6-dienal",=,0.19,mM
51,"1,5-diamino-3-azapentane","(2E)-nona-2,6-dienal",=,0.19,mM
51,"1,11-diamino-3,6,9-trioxaundecane",Citral,=,0.098,mM
51,"1,5-diamino-3-azapentane",Citral,=,0.19,mM
51,"1,5-diamino-3-azapentane",(E)-hex-2-enal,=,3,mM
51,"1,11-diamino-3,6,9-trioxaundecane",Formaldehyde,=,3.12,mM
51,"1,5-diamino-3-azapentane",Formaldehyde,=,12.5,mM
52,"N-bis-(2-amino-ethyl)-ethane-1,2-diamine",(E)-2-Octenal,=,0.196,mM
52,"2,2-bis(2-aminoethoxy)propane",(E)-2-Octenal,=,0.098,mM
52,"1,7-Diaminoheptane",(E)-2-Octenal,=,0.049,mM
52,"2,2'-diaminodiethyl ether",(E)-2-Octenal,=,0.098,mM
52,"1,11-diamino-3,6,9-trioxaundecane",(E)-2-Octenal,=,0.098,mM
52,"1,5-diaminopentane",(E)-2-Octenal,=,0.098,mM
52,"1,8-diaminooctan",(E)-2-Octenal,=,0.098,mM
52,p-Phenylenediamine,(E)-2-Octenal,>,12.5,mM
52,Polyethylenimine linear,(E)-2-Octenal,=,0.38,mM
52,"3,7-diazanonane-1,9-diamine",(E)-2-Octenal,=,0.196,mM
52,"(3-aminopropyl)-1,2-ethylenediamine",(E)-2-Octenal,=,0.39,mM
52,"1,6-Hexanediamine",(E)-2-Octenal,=,0.098,mM
52,1.9-diaminononane,(E)-2-Octenal,=,0.098,mM
52,"2,2'-(ethylenedioxy)bis(ethylamine)",(E)-2-Octenal,=,0.049,mM
52,"2,2',2''-triaminotriethylamine",(E)-2-Octenal,=,0.098,mM
52,"N'-(2-aminoethyl)-N'-methylethane-1,2-diamine",(E)-2-Octenal,=,0.049,mM
52,Bis(3-aminopropyl)amine,(E)-2-Octenal,=,0.75,mM
52,"3,3'-Diamino-N-methyldipropylamine",(E)-2-Octenal,=,0.098,mM
52,Spermine,(E)-2-Octenal,=,0.75,mM
52,"1,11-diamino-3,6,9-trioxaundecane",1H-Imidazole-2-carboxaldehyde,=,0.39,mM
52,"1,6-Hexanediamine",1H-Imidazole-2-carboxaldehyde,=,3.12,mM
52,"1,5-diamino-3-azapentane",1H-Imidazole-2-carboxaldehyde,=,0.78,mM
52,"1,11-diamino-3,6,9-trioxaundecane","3,4-Dihydroxybenzaldehyde",=,6.25,mM
52,"1,6-Hexanediamine","3,4-Dihydroxybenzaldehyde",=,6.25,mM
52,"1,6-Hexanediamine",(E)-Dec-2-enal,=,0.098,mM
52,"1,5-diamino-3-azapentane",(E)-Dec-2-enal,=,1.5,mM
52,"N-bis-(2-amino-ethyl)-ethane-1,2-diamine","2,6-Dimethyl-5-heptenal",=,3.12,mM
52,"2,2-bis(2-aminoethoxy)propane","2,6-Dimethyl-5-heptenal",>,12.5,mM
52,(Z)-[bis(2-aminoethyl)amino]-hydroxyimino-oxidoazanium,"2,6-Dimethyl-5-heptenal",=,6.25,mM
52,"1,7-Diaminoheptane","2,6-Dimethyl-5-heptenal",=,3.12,mM
52,"1,11-diamino-3,6,9-trioxaundecane","2,6-Dimethyl-5-heptenal",=,12.5,mM
52,"1,5-diaminopentane","2,6-Dimethyl-5-heptenal",=,6.25,mM
52,"1,4-diaminobutane","2,6-Dimethyl-5-heptenal",=,3.12,mM
52,"1,8-diaminooctan","2,6-Dimethyl-5-heptenal",=,1.56,mM
52,p-Phenylenediamine,"2,6-Dimethyl-5-heptenal",=,1.56,mM
52,"3,7-diazanonane-1,9-diamine","2,6-Dimethyl-5-heptenal",=,6.25,mM
52,"(3-aminopropyl)-1,2-ethylenediamine","2,6-Dimethyl-5-heptenal",=,12.5,mM
52,"1,6-Hexanediamine","2,6-Dimethyl-5-heptenal",=,6.25,mM
52,"1,3-di(aminomethyl)benzene","2,6-Dimethyl-5-heptenal",=,12.5,mM
52,"1,3-bis(aminomethyl)cyclohexane","2,6-Dimethyl-5-heptenal",=,12.5,mM
52,1.9-diaminononane,"2,6-Dimethyl-5-heptenal",=,1.56,mM
52,"2,2'-(ethylenedioxy)bis(ethylamine)","2,6-Dimethyl-5-heptenal",=,3.12,mM
52,"2,2',2''-triaminotriethylamine","2,6-Dimethyl-5-heptenal",=,3.12,mM
52,"N'-(2-aminoethyl)-N'-methylethane-1,2-diamine","2,6-Dimethyl-5-heptenal",>,12.5,mM
52,"1,5-diamino-3-azapentane","2,6-Dimethyl-5-heptenal",=,6.25,mM
52,Bis(3-aminopropyl)amine,"2,6-Dimethyl-5-heptenal",=,3.12,mM
52,"3,3'-Diamino-N-methyldipropylamine","2,6-Dimethyl-5-heptenal",=,12.5,mM
52,"1,11-diamino-3,6,9-trioxaundecane",4-Nitrobenzaldehyde,=,1.56,mM
52,"1,6-Hexanediamine",4-Nitrobenzaldehyde,=,3.12,mM
52,"1,11-diamino-3,6,9-trioxaundecane",Hexanal,=,0.39,mM
52,"1,5-diamino-3-azapentane",Hexanal,=,0.78,mM
52,"1,11-diamino-3,6,9-trioxaundecane",Vanillin,=,12.5,mM
52,"1,6-Hexanediamine",Vanillin,=,6.25,mM
52,"1,5-diamino-3-azapentane",Vanillin,=,1.5,mM
52,"1,11-diamino-3,6,9-trioxaundecane",Octyl aldehyde,=,0.024,mM
52,"1,6-Hexanediamine",Octyl aldehyde,=,0.098,mM
52,"1,5-diamino-3-azapentane",Octyl aldehyde,=,0.39,mM
52,"1,5-diamino-3-azapentane",Nonyl aldehyde,=,0.098,mM
52,"N-bis-(2-amino-ethyl)-ethane-1,2-diamine",Trans-2-pentenal,=,6.25,mM
52,"2,2-bis(2-aminoethoxy)propane",Trans-2-pentenal,=,1.56,mM
52,"1,7-Diaminoheptane",Trans-2-pentenal,=,0.39,mM
52,"2,2'-diaminodiethyl ether",Trans-2-pentenal,=,3.12,mM
52,"1,5-diaminopentane",Trans-2-pentenal,=,1.56,mM
52,"1,4-diaminobutane",Trans-2-pentenal,=,0.19,mM
52,"1,8-diaminooctan",Trans-2-pentenal,=,0.39,mM
52,p-Phenylenediamine,Trans-2-pentenal,>,12.5,mM
52,"3,7-diazanonane-1,9-diamine",Trans-2-pentenal,=,6.25,mM
52,"(3-aminopropyl)-1,2-ethylenediamine",Trans-2-pentenal,=,6.25,mM
52,"1,6-Hexanediamine",Trans-2-pentenal,=,0.19,mM
52,1.9-diaminononane,Trans-2-pentenal,=,0.098,mM
52,"2,2'-(ethylenedioxy)bis(ethylamine)",Trans-2-pentenal,=,3.12,mM
52,"N'-(2-aminoethyl)-N'-methylethane-1,2-diamine",Trans-2-pentenal,=,0.78,mM
52,"1,5-diamino-3-azapentane",Trans-2-pentenal,=,6.25,mM
52,"1,11-diamino-3,6,9-trioxaundecane",citronellal,=,0.0061,mM
52,"1,6-Hexanediamine",citronellal,=,0.048,mM
52,"1,5-diamino-3-azapentane",citronellal,=,1.56,mM
52,"1,11-diamino-3,6,9-trioxaundecane",2-Pyridinecarboxaldehyde,=,3.12,mM
52,"1,6-Hexanediamine",2-Pyridinecarboxaldehyde,=,3.12,mM
52,"1,5-diamino-3-azapentane",2-Pyridinecarboxaldehyde,=,12.5,mM
52,"1,11-diamino-3,6,9-trioxaundecane",(E)-hept-2-enal,=,0.049,mM
52,"1,6-Hexanediamine","(2E,4E)-deca-2,4-dienal",=,0.19,mM
52,"1,5-diamino-3-azapentane","(2E,4E)-deca-2,4-dienal",=,0.75,mM
52,"1,11-diamino-3,6,9-trioxaundecane",Cinnamaldehyde,=,0.19,mM
52,"1,6-Hexanediamine",Cinnamaldehyde,=,0.39,mM
52,"1,5-diamino-3-azapentane",Cinnamaldehyde,=,3,mM
52,"1,11-diamino-3,6,9-trioxaundecane",p-Bromo benzaldehyde,=,6.25,mM
52,"1,6-Hexanediamine",p-Bromo benzaldehyde,=,6.25,mM
52,"1,5-diamino-3-azapentane",p-Bromo benzaldehyde,=,3.12,mM
52,"1,11-diamino-3,6,9-trioxaundecane",(E)-non-2-enal,=,0.048,mM
52,"1,5-diamino-3-azapentane",(E)-non-2-enal,=,0.38,mM
52,"1,11-diamino-3,6,9-trioxaundecane","(2E)-nona-2,6-dienal",=,0.098,mM
52,"1,6-Hexanediamine","(2E)-nona-2,6-dienal",=,0.19,mM
52,"1,11-diamino-3,6,9-trioxaundecane",Citral,=,0.098,mM
52,"1,6-Hexanediamine",Citral,=,0.19,mM
52,"1,5-diamino-3-azapentane",Citral,=,0.19,mM
52,"1,11-diamino-3,6,9-trioxaundecane",(E)-hex-2-enal,=,0.19,mM
52,"1,6-Hexanediamine",(E)-hex-2-enal,=,0.39,mM
52,"1,5-diamino-3-azapentane",(E)-hex-2-enal,=,3,mM
52,"1,11-diamino-3,6,9-trioxaundecane",Formaldehyde,=,3.12,mM
52,"1,5-diamino-3-azapentane",Formaldehyde,=,12.5,mM
53,"N-bis-(2-amino-ethyl)-ethane-1,2-diamine",(E)-2-Octenal,=,0.196,mM
53,"2,2-bis(2-aminoethoxy)propane",(E)-2-Octenal,=,0.098,mM
53,(Z)-[bis(2-aminoethyl)amino]-hydroxyimino-oxidoazanium,(E)-2-Octenal,=,0.098,mM
53,"1,7-Diaminoheptane",(E)-2-Octenal,=,0.049,mM
53,"2,2'-diaminodiethyl ether",(E)-2-Octenal,=,0.098,mM
53,"1,11-diamino-3,6,9-trioxaundecane",(E)-2-Octenal,=,0.098,mM
53,"1,5-diaminopentane",(E)-2-Octenal,=,0.098,mM
53,"1,4-diaminobutane",(E)-2-Octenal,=,0.098,mM
53,"1,8-diaminooctan",(E)-2-Octenal,=,0.098,mM
53,p-Phenylenediamine,(E)-2-Octenal,>,12.5,mM
53,"3,7-diazanonane-1,9-diamine",(E)-2-Octenal,=,0.196,mM
53,"(3-aminopropyl)-1,2-ethylenediamine",(E)-2-Octenal,=,0.39,mM
53,"1,6-Hexanediamine",(E)-2-Octenal,=,0.098,mM
53,"1,3-bis(aminomethyl)cyclohexane",(E)-2-Octenal,=,0.39,mM
53,"2,2'-(ethylenedioxy)bis(ethylamine)",(E)-2-Octenal,=,0.049,mM
53,"2,2',2''-triaminotriethylamine",(E)-2-Octenal,=,0.098,mM
53,"N'-(2-aminoethyl)-N'-methylethane-1,2-diamine",(E)-2-Octenal,=,0.049,mM
53,"1,5-diamino-3-azapentane",(E)-2-Octenal,=,0.38,mM
53,Bis(3-aminopropyl)amine,(E)-2-Octenal,=,0.75,mM
53,Spermine,(E)-2-Octenal,=,0.75,mM
53,"1,11-diamino-3,6,9-trioxaundecane",1H-Imidazole-2-carboxaldehyde,=,0.39,mM
53,"1,5-diamino-3-azapentane",1H-Imidazole-2-carboxaldehyde,=,0.78,mM
53,"1,11-diamino-3,6,9-trioxaundecane",4-Ethynylbenzaldehyde,=,3.12,mM
53,"1,5-diamino-3-azapentane",4-Ethynylbenzaldehyde,>,12.5,mM
53,"1,11-diamino-3,6,9-trioxaundecane","3,4-Dihydroxybenzaldehyde",=,6.25,mM
53,"1,6-Hexanediamine","3,4-Dihydroxybenzaldehyde",=,6.25,mM
53,"1,6-Hexanediamine",(E)-Dec-2-enal,=,0.098,mM
53,"2,2-bis(2-aminoethoxy)propane","2,6-Dimethyl-5-heptenal",>,12.5,mM
53,"1,7-Diaminoheptane","2,6-Dimethyl-5-heptenal",=,3.12,mM
53,"2,2'-diaminodiethyl ether","2,6-Dimethyl-5-heptenal",>,12.5,mM
53,"1,5-diaminopentane","2,6-Dimethyl-5-heptenal",=,6.25,mM
53,"1,8-diaminooctan","2,6-Dimethyl-5-heptenal",=,1.56,mM
53,p-Phenylenediamine,"2,6-Dimethyl-5-heptenal",=,1.56,mM
53,"3,7-diazanonane-1,9-diamine","2,6-Dimethyl-5-heptenal",=,6.25,mM
53,"(3-aminopropyl)-1,2-ethylenediamine","2,6-Dimethyl-5-heptenal",=,12.5,mM
53,"1,6-Hexanediamine","2,6-Dimethyl-5-heptenal",=,6.25,mM
53,"1,3-bis(aminomethyl)cyclohexane","2,6-Dimethyl-5-heptenal",=,12.5,mM
53,1.9-diaminononane,"2,6-Dimethyl-5-heptenal",=,1.56,mM
53,"2,2',2''-triaminotriethylamine","2,6-Dimethyl-5-heptenal",=,3.12,mM
53,Spermidine,"2,6-Dimethyl-5-heptenal",=,6.25,mM
53,"1,5-diamino-3-azapentane","2,6-Dimethyl-5-heptenal",=,6.25,mM
53,Bis(3-aminopropyl)amine,"2,6-Dimethyl-5-heptenal",=,3.12,mM
53,"3,3'-Diamino-N-methyldipropylamine","2,6-Dimethyl-5-heptenal",=,12.5,mM
53,Spermine,"2,6-Dimethyl-5-heptenal",=,6.25,mM
53,"1,11-diamino-3,6,9-trioxaundecane",4-Nitrobenzaldehyde,=,1.56,mM
53,"1,6-Hexanediamine",4-Nitrobenzaldehyde,=,3.12,mM
53,"1,5-diamino-3-azapentane",4-Nitrobenzaldehyde,=,3.12,mM
53,"1,6-Hexanediamine",Hexanal,=,0.048,mM
53,"1,5-diamino-3-azapentane",Hexanal,=,0.78,mM
53,"1,11-diamino-3,6,9-trioxaundecane",Vanillin,=,12.5,mM
53,"1,6-Hexanediamine",Vanillin,=,6.25,mM
53,"1,11-diamino-3,6,9-trioxaundecane",Octyl aldehyde,=,0.024,mM
53,"1,6-Hexanediamine",Octyl aldehyde,=,0.098,mM
53,"1,6-Hexanediamine",Nonyl aldehyde,=,0.19,mM
53,"N-bis-(2-amino-ethyl)-ethane-1,2-diamine",Trans-2-pentenal,=,6.25,mM
53,"2,2-bis(2-aminoethoxy)propane",Trans-2-pentenal,=,1.56,mM
53,(Z)-[bis(2-aminoethyl)amino]-hydroxyimino-oxidoazanium,Trans-2-pentenal,=,0.39,mM
53,"2,2'-diaminodiethyl ether",Trans-2-pentenal,=,3.12,mM
53,"1,11-diamino-3,6,9-trioxaundecane",Trans-2-pentenal,=,3.12,mM
53,"1,5-diaminopentane",Trans-2-pentenal,=,1.56,mM
53,"1,4-diaminobutane",Trans-2-pentenal,=,0.19,mM
53,"1,8-diaminooctan",Trans-2-pentenal,=,0.39,mM
53,p-Phenylenediamine,Trans-2-pentenal,>,12.5,mM
53,"3,7-diazanonane-1,9-diamine",Trans-2-pentenal,=,6.25,mM
53,"(3-aminopropyl)-1,2-ethylenediamine",Trans-2-pentenal,=,6.25,mM
53,"1,3-bis(aminomethyl)cyclohexane",Trans-2-pentenal,=,1.56,mM
53,1.9-diaminononane,Trans-2-pentenal,=,0.098,mM
53,"2,2'-(ethylenedioxy)bis(ethylamine)",Trans-2-pentenal,=,3.12,mM
53,"N'-(2-aminoethyl)-N'-methylethane-1,2-diamine",Trans-2-pentenal,=,0.78,mM
53,Bis(3-aminopropyl)amine,Trans-2-pentenal,=,0.39,mM
53,"3,3'-Diamino-N-methyldipropylamine",Trans-2-pentenal,=,3.12,mM
53,"1,11-diamino-3,6,9-trioxaundecane",citronellal,=,0.0061,mM
53,"1,6-Hexanediamine",citronellal,=,0.048,mM
53,"1,5-diamino-3-azapentane",citronellal,=,1.56,mM
53,"1,11-diamino-3,6,9-trioxaundecane",2-Pyridinecarboxaldehyde,=,3.12,mM
53,"1,5-diamino-3-azapentane",2-Pyridinecarboxaldehyde,=,12.5,mM
53,"1,11-diamino-3,6,9-trioxaundecane",(E)-hept-2-enal,=,0.049,mM
53,"1,6-Hexanediamine",(E)-hept-2-enal,=,0.048,mM
53,"1,11-diamino-3,6,9-trioxaundecane","(2E,4E)-deca-2,4-dienal",=,0.049,mM
53,"1,6-Hexanediamine","(2E,4E)-deca-2,4-dienal",=,0.19,mM
53,"1,5-diamino-3-azapentane","(2E,4E)-deca-2,4-dienal",=,0.75,mM
53,"1,11-diamino-3,6,9-trioxaundecane",Cinnamaldehyde,=,0.19,mM
53,"1,6-Hexanediamine",Cinnamaldehyde,=,0.39,mM
53,"1,5-diamino-3-azapentane",Cinnamaldehyde,=,3,mM
53,"1,11-diamino-3,6,9-trioxaundecane",p-Bromo benzaldehyde,=,6.25,mM
53,"1,6-Hexanediamine",p-Bromo benzaldehyde,=,6.25,mM
53,"1,5-diamino-3-azapentane",p-Bromo benzaldehyde,=,3.12,mM
53,"1,6-Hexanediamine",(E)-non-2-enal,=,0.098,mM
53,"1,5-diamino-3-azapentane",(E)-non-2-enal,=,0.38,mM
53,"1,11-diamino-3,6,9-trioxaundecane","(2E)-nona-2,6-dienal",=,0.098,mM
53,"1,6-Hexanediamine","(2E)-nona-2,6-dienal",=,0.19,mM
53,"1,5-diamino-3-azapentane","(2E)-nona-2,6-dienal",=,0.19,mM
53,"1,11-diamino-3,6,9-trioxaundecane",Citral,=,0.098,mM
53,"1,6-Hexanediamine",Citral,=,0.19,mM
53,"1,5-diamino-3-azapentane",Citral,=,0.19,mM
53,"1,11-diamino-3,6,9-trioxaundecane",(E)-hex-2-enal,=,0.19,mM
53,"1,6-Hexanediamine",(E)-hex-2-enal,=,0.39,mM
53,"1,5-diamino-3-azapentane",(E)-hex-2-enal,=,3,mM
53,"1,11-diamino-3,6,9-trioxaundecane",Formaldehyde,=,3.12,mM
53,"1,5-diamino-3-azapentane",Formaldehyde,=,12.5,mM
54,"2,2-bis(2-aminoethoxy)propane",(E)-2-Octenal,=,0.098,mM
54,(Z)-[bis(2-aminoethyl)amino]-hydroxyimino-oxidoazanium,(E)-2-Octenal,=,0.098,mM
54,"1,7-Diaminoheptane",(E)-2-Octenal,=,0.049,mM
54,"1,11-diamino-3,6,9-trioxaundecane",(E)-2-Octenal,=,0.098,mM
54,"1,5-diaminopentane",(E)-2-Octenal,=,0.098,mM
54,"1,4-diaminobutane",(E)-2-Octenal,=,0.098,mM
54,"1,8-diaminooctan",(E)-2-Octenal,=,0.098,mM
54,p-Phenylenediamine,(E)-2-Octenal,>,12.5,mM
54,Polyethylenimine linear,(E)-2-Octenal,=,0.38,mM
54,"3,7-diazanonane-1,9-diamine",(E)-2-Octenal,=,0.196,mM
54,"(3-aminopropyl)-1,2-ethylenediamine",(E)-2-Octenal,=,0.39,mM
54,"1,6-Hexanediamine",(E)-2-Octenal,=,0.098,mM
54,"1,3-bis(aminomethyl)cyclohexane",(E)-2-Octenal,=,0.39,mM
54,1.9-diaminononane,(E)-2-Octenal,=,0.098,mM
54,"2,2'-(ethylenedioxy)bis(ethylamine)",(E)-2-Octenal,=,0.049,mM
54,"3,3'-Diamino-N-methyldipropylamine",(E)-2-Octenal,=,0.098,mM
54,Spermine,(E)-2-Octenal,=,0.75,mM
54,"1,11-diamino-3,6,9-trioxaundecane",1H-Imidazole-2-carboxaldehyde,=,0.39,mM
54,"1,6-Hexanediamine",1H-Imidazole-2-carboxaldehyde,=,3.12,mM
54,"1,5-diamino-3-azapentane",1H-Imidazole-2-carboxaldehyde,=,0.78,mM
54,"1,11-diamino-3,6,9-trioxaundecane",4-Ethynylbenzaldehyde,=,3.12,mM
54,"1,5-diamino-3-azapentane",4-Ethynylbenzaldehyde,>,12.5,mM
54,"1,11-diamino-3,6,9-trioxaundecane","3,4-Dihydroxybenzaldehyde",=,6.25,mM
54,"1,6-Hexanediamine","3,4-Dihydroxybenzaldehyde",=,6.25,mM
54,"1,11-diamino-3,6,9-trioxaundecane",(E)-Dec-2-enal,=,0.024,mM
54,"1,6-Hexanediamine",(E)-Dec-2-enal,=,0.098,mM
54,"2,2-bis(2-aminoethoxy)propane","2,6-Dimethyl-5-heptenal",>,12.5,mM
54,cystamine dihydrochloride,"2,6-Dimethyl-5-heptenal",=,6.25,mM
54,"1,7-Diaminoheptane","2,6-Dimethyl-5-heptenal",=,3.12,mM
54,"1,11-diamino-3,6,9-trioxaundecane","2,6-Dimethyl-5-heptenal",=,12.5,mM
54,"1,5-diaminopentane","2,6-Dimethyl-5-heptenal",=,6.25,mM
54,"1,4-diaminobutane","2,6-Dimethyl-5-heptenal",=,3.12,mM
54,"2,5-Bis(aminomethyl)furan","2,6-Dimethyl-5-heptenal",=,6.25,mM
54,"1,8-diaminooctan","2,6-Dimethyl-5-heptenal",=,1.56,mM
54,p-Phenylenediamine,"2,6-Dimethyl-5-heptenal",=,1.56,mM
54,"(3-aminopropyl)-1,2-ethylenediamine","2,6-Dimethyl-5-heptenal",=,12.5,mM
54,"1,6-Hexanediamine","2,6-Dimethyl-5-heptenal",=,6.25,mM
54,"1,3-bis(aminomethyl)cyclohexane","2,6-Dimethyl-5-heptenal",=,12.5,mM
54,1.9-diaminononane,"2,6-Dimethyl-5-heptenal",=,1.56,mM
54,"2,2'-(ethylenedioxy)bis(ethylamine)","2,6-Dimethyl-5-heptenal",=,3.12,mM
54,"2,2',2''-triaminotriethylamine","2,6-Dimethyl-5-heptenal",=,3.12,mM
54,"N'-(2-aminoethyl)-N'-methylethane-1,2-diamine","2,6-Dimethyl-5-heptenal",>,12.5,mM
54,Spermidine,"2,6-Dimethyl-5-heptenal",=,6.25,mM
54,"1,5-diamino-3-azapentane","2,6-Dimethyl-5-heptenal",=,6.25,mM
54,Bis(3-aminopropyl)amine,"2,6-Dimethyl-5-heptenal",=,3.12,mM
54,"3,3'-Diamino-N-methyldipropylamine","2,6-Dimethyl-5-heptenal",=,12.5,mM
54,Spermine,"2,6-Dimethyl-5-heptenal",=,6.25,mM
54,"1,11-diamino-3,6,9-trioxaundecane",4-Nitrobenzaldehyde,=,1.56,mM
54,"1,6-Hexanediamine",4-Nitrobenzaldehyde,=,3.12,mM
54,"1,5-diamino-3-azapentane",4-Nitrobenzaldehyde,=,3.12,mM
54,"1,11-diamino-3,6,9-trioxaundecane",Hexanal,=,0.39,mM
54,"1,6-Hexanediamine",Hexanal,=,0.048,mM
54,"1,5-diamino-3-azapentane",Hexanal,=,0.78,mM
54,"1,6-Hexanediamine",Vanillin,=,6.25,mM
54,"1,5-diamino-3-azapentane",Vanillin,=,1.5,mM
54,"1,11-diamino-3,6,9-trioxaundecane",Octyl aldehyde,=,0.024,mM
54,"1,6-Hexanediamine",Octyl aldehyde,=,0.098,mM
54,"1,5-diamino-3-azapentane",Octyl aldehyde,=,0.39,mM
54,"2,2-bis(2-aminoethoxy)propane",Trans-2-pentenal,=,1.56,mM
54,(Z)-[bis(2-aminoethyl)amino]-hydroxyimino-oxidoazanium,Trans-2-pentenal,=,0.39,mM
54,"1,7-Diaminoheptane",Trans-2-pentenal,=,0.39,mM
54,"2,2'-diaminodiethyl ether",Trans-2-pentenal,=,3.12,mM
54,"1,11-diamino-3,6,9-trioxaundecane",Trans-2-pentenal,=,3.12,mM
54,"1,5-diaminopentane",Trans-2-pentenal,=,1.56,mM
54,"1,4-diaminobutane",Trans-2-pentenal,=,0.19,mM
54,"1,8-diaminooctan",Trans-2-pentenal,=,0.39,mM
54,"(3-aminopropyl)-1,2-ethylenediamine",Trans-2-pentenal,=,6.25,mM
54,"1,3-bis(aminomethyl)cyclohexane",Trans-2-pentenal,=,1.56,mM
54,"2,2'-(ethylenedioxy)bis(ethylamine)",Trans-2-pentenal,=,3.12,mM
54,"N'-(2-aminoethyl)-N'-methylethane-1,2-diamine",Trans-2-pentenal,=,0.78,mM
54,"1,5-diamino-3-azapentane",Trans-2-pentenal,=,6.25,mM
54,"3,3'-Diamino-N-methyldipropylamine",Trans-2-pentenal,=,3.12,mM
54,"1,11-diamino-3,6,9-trioxaundecane",citronellal,=,0.0061,mM
54,"1,6-Hexanediamine",citronellal,=,0.048,mM
54,"1,5-diamino-3-azapentane",citronellal,=,1.56,mM
54,"1,11-diamino-3,6,9-trioxaundecane",2-Pyridinecarboxaldehyde,=,3.12,mM
54,"1,6-Hexanediamine",2-Pyridinecarboxaldehyde,=,3.12,mM
54,"1,5-diamino-3-azapentane",2-Pyridinecarboxaldehyde,=,12.5,mM
54,"1,11-diamino-3,6,9-trioxaundecane",(E)-hept-2-enal,=,0.049,mM
54,"1,6-Hexanediamine",(E)-hept-2-enal,=,0.048,mM
54,"1,5-diamino-3-azapentane",(E)-hept-2-enal,=,1.5,mM
54,"1,6-Hexanediamine","(2E,4E)-deca-2,4-dienal",=,0.19,mM
54,"1,5-diamino-3-azapentane","(2E,4E)-deca-2,4-dienal",=,0.75,mM
54,"1,11-diamino-3,6,9-trioxaundecane",Cinnamaldehyde,=,0.19,mM
54,"1,6-Hexanediamine",Cinnamaldehyde,=,0.39,mM
54,"1,5-diamino-3-azapentane",Cinnamaldehyde,=,3,mM
54,"1,5-diamino-3-azapentane",p-Bromo benzaldehyde,=,3.12,mM
54,"1,11-diamino-3,6,9-trioxaundecane",(E)-non-2-enal,=,0.048,mM
54,"1,6-Hexanediamine",(E)-non-2-enal,=,0.098,mM
54,"1,5-diamino-3-azapentane",(E)-non-2-enal,=,0.38,mM
54,"1,11-diamino-3,6,9-trioxaundecane","(2E)-nona-2,6-dienal",=,0.098,mM
54,"1,6-Hexanediamine","(2E)-nona-2,6-dienal",=,0.19,mM
54,"1,5-diamino-3-azapentane","(2E)-nona-2,6-dienal",=,0.19,mM
54,"1,11-diamino-3,6,9-trioxaundecane",Citral,=,0.098,mM
54,"1,6-Hexanediamine",Citral,=,0.19,mM
54,"1,5-diamino-3-azapentane",Citral,=,0.19,mM
54,"1,6-Hexanediamine",(E)-hex-2-enal,=,0.39,mM
54,"1,5-diamino-3-azapentane",(E)-hex-2-enal,=,3,mM
54,"1,11-diamino-3,6,9-trioxaundecane",Formaldehyde,=,3.12,mM
54,"1,5-diamino-3-azapentane",Formaldehyde,=,12.5,mM
55,"N-bis-(2-amino-ethyl)-ethane-1,2-diamine",(E)-2-Octenal,=,0.196,mM
55,"2,2-bis(2-aminoethoxy)propane",(E)-2-Octenal,=,0.098,mM
55,(Z)-[bis(2-aminoethyl)amino]-hydroxyimino-oxidoazanium,(E)-2-Octenal,=,0.098,mM
55,"1,7-Diaminoheptane",(E)-2-Octenal,=,0.049,mM
55,"2,2'-diaminodiethyl ether",(E)-2-Octenal,=,0.098,mM
55,"1,11-diamino-3,6,9-trioxaundecane",(E)-2-Octenal,=,0.098,mM
55,"1,5-diaminopentane",(E)-2-Octenal,=,0.098,mM
55,"1,4-diaminobutane",(E)-2-Octenal,=,0.098,mM
55,"1,8-diaminooctan",(E)-2-Octenal,=,0.098,mM
55,p-Phenylenediamine,(E)-2-Octenal,>,12.5,mM
55,"3,7-diazanonane-1,9-diamine",(E)-2-Octenal,=,0.196,mM
55,"(3-aminopropyl)-1,2-ethylenediamine",(E)-2-Octenal,=,0.39,mM
55,"1,6-Hexanediamine",(E)-2-Octenal,=,0.098,mM
55,"1,3-bis(aminomethyl)cyclohexane",(E)-2-Octenal,=,0.39,mM
55,1.9-diaminononane,(E)-2-Octenal,=,0.098,mM
55,"2,2'-(ethylenedioxy)bis(ethylamine)",(E)-2-Octenal,=,0.049,mM
55,"2,2',2''-triaminotriethylamine",(E)-2-Octenal,=,0.098,mM
55,"1,5-diamino-3-azapentane",(E)-2-Octenal,=,0.38,mM
55,Bis(3-aminopropyl)amine,(E)-2-Octenal,=,0.75,mM
55,"3,3'-Diamino-N-methyldipropylamine",(E)-2-Octenal,=,0.098,mM
55,Spermine,(E)-2-Octenal,=,0.75,mM
55,"1,11-diamino-3,6,9-trioxaundecane",1H-Imidazole-2-carboxaldehyde,=,0.39,mM
55,"1,6-Hexanediamine",1H-Imidazole-2-carboxaldehyde,=,3.12,mM
55,"1,11-diamino-3,6,9-trioxaundecane",4-Ethynylbenzaldehyde,=,3.12,mM
55,"1,5-diamino-3-azapentane",4-Ethynylbenzaldehyde,>,12.5,mM
55,"1,11-diamino-3,6,9-trioxaundecane","3,4-Dihydroxybenzaldehyde",=,6.25,mM
55,"1,11-diamino-3,6,9-trioxaundecane",(E)-Dec-2-enal,=,0.024,mM
55,"1,5-diamino-3-azapentane",(E)-Dec-2-enal,=,1.5,mM
55,"N-bis-(2-amino-ethyl)-ethane-1,2-diamine","2,6-Dimethyl-5-heptenal",=,3.12,mM
55,"2,2-bis(2-aminoethoxy)propane","2,6-Dimethyl-5-heptenal",>,12.5,mM
55,cystamine dihydrochloride,"2,6-Dimethyl-5-heptenal",=,6.25,mM
55,"1,7-Diaminoheptane","2,6-Dimethyl-5-heptenal",=,3.12,mM
55,"2,2'-diaminodiethyl ether","2,6-Dimethyl-5-heptenal",>,12.5,mM
55,"1,11-diamino-3,6,9-trioxaundecane","2,6-Dimethyl-5-heptenal",=,12.5,mM
55,"1,5-diaminopentane","2,6-Dimethyl-5-heptenal",=,6.25,mM
55,"1,4-diaminobutane","2,6-Dimethyl-5-heptenal",=,3.12,mM
55,"2,5-Bis(aminomethyl)furan","2,6-Dimethyl-5-heptenal",=,6.25,mM
55,"1,8-diaminooctan","2,6-Dimethyl-5-heptenal",=,1.56,mM
55,p-Phenylenediamine,"2,6-Dimethyl-5-heptenal",=,1.56,mM
55,"3,7-diazanonane-1,9-diamine","2,6-Dimethyl-5-heptenal",=,6.25,mM
55,"(3-aminopropyl)-1,2-ethylenediamine","2,6-Dimethyl-5-heptenal",=,12.5,mM
55,"1,3-bis(aminomethyl)cyclohexane","2,6-Dimethyl-5-heptenal",=,12.5,mM
55,1.9-diaminononane,"2,6-Dimethyl-5-heptenal",=,1.56,mM
55,"2,2'-(ethylenedioxy)bis(ethylamine)","2,6-Dimethyl-5-heptenal",=,3.12,mM
55,"2,2',2''-triaminotriethylamine","2,6-Dimethyl-5-heptenal",=,3.12,mM
55,"N'-(2-aminoethyl)-N'-methylethane-1,2-diamine","2,6-Dimethyl-5-heptenal",>,12.5,mM
55,Spermidine,"2,6-Dimethyl-5-heptenal",=,6.25,mM
55,"1,5-diamino-3-azapentane","2,6-Dimethyl-5-heptenal",=,6.25,mM
55,"3,3'-Diamino-N-methyldipropylamine","2,6-Dimethyl-5-heptenal",=,12.5,mM
55,Spermine,"2,6-Dimethyl-5-heptenal",=,6.25,mM
55,"1,11-diamino-3,6,9-trioxaundecane",4-Nitrobenzaldehyde,=,1.56,mM
55,"1,5-diamino-3-azapentane",4-Nitrobenzaldehyde,=,3.12,mM
55,"1,11-diamino-3,6,9-trioxaundecane",Hexanal,=,0.39,mM
55,"1,6-Hexanediamine",Hexanal,=,0.048,mM
55,"1,5-diamino-3-azapentane",Hexanal,=,0.78,mM
55,"1,11-diamino-3,6,9-trioxaundecane",Vanillin,=,12.5,mM
55,"1,6-Hexanediamine",Vanillin,=,6.25,mM
55,"1,5-diamino-3-azapentane",Vanillin,=,1.5,mM
55,"1,6-Hexanediamine",Octyl aldehyde,=,0.098,mM
55,"1,5-diamino-3-azapentane",Octyl aldehyde,=,0.39,mM
55,"1,6-Hexanediamine",Nonyl aldehyde,=,0.19,mM
55,"1,5-diamino-3-azapentane",Nonyl aldehyde,=,0.098,mM
55,"N-bis-(2-amino-ethyl)-ethane-1,2-diamine",Trans-2-pentenal,=,6.25,mM
55,"2,2-bis(2-aminoethoxy)propane",Trans-2-pentenal,=,1.56,mM
55,(Z)-[bis(2-aminoethyl)amino]-hydroxyimino-oxidoazanium,Trans-2-pentenal,=,0.39,mM
55,"2,2'-diaminodiethyl ether",Trans-2-pentenal,=,3.12,mM
55,"1,11-diamino-3,6,9-trioxaundecane",Trans-2-pentenal,=,3.12,mM
55,"1,5-diaminopentane",Trans-2-pentenal,=,1.56,mM
55,"1,4-diaminobutane",Trans-2-pentenal,=,0.19,mM
55,"1,8-diaminooctan",Trans-2-pentenal,=,0.39,mM
55,"3,7-diazanonane-1,9-diamine",Trans-2-pentenal,=,6.25,mM
55,"(3-aminopropyl)-1,2-ethylenediamine",Trans-2-pentenal,=,6.25,mM
55,"1,6-Hexanediamine",Trans-2-pentenal,=,0.19,mM
55,"1,3-bis(aminomethyl)cyclohexane",Trans-2-pentenal,=,1.56,mM
55,1.9-diaminononane,Trans-2-pentenal,=,0.098,mM
55,"2,2'-(ethylenedioxy)bis(ethylamine)",Trans-2-pentenal,=,3.12,mM
55,"1,5-diamino-3-azapentane",Trans-2-pentenal,=,6.25,mM
55,"1,11-diamino-3,6,9-trioxaundecane",citronellal,=,0.0061,mM
55,"1,6-Hexanediamine",citronellal,=,0.048,mM
55,"1,5-diamino-3-azapentane",citronellal,=,1.56,mM
55,"1,11-diamino-3,6,9-trioxaundecane",2-Pyridinecarboxaldehyde,=,3.12,mM
55,"1,6-Hexanediamine",2-Pyridinecarboxaldehyde,=,3.12,mM
55,"1,5-diamino-3-azapentane",2-Pyridinecarboxaldehyde,=,12.5,mM
55,"1,11-diamino-3,6,9-trioxaundecane",(E)-hept-2-enal,=,0.049,mM
55,"1,6-Hexanediamine",(E)-hept-2-enal,=,0.048,mM
55,"1,5-diamino-3-azapentane",(E)-hept-2-enal,=,1.5,mM
55,"1,11-diamino-3,6,9-trioxaundecane","(2E,4E)-deca-2,4-dienal",=,0.049,mM
55,"1,5-diamino-3-azapentane","(2E,4E)-deca-2,4-dienal",=,0.75,mM
55,"1,11-diamino-3,6,9-trioxaundecane",p-Bromo benzaldehyde,=,6.25,mM
55,"1,6-Hexanediamine",p-Bromo benzaldehyde,=,6.25,mM
55,"1,5-diamino-3-azapentane",p-Bromo benzaldehyde,=,3.12,mM
55,"1,11-diamino-3,6,9-trioxaundecane",(E)-non-2-enal,=,0.048,mM
55,"1,5-diamino-3-azapentane",(E)-non-2-enal,=,0.38,mM
55,"1,11-diamino-3,6,9-trioxaundecane",Citral,=,0.098,mM
55,"1,6-Hexanediamine",Citral,=,0.19,mM
55,"1,5-diamino-3-azapentane",Citral,=,0.19,mM
55,"1,11-diamino-3,6,9-trioxaundecane",(E)-hex-2-enal,=,0.19,mM
55,"1,6-Hexanediamine",(E)-hex-2-enal,=,0.39,mM
55,"1,5-diamino-3-azapentane",(E)-hex-2-enal,=,3,mM
55,"1,11-diamino-3,6,9-trioxaundecane",Formaldehyde,=,3.12,mM
56,"N-bis-(2-amino-ethyl)-ethane-1,2-diamine",(E)-2-Octenal,=,0.196,mM
56,(Z)-[bis(2-aminoethyl)amino]-hydroxyimino-oxidoazanium,(E)-2-Octenal,=,0.098,mM
56,"1,7-Diaminoheptane",(E)-2-Octenal,=,0.049,mM
56,"2,2'-diaminodiethyl ether",(E)-2-Octenal,=,0.098,mM
56,"1,5-diaminopentane",(E)-2-Octenal,=,0.098,mM
56,"1,4-diaminobutane",(E)-2-Octenal,=,0.098,mM
56,p-Phenylenediamine,(E)-2-Octenal,>,12.5,mM
56,Polyethylenimine linear,(E)-2-Octenal,=,0.38,mM
56,"3,7-diazanonane-1,9-diamine",(E)-2-Octenal,=,0.196,mM
56,"1,6-Hexanediamine",(E)-2-Octenal,=,0.098,mM
56,"1,3-bis(aminomethyl)cyclohexane",(E)-2-Octenal,=,0.39,mM
56,1.9-diaminononane,(E)-2-Octenal,=,0.098,mM
56,"2,2',2''-triaminotriethylamine",(E)-2-Octenal,=,0.098,mM
56,"N'-(2-aminoethyl)-N'-methylethane-1,2-diamine",(E)-2-Octenal,=,0.049,mM
56,"1,5-diamino-3-azapentane",(E)-2-Octenal,=,0.38,mM
56,Bis(3-aminopropyl)amine,(E)-2-Octenal,=,0.75,mM
56,"3,3'-Diamino-N-methyldipropylamine",(E)-2-Octenal,=,0.098,mM
56,Spermine,(E)-2-Octenal,=,0.75,mM
56,"1,11-diamino-3,6,9-trioxaundecane",1H-Imidazole-2-carboxaldehyde,=,0.39,mM
56,"1,5-diamino-3-azapentane",1H-Imidazole-2-carboxaldehyde,=,0.78,mM
56,"1,11-diamino-3,6,9-trioxaundecane",4-Ethynylbenzaldehyde,=,3.12,mM
56,"1,5-diamino-3-azapentane",4-Ethynylbenzaldehyde,>,12.5,mM
56,"1,11-diamino-3,6,9-trioxaundecane","3,4-Dihydroxybenzaldehyde",=,6.25,mM
56,"1,6-Hexanediamine","3,4-Dihydroxybenzaldehyde",=,6.25,mM
56,"1,11-diamino-3,6,9-trioxaundecane",(E)-Dec-2-enal,=,0.024,mM
56,"1,6-Hexanediamine",(E)-Dec-2-enal,=,0.098,mM
56,"2,2-bis(2-aminoethoxy)propane","2,6-Dimethyl-5-heptenal",>,12.5,mM
56,(Z)-[bis(2-aminoethyl)amino]-hydroxyimino-oxidoazanium,"2,6-Dimethyl-5-heptenal",=,6.25,mM
56,cystamine dihydrochloride,"2,6-Dimethyl-5-heptenal",=,6.25,mM
56,"1,7-Diaminoheptane","2,6-Dimethyl-5-heptenal",=,3.12,mM
56,"1,11-diamino-3,6,9-trioxaundecane","2,6-Dimethyl-5-heptenal",=,12.5,mM
56,"1,5-diaminopentane","2,6-Dimethyl-5-heptenal",=,6.25,mM
56,"1,4-diaminobutane","2,6-Dimethyl-5-heptenal",=,3.12,mM
56,"2,5-Bis(aminomethyl)furan","2,6-Dimethyl-5-heptenal",=,6.25,mM
56,"1,8-diaminooctan","2,6-Dimethyl-5-heptenal",=,1.56,mM
56,p-Phenylenediamine,"2,6-Dimethyl-5-heptenal",=,1.56,mM
56,"3,7-diazanonane-1,9-diamine","2,6-Dimethyl-5-heptenal",=,6.25,mM
56,"(3-aminopropyl)-1,2-ethylenediamine","2,6-Dimethyl-5-heptenal",=,12.5,mM
56,"1,6-Hexanediamine","2,6-Dimethyl-5-heptenal",=,6.25,mM
56,"1,3-di(aminomethyl)benzene","2,6-Dimethyl-5-heptenal",=,12.5,mM
56,1.9-diaminononane,"2,6-Dimethyl-5-heptenal",=,1.56,mM
56,"N'-(2-aminoethyl)-N'-methylethane-1,2-diamine","2,6-Dimethyl-5-heptenal",>,12.5,mM
56,Spermidine,"2,6-Dimethyl-5-heptenal",=,6.25,mM
56,"1,5-diamino-3-azapentane","2,6-Dimethyl-5-heptenal",=,6.25,mM
56,Bis(3-aminopropyl)amine,"2,6-Dimethyl-5-heptenal",=,3.12,mM
56,"3,3'-Diamino-N-methyldipropylamine","2,6-Dimethyl-5-heptenal",=,12.5,mM
56,Spermine,"2,6-Dimethyl-5-heptenal",=,6.25,mM
56,"1,11-diamino-3,6,9-trioxaundecane",4-Nitrobenzaldehyde,=,1.56,mM
56,"1,6-Hexanediamine",4-Nitrobenzaldehyde,=,3.12,mM
56,"1,5-diamino-3-azapentane",4-Nitrobenzaldehyde,=,3.12,mM
56,"1,11-diamino-3,6,9-trioxaundecane",Hexanal,=,0.39,mM
56,"1,6-Hexanediamine",Hexanal,=,0.048,mM
56,"1,5-diamino-3-azapentane",Hexanal,=,0.78,mM
56,"1,11-diamino-3,6,9-trioxaundecane",Vanillin,=,12.5,mM
56,"1,6-Hexanediamine",Vanillin,=,6.25,mM
56,"1,5-diamino-3-azapentane",Vanillin,=,1.5,mM
56,"1,11-diamino-3,6,9-trioxaundecane",Octyl aldehyde,=,0.024,mM
56,"1,6-Hexanediamine",Octyl aldehyde,=,0.098,mM
56,"1,5-diamino-3-azapentane",Octyl aldehyde,=,0.39,mM
56,"1,5-diamino-3-azapentane",Nonyl aldehyde,=,0.098,mM
56,"N-bis-(2-amino-ethyl)-ethane-1,2-diamine",Trans-2-pentenal,=,6.25,mM
56,"2,2-bis(2-aminoethoxy)propane",Trans-2-pentenal,=,1.56,mM
56,(Z)-[bis(2-aminoethyl)amino]-hydroxyimino-oxidoazanium,Trans-2-pentenal,=,0.39,mM
56,"1,7-Diaminoheptane",Trans-2-pentenal,=,0.39,mM
56,"2,2'-diaminodiethyl ether",Trans-2-pentenal,=,3.12,mM
56,"1,11-diamino-3,6,9-trioxaundecane",Trans-2-pentenal,=,3.12,mM
56,"1,5-diaminopentane",Trans-2-pentenal,=,1.56,mM
56,"1,4-diaminobutane",Trans-2-pentenal,=,0.19,mM
56,"1,8-diaminooctan",Trans-2-pentenal,=,0.39,mM
56,p-Phenylenediamine,Trans-2-pentenal,>,12.5,mM
56,"3,7-diazanonane-1,9-diamine",Trans-2-pentenal,=,6.25,mM
56,"1,6-Hexanediamine",Trans-2-pentenal,=,0.19,mM
56,"1,3-bis(aminomethyl)cyclohexane",Trans-2-pentenal,=,1.56,mM
56,"1,11-diamino-3,6,9-trioxaundecane",citronellal,=,0.0061,mM
56,"1,6-Hexanediamine",citronellal,=,0.048,mM
56,"1,5-diamino-3-azapentane",citronellal,=,1.56,mM
56,"1,11-diamino-3,6,9-trioxaundecane",2-Pyridinecarboxaldehyde,=,3.12,mM
56,"1,6-Hexanediamine",2-Pyridinecarboxaldehyde,=,3.12,mM
56,"1,5-diamino-3-azapentane",2-Pyridinecarboxaldehyde,=,12.5,mM
56,"1,11-diamino-3,6,9-trioxaundecane",(E)-hept-2-enal,=,0.049,mM
56,"1,6-Hexanediamine",(E)-hept-2-enal,=,0.048,mM
56,"1,11-diamino-3,6,9-trioxaundecane","(2E,4E)-deca-2,4-dienal",=,0.049,mM
56,"1,5-diamino-3-azapentane","(2E,4E)-deca-2,4-dienal",=,0.75,mM
56,"1,11-diamino-3,6,9-trioxaundecane",Cinnamaldehyde,=,0.19,mM
56,"1,6-Hexanediamine",Cinnamaldehyde,=,0.39,mM
56,"1,5-diamino-3-azapentane",Cinnamaldehyde,=,3,mM
56,"1,11-diamino-3,6,9-trioxaundecane",p-Bromo benzaldehyde,=,6.25,mM
56,"1,6-Hexanediamine",p-Bromo benzaldehyde,=,6.25,mM
56,"1,5-diamino-3-azapentane",p-Bromo benzaldehyde,=,3.12,mM
56,"1,11-diamino-3,6,9-trioxaundecane",(E)-non-2-enal,=,0.048,mM
56,"1,5-diamino-3-azapentane",(E)-non-2-enal,=,0.38,mM
56,"1,11-diamino-3,6,9-trioxaundecane","(2E)-nona-2,6-dienal",=,0.098,mM
56,"1,6-Hexanediamine","(2E)-nona-2,6-dienal",=,0.19,mM
56,"1,5-diamino-3-azapentane","(2E)-nona-2,6-dienal",=,0.19,mM
56,"1,6-Hexanediamine",Citral,=,0.19,mM
56,"1,5-diamino-3-azapentane",Citral,=,0.19,mM
56,"1,11-diamino-3,6,9-trioxaundecane",(E)-hex-2-enal,=,0.19,mM
56,"1,6-Hexanediamine",(E)-hex-2-enal,=,0.39,mM
56,"1,5-diamino-3-azapentane",(E)-hex-2-enal,=,3,mM
56,"1,11-diamino-3,6,9-trioxaundecane",Formaldehyde,=,3.12,mM
57,"N-bis-(2-amino-ethyl)-ethane-1,2-diamine",(E)-2-Octenal,=,0.196,mM
57,"2,2-bis(2-aminoethoxy)propane",(E)-2-Octenal,=,0.098,mM
57,"1,7-Diaminoheptane",(E)-2-Octenal,=,0.049,mM
57,"2,2'-diaminodiethyl ether",(E)-2-Octenal,=,0.098,mM
57,"1,11-diamino-3,6,9-trioxaundecane",(E)-2-Octenal,=,0.098,mM
57,"1,5-diaminopentane",(E)-2-Octenal,=,0.098,mM
57,"1,4-diaminobutane",(E)-2-Octenal,=,0.098,mM
57,"1,8-diaminooctan",(E)-2-Octenal,=,0.098,mM
57,p-Phenylenediamine,(E)-2-Octenal,>,12.5,mM
57,Polyethylenimine linear,(E)-2-Octenal,=,0.38,mM
57,"3,7-diazanonane-1,9-diamine",(E)-2-Octenal,=,0.196,mM
57,"1,6-Hexanediamine",(E)-2-Octenal,=,0.098,mM
57,"1,3-bis(aminomethyl)cyclohexane",(E)-2-Octenal,=,0.39,mM
57,1.9-diaminononane,(E)-2-Octenal,=,0.098,mM
57,"2,2'-(ethylenedioxy)bis(ethylamine)",(E)-2-Octenal,=,0.049,mM
57,"2,2',2''-triaminotriethylamine",(E)-2-Octenal,=,0.098,mM
57,"N'-(2-aminoethyl)-N'-methylethane-1,2-diamine",(E)-2-Octenal,=,0.049,mM
57,Bis(3-aminopropyl)amine,(E)-2-Octenal,=,0.75,mM
57,"3,3'-Diamino-N-methyldipropylamine",(E)-2-Octenal,=,0.098,mM
57,"1,11-diamino-3,6,9-trioxaundecane",1H-Imidazole-2-carboxaldehyde,=,0.39,mM
57,"1,6-Hexanediamine",1H-Imidazole-2-carboxaldehyde,=,3.12,mM
57,"1,5-diamino-3-azapentane",1H-Imidazole-2-carboxaldehyde,=,0.78,mM
57,"1,11-diamino-3,6,9-trioxaundecane",4-Ethynylbenzaldehyde,=,3.12,mM
57,"1,5-diamino-3-azapentane",4-Ethynylbenzaldehyde,>,12.5,mM
57,"1,6-Hexanediamine","3,4-Dihydroxybenzaldehyde",=,6.25,mM
57,"1,6-Hexanediamine",(E)-Dec-2-enal,=,0.098,mM
57,"1,5-diamino-3-azapentane",(E)-Dec-2-enal,=,1.5,mM
57,"N-bis-(2-amino-ethyl)-ethane-1,2-diamine","2,6-Dimethyl-5-heptenal",=,3.12,mM
57,"2,2-bis(2-aminoethoxy)propane","2,6-Dimethyl-5-heptenal",>,12.5,mM
57,(Z)-[bis(2-aminoethyl)amino]-hydroxyimino-oxidoazanium,"2,6-Dimethyl-5-heptenal",=,6.25,mM
57,cystamine dihydrochloride,"2,6-Dimethyl-5-heptenal",=,6.25,mM
57,"1,7-Diaminoheptane","2,6-Dimethyl-5-heptenal",=,3.12,mM
57,"1,11-diamino-3,6,9-trioxaundecane","2,6-Dimethyl-5-heptenal",=,12.5,mM
57,"1,5-diaminopentane","2,6-Dimethyl-5-heptenal",=,6.25,mM
57,"1,4-diaminobutane","2,6-Dimethyl-5-heptenal",=,3.12,mM
57,"2,5-Bis(aminomethyl)furan","2,6-Dimethyl-5-heptenal",=,6.25,mM
57,"1,8-diaminooctan","2,6-Dimethyl-5-heptenal",=,1.56,mM
57,p-Phenylenediamine,"2,6-Dimethyl-5-heptenal",=,1.56,mM
57,"3,7-diazanonane-1,9-diamine","2,6-Dimethyl-5-heptenal",=,6.25,mM
57,"(3-aminopropyl)-1,2-ethylenediamine","2,6-Dimethyl-5-heptenal",=,12.5,mM
57,"1,6-Hexanediamine","2,6-Dimethyl-5-heptenal",=,6.25,mM
57,"1,3-bis(aminomethyl)cyclohexane","2,6-Dimethyl-5-heptenal",=,12.5,mM
57,1.9-diaminononane,"2,6-Dimethyl-5-heptenal",=,1.56,mM
57,"2,2'-(ethylenedioxy)bis(ethylamine)","2,6-Dimethyl-5-heptenal",=,3.12,mM
57,"2,2',2''-triaminotriethylamine","2,6-Dimethyl-5-heptenal",=,3.12,mM
57,Spermidine,"2,6-Dimethyl-5-heptenal",=,6.25,mM
57,"1,5-diamino-3-azapentane","2,6-Dimethyl-5-heptenal",=,6.25,mM
57,Bis(3-aminopropyl)amine,"2,6-Dimethyl-5-heptenal",=,3.12,mM
57,Spermine,"2,6-Dimethyl-5-heptenal",=,6.25,mM
57,"1,11-diamino-3,6,9-trioxaundecane",4-Nitrobenzaldehyde,=,1.56,mM
57,"1,5-diamino-3-azapentane",4-Nitrobenzaldehyde,=,3.12,mM
57,"1,11-diamino-3,6,9-trioxaundecane",Hexanal,=,0.39,mM
57,"1,6-Hexanediamine",Hexanal,=,0.048,mM
57,"1,5-diamino-3-azapentane",Hexanal,=,0.78,mM
57,"1,11-diamino-3,6,9-trioxaundecane",Vanillin,=,12.5,mM
57,"1,6-Hexanediamine",Vanillin,=,6.25,mM
57,"1,5-diamino-3-azapentane",Vanillin,=,1.5,mM
57,"1,6-Hexanediamine",Octyl aldehyde,=,0.098,mM
57,"1,5-diamino-3-azapentane",Octyl aldehyde,=,0.39,mM
57,"1,6-Hexanediamine",Nonyl aldehyde,=,0.19,mM
57,"1,5-diamino-3-azapentane",Nonyl aldehyde,=,0.098,mM
57,(Z)-[bis(2-aminoethyl)amino]-hydroxyimino-oxidoazanium,Trans-2-pentenal,=,0.39,mM
57,"1,7-Diaminoheptane",Trans-2-pentenal,=,0.39,mM
57,"1,11-diamino-3,6,9-trioxaundecane",Trans-2-pentenal,=,3.12,mM
57,"1,5-diaminopentane",Trans-2-pentenal,=,1.56,mM
57,"1,8-diaminooctan",Trans-2-pentenal,=,0.39,mM
57,"3,7-diazanonane-1,9-diamine",Trans-2-pentenal,=,6.25,mM
57,"(3-aminopropyl)-1,2-ethylenediamine",Trans-2-pentenal,=,6.25,mM
57,1.9-diaminononane,Trans-2-pentenal,=,0.098,mM
57,"2,2'-(ethylenedioxy)bis(ethylamine)",Trans-2-pentenal,=,3.12,mM
57,"3,3'-Diamino-N-methyldipropylamine",Trans-2-pentenal,=,3.12,mM
57,"1,11-diamino-3,6,9-trioxaundecane",citronellal,=,0.0061,mM
57,"1,6-Hexanediamine",citronellal,=,0.048,mM
57,"1,5-diamino-3-azapentane",citronellal,=,1.56,mM
57,"1,11-diamino-3,6,9-trioxaundecane",2-Pyridinecarboxaldehyde,=,3.12,mM
57,"1,6-Hexanediamine",2-Pyridinecarboxaldehyde,=,3.12,mM
57,"1,5-diamino-3-azapentane",2-Pyridinecarboxaldehyde,=,12.5,mM
57,"1,11-diamino-3,6,9-trioxaundecane",(E)-hept-2-enal,=,0.049,mM
57,"1,6-Hexanediamine",(E)-hept-2-enal,=,0.048,mM
57,"1,11-diamino-3,6,9-trioxaundecane","(2E,4E)-deca-2,4-dienal",=,0.049,mM
57,"1,6-Hexanediamine","(2E,4E)-deca-2,4-dienal",=,0.19,mM
57,"1,5-diamino-3-azapentane","(2E,4E)-deca-2,4-dienal",=,0.75,mM
57,"1,11-diamino-3,6,9-trioxaundecane",Cinnamaldehyde,=,0.19,mM
57,"1,6-Hexanediamine",Cinnamaldehyde,=,0.39,mM
57,"1,5-diamino-3-azapentane",Cinnamaldehyde,=,3,mM
57,"1,11-diamino-3,6,9-trioxaundecane",p-Bromo benzaldehyde,=,6.25,mM
57,"1,5-diamino-3-azapentane",p-Bromo benzaldehyde,=,3.12,mM
57,"1,11-diamino-3,6,9-trioxaundecane",(E)-non-2-enal,=,0.048,mM
57,"1,6-Hexanediamine",(E)-non-2-enal,=,0.098,mM
57,"1,5-diamino-3-azapentane",(E)-non-2-enal,=,0.38,mM
57,"1,11-diamino-3,6,9-trioxaundecane","(2E)-nona-2,6-dienal",=,0.098,mM
57,"1,6-Hexanediamine","(2E)-nona-2,6-dienal",=,0.19,mM
57,"1,5-diamino-3-azapentane","(2E)-nona-2,6-dienal",=,0.19,mM
57,"1,11-diamino-3,6,9-trioxaundecane",Citral,=,0.098,mM
57,"1,6-Hexanediamine",Citral,=,0.19,mM
57,"1,11-diamino-3,6,9-trioxaundecane",(E)-hex-2-enal,=,0.19,mM
57,"1,6-Hexanediamine",(E)-hex-2-enal,=,0.39,mM
57,"1,5-diamino-3-azapentane",(E)-hex-2-enal,=,3,mM
57,"1,11-diamino-3,6,9-trioxaundecane",Formaldehyde,=,3.12,mM
57,"1,5-diamino-3-azapentane",Formaldehyde,=,12.5,mM
58,"N-bis-(2-amino-ethyl)-ethane-1,2-diamine",(E)-2-Octenal,=,0.196,mM
58,"1,7-Diaminoheptane",(E)-2-Octenal,=,0.049,mM
58,"1,11-diamino-3,6,9-trioxaundecane",(E)-2-Octenal,=,0.098,mM
58,"1,4-diaminobutane",(E)-2-Octenal,=,0.098,mM
58,"1,8-diaminooctan",(E)-2-Octenal,=,0.098,mM
58,p-Phenylenediamine,(E)-2-Octenal,>,12.5,mM
58,Polyethylenimine linear,(E)-2-Octenal,=,0.38,mM
58,"3,7-diazanonane-1,9-diamine",(E)-2-Octenal,=,0.196,mM
58,"(3-aminopropyl)-1,2-ethylenediamine",(E)-2-Octenal,=,0.39,mM
58,"1,6-Hexanediamine",(E)-2-Octenal,=,0.098,mM
58,"1,3-bis(aminomethyl)cyclohexane",(E)-2-Octenal,=,0.39,mM
58,1.9-diaminononane,(E)-2-Octenal,=,0.098,mM
58,"2,2'-(ethylenedioxy)bis(ethylamine)",(E)-2-Octenal,=,0.049,mM
58,"N'-(2-aminoethyl)-N'-methylethane-1,2-diamine",(E)-2-Octenal,=,0.049,mM
58,"1,5-diamino-3-azapentane",(E)-2-Octenal,=,0.38,mM
58,"3,3'-Diamino-N-methyldipropylamine",(E)-2-Octenal,=,0.098,mM
58,"1,11-diamino-3,6,9-trioxaundecane",1H-Imidazole-2-carboxaldehyde,=,0.39,mM
58,"1,6-Hexanediamine",1H-Imidazole-2-carboxaldehyde,=,3.12,mM
58,"1,11-diamino-3,6,9-trioxaundecane",4-Ethynylbenzaldehyde,=,3.12,mM
58,"1,5-diamino-3-azapentane",4-Ethynylbenzaldehyde,>,12.5,mM
58,"1,6-Hexanediamine","3,4-Dihydroxybenzaldehyde",=,6.25,mM
58,"1,11-diamino-3,6,9-trioxaundecane",(E)-Dec-2-enal,=,0.024,mM
58,"1,6-Hexanediamine",(E)-Dec-2-enal,=,0.098,mM
58,"1,5-diamino-3-azapentane",(E)-Dec-2-enal,=,1.5,mM
58,(Z)-[bis(2-aminoethyl)amino]-hydroxyimino-oxidoazanium,"2,6-Dimethyl-5-heptenal",=,6.25,mM
58,cystamine dihydrochloride,"2,6-Dimethyl-5-heptenal",=,6.25,mM
58,"2,2'-diaminodiethyl ether","2,6-Dimethyl-5-heptenal",>,12.5,mM
58,"1,11-diamino-3,6,9-trioxaundecane","2,6-Dimethyl-5-heptenal",=,12.5,mM
58,"1,4-diaminobutane","2,6-Dimethyl-5-heptenal",=,3.12,mM
58,"2,5-Bis(aminomethyl)furan","2,6-Dimethyl-5-heptenal",=,6.25,mM
58,"1,8-diaminooctan","2,6-Dimethyl-5-heptenal",=,1.56,mM
58,p-Phenylenediamine,"2,6-Dimethyl-5-heptenal",=,1.56,mM
58,"(3-aminopropyl)-1,2-ethylenediamine","2,6-Dimethyl-5-heptenal",=,12.5,mM
58,"1,6-Hexanediamine","2,6-Dimethyl-5-heptenal",=,6.25,mM
58,"1,3-di(aminomethyl)benzene","2,6-Dimethyl-5-heptenal",=,12.5,mM
58,"2,2'-(ethylenedioxy)bis(ethylamine)","2,6-Dimethyl-5-heptenal",=,3.12,mM
58,"2,2',2''-triaminotriethylamine","2,6-Dimethyl-5-heptenal",=,3.12,mM
58,"N'-(2-aminoethyl)-N'-methylethane-1,2-diamine","2,6-Dimethyl-5-heptenal",>,12.5,mM
58,Spermidine,"2,6-Dimethyl-5-heptenal",=,6.25,mM
58,Bis(3-aminopropyl)amine,"2,6-Dimethyl-5-heptenal",=,3.12,mM
58,"3,3'-Diamino-N-methyldipropylamine","2,6-Dimethyl-5-heptenal",=,12.5,mM
58,Spermine,"2,6-Dimethyl-5-heptenal",=,6.25,mM
58,"1,11-diamino-3,6,9-trioxaundecane",4-Nitrobenzaldehyde,=,1.56,mM
58,"1,6-Hexanediamine",4-Nitrobenzaldehyde,=,3.12,mM
58,"1,11-diamino-3,6,9-trioxaundecane",Hexanal,=,0.39,mM
58,"1,6-Hexanediamine",Hexanal,=,0.048,mM
58,"1,5-diamino-3-azapentane",Hexanal,=,0.78,mM
58,"1,11-diamino-3,6,9-trioxaundecane",Vanillin,=,12.5,mM
58,"1,6-Hexanediamine",Vanillin,=,6.25,mM
58,"1,5-diamino-3-azapentane",Vanillin,=,1.5,mM
58,"1,11-diamino-3,6,9-trioxaundecane",Octyl aldehyde,=,0.024,mM
58,"1,6-Hexanediamine",Octyl aldehyde,=,0.098,mM
58,"1,5-diamino-3-azapentane",Octyl aldehyde,=,0.39,mM
58,"1,6-Hexanediamine",Nonyl aldehyde,=,0.19,mM
58,"1,5-diamino-3-azapentane",Nonyl aldehyde,=,0.098,mM
58,"N-bis-(2-amino-ethyl)-ethane-1,2-diamine",Trans-2-pentenal,=,6.25,mM
58,"2,2-bis(2-aminoethoxy)propane",Trans-2-pentenal,=,1.56,mM
58,(Z)-[bis(2-aminoethyl)amino]-hydroxyimino-oxidoazanium,Trans-2-pentenal,=,0.39,mM
58,"1,7-Diaminoheptane",Trans-2-pentenal,=,0.39,mM
58,"2,2'-diaminodiethyl ether",Trans-2-pentenal,=,3.12,mM
58,"1,11-diamino-3,6,9-trioxaundecane",Trans-2-pentenal,=,3.12,mM
58,"1,5-diaminopentane",Trans-2-pentenal,=,1.56,mM
58,"1,4-diaminobutane",Trans-2-pentenal,=,0.19,mM
58,"1,8-diaminooctan",Trans-2-pentenal,=,0.39,mM
58,p-Phenylenediamine,Trans-2-pentenal,>,12.5,mM
58,"3,7-diazanonane-1,9-diamine",Trans-2-pentenal,=,6.25,mM
58,"(3-aminopropyl)-1,2-ethylenediamine",Trans-2-pentenal,=,6.25,mM
58,"1,6-Hexanediamine",Trans-2-pentenal,=,0.19,mM
58,"1,3-bis(aminomethyl)cyclohexane",Trans-2-pentenal,=,1.56,mM
58,1.9-diaminononane,Trans-2-pentenal,=,0.098,mM
58,"2,2'-(ethylenedioxy)bis(ethylamine)",Trans-2-pentenal,=,3.12,mM
58,"N'-(2-aminoethyl)-N'-methylethane-1,2-diamine",Trans-2-pentenal,=,0.78,mM
58,"1,5-diamino-3-azapentane",Trans-2-pentenal,=,6.25,mM
58,Bis(3-aminopropyl)amine,Trans-2-pentenal,=,0.39,mM
58,"3,3'-Diamino-N-methyldipropylamine",Trans-2-pentenal,=,3.12,mM
58,"1,6-Hexanediamine",citronellal,=,0.048,mM
58,"1,5-diamino-3-azapentane",citronellal,=,1.56,mM
58,"1,11-diamino-3,6,9-trioxaundecane",2-Pyridinecarboxaldehyde,=,3.12,mM
58,"1,6-Hexanediamine",2-Pyridinecarboxaldehyde,=,3.12,mM
58,"1,5-diamino-3-azapentane",2-Pyridinecarboxaldehyde,=,12.5,mM
58,"1,6-Hexanediamine",(E)-hept-2-enal,=,0.048,mM
58,"1,5-diamino-3-azapentane",(E)-hept-2-enal,=,1.5,mM
58,"1,11-diamino-3,6,9-trioxaundecane","(2E,4E)-deca-2,4-dienal",=,0.049,mM
58,"1,6-Hexanediamine","(2E,4E)-deca-2,4-dienal",=,0.19,mM
58,"1,11-diamino-3,6,9-trioxaundecane",Cinnamaldehyde,=,0.19,mM
58,"1,6-Hexanediamine",Cinnamaldehyde,=,0.39,mM
58,"1,5-diamino-3-azapentane",Cinnamaldehyde,=,3,mM
58,"1,11-diamino-3,6,9-trioxaundecane",p-Bromo benzaldehyde,=,6.25,mM
58,"1,6-Hexanediamine",p-Bromo benzaldehyde,=,6.25,mM
58,"1,5-diamino-3-azapentane",p-Bromo benzaldehyde,=,3.12,mM
58,"1,11-diamino-3,6,9-trioxaundecane",(E)-non-2-enal,=,0.048,mM
58,"1,5-diamino-3-azapentane",(E)-non-2-enal,=,0.38,mM
58,"1,11-diamino-3,6,9-trioxaundecane","(2E)-nona-2,6-dienal",=,0.098,mM
58,"1,6-Hexanediamine","(2E)-nona-2,6-dienal",=,0.19,mM
58,"1,11-diamino-3,6,9-trioxaundecane",Citral,=,0.098,mM
58,"1,6-Hexanediamine",Citral,=,0.19,mM
58,"1,5-diamino-3-azapentane",Citral,=,0.19,mM
58,"1,11-diamino-3,6,9-trioxaundecane",(E)-hex-2-enal,=,0.19,mM
58,"1,6-Hexanediamine",(E)-hex-2-enal,=,0.39,mM
58,"1,11-diamino-3,6,9-trioxaundecane",Formaldehyde,=,3.12,mM
59,"N-bis-(2-amino-ethyl)-ethane-1,2-diamine",(E)-2-Octenal,=,0.196,mM
59,(Z)-[bis(2-aminoethyl)amino]-hydroxyimino-oxidoazanium,(E)-2-Octenal,=,0.098,mM
59,"1,7-Diaminoheptane",(E)-2-Octenal,=,0.049,mM
59,"2,2'-diaminodiethyl ether",(E)-2-Octenal,=,0.098,mM
59,"1,11-diamino-3,6,9-trioxaundecane",(E)-2-Octenal,=,0.098,mM
59,"1,5-diaminopentane",(E)-2-Octenal,=,0.098,mM
59,"1,4-diaminobutane",(E)-2-Octenal,=,0.098,mM
59,"1,8-diaminooctan",(E)-2-Octenal,=,0.098,mM
59,Polyethylenimine linear,(E)-2-Octenal,=,0.38,mM
59,"3,7-diazanonane-1,9-diamine",(E)-2-Octenal,=,0.196,mM
59,"(3-aminopropyl)-1,2-ethylenediamine",(E)-2-Octenal,=,0.39,mM
59,"1,6-Hexanediamine",(E)-2-Octenal,=,0.098,mM
59,1.9-diaminononane,(E)-2-Octenal,=,0.098,mM
59,"2,2',2''-triaminotriethylamine",(E)-2-Octenal,=,0.098,mM
59,"N'-(2-aminoethyl)-N'-methylethane-1,2-diamine",(E)-2-Octenal,=,0.049,mM
59,"1,5-diamino-3-azapentane",(E)-2-Octenal,=,0.38,mM
59,"3,3'-Diamino-N-methyldipropylamine",(E)-2-Octenal,=,0.098,mM
59,"1,11-diamino-3,6,9-trioxaundecane",1H-Imidazole-2-carboxaldehyde,=,0.39,mM
59,"1,6-Hexanediamine",1H-Imidazole-2-carboxaldehyde,=,3.12,mM
59,"1,5-diamino-3-azapentane",1H-Imidazole-2-carboxaldehyde,=,0.78,mM
59,"1,11-diamino-3,6,9-trioxaundecane",4-Ethynylbenzaldehyde,=,3.12,mM
59,"1,5-diamino-3-azapentane",4-Ethynylbenzaldehyde,>,12.5,mM
59,"1,6-Hexanediamine","3,4-Dihydroxybenzaldehyde",=,6.25,mM
59,"1,6-Hexanediamine",(E)-Dec-2-enal,=,0.098,mM
59,"1,5-diamino-3-azapentane",(E)-Dec-2-enal,=,1.5,mM
59,"N-bis-(2-amino-ethyl)-ethane-1,2-diamine","2,6-Dimethyl-5-heptenal",=,3.12,mM
59,"2,2-bis(2-aminoethoxy)propane","2,6-Dimethyl-5-heptenal",>,12.5,mM
59,cystamine dihydrochloride,"2,6-Dimethyl-5-heptenal",=,6.25,mM
59,"1,7-Diaminoheptane","2,6-Dimethyl-5-heptenal",=,3.12,mM
59,"2,2'-diaminodiethyl ether","2,6-Dimethyl-5-heptenal",>,12.5,mM
59,"1,5-diaminopentane","2,6-Dimethyl-5-heptenal",=,6.25,mM
59,"1,4-diaminobutane","2,6-Dimethyl-5-heptenal",=,3.12,mM
59,"2,5-Bis(aminomethyl)furan","2,6-Dimethyl-5-heptenal",=,6.25,mM
59,"1,8-diaminooctan","2,6-Dimethyl-5-heptenal",=,1.56,mM
59,p-Phenylenediamine,"2,6-Dimethyl-5-heptenal",=,1.56,mM
59,"(3-aminopropyl)-1,2-ethylenediamine","2,6-Dimethyl-5-heptenal",=,12.5,mM
59,"1,6-Hexanediamine","2,6-Dimethyl-5-heptenal",=,6.25,mM
59,"1,3-di(aminomethyl)benzene","2,6-Dimethyl-5-heptenal",=,12.5,mM
59,"1,3-bis(aminomethyl)cyclohexane","2,6-Dimethyl-5-heptenal",=,12.5,mM
59,1.9-diaminononane,"2,6-Dimethyl-5-heptenal",=,1.56,mM
59,"2,2'-(ethylenedioxy)bis(ethylamine)","2,6-Dimethyl-5-heptenal",=,3.12,mM
59,"2,2',2''-triaminotriethylamine","2,6-Dimethyl-5-heptenal",=,3.12,mM
59,"N'-(2-aminoethyl)-N'-methylethane-1,2-diamine","2,6-Dimethyl-5-heptenal",>,12.5,mM
59,Spermidine,"2,6-Dimethyl-5-heptenal",=,6.25,mM
59,"1,5-diamino-3-azapentane","2,6-Dimethyl-5-heptenal",=,6.25,mM
59,Bis(3-aminopropyl)amine,"2,6-Dimethyl-5-heptenal",=,3.12,mM
59,"3,3'-Diamino-N-methyldipropylamine","2,6-Dimethyl-5-heptenal",=,12.5,mM
59,"1,6-Hexanediamine",4-Nitrobenzaldehyde,=,3.12,mM
59,"1,5-diamino-3-azapentane",4-Nitrobenzaldehyde,=,3.12,mM
59,"1,6-Hexanediamine",Hexanal,=,0.048,mM
59,"1,5-diamino-3-azapentane",Hexanal,=,0.78,mM
59,"1,11-diamino-3,6,9-trioxaundecane",Vanillin,=,12.5,mM
59,"1,6-Hexanediamine",Vanillin,=,6.25,mM
59,"1,11-diamino-3,6,9-trioxaundecane",Octyl aldehyde,=,0.024,mM
59,"1,6-Hexanediamine",Octyl aldehyde,=,0.098,mM
59,"1,5-diamino-3-azapentane",Octyl aldehyde,=,0.39,mM
59,"1,6-Hexanediamine",Nonyl aldehyde,=,0.19,mM
59,"N-bis-(2-amino-ethyl)-ethane-1,2-diamine",Trans-2-pentenal,=,6.25,mM
59,"2,2-bis(2-aminoethoxy)propane",Trans-2-pentenal,=,1.56,mM
59,(Z)-[bis(2-aminoethyl)amino]-hydroxyimino-oxidoazanium,Trans-2-pentenal,=,0.39,mM
59,"1,7-Diaminoheptane",Trans-2-pentenal,=,0.39,mM
59,"2,2'-diaminodiethyl ether",Trans-2-pentenal,=,3.12,mM
59,"1,11-diamino-3,6,9-trioxaundecane",Trans-2-pentenal,=,3.12,mM
59,"1,5-diaminopentane",Trans-2-pentenal,=,1.56,mM
59,"1,4-diaminobutane",Trans-2-pentenal,=,0.19,mM
59,"1,8-diaminooctan",Trans-2-pentenal,=,0.39,mM
59,p-Phenylenediamine,Trans-2-pentenal,>,12.5,mM
59,"3,7-diazanonane-1,9-diamine",Trans-2-pentenal,=,6.25,mM
59,"(3-aminopropyl)-1,2-ethylenediamine",Trans-2-pentenal,=,6.25,mM
59,"1,6-Hexanediamine",Trans-2-pentenal,=,0.19,mM
59,1.9-diaminononane,Trans-2-pentenal,=,0.098,mM
59,"2,2'-(ethylenedioxy)bis(ethylamine)",Trans-2-pentenal,=,3.12,mM
59,"N'-(2-aminoethyl)-N'-methylethane-1,2-diamine",Trans-2-pentenal,=,0.78,mM
59,"1,5-diamino-3-azapentane",Trans-2-pentenal,=,6.25,mM
59,"3,3'-Diamino-N-methyldipropylamine",Trans-2-pentenal,=,3.12,mM
59,"1,11-diamino-3,6,9-trioxaundecane",citronellal,=,0.0061,mM
59,"1,6-Hexanediamine",citronellal,=,0.048,mM
59,"1,11-diamino-3,6,9-trioxaundecane",2-Pyridinecarboxaldehyde,=,3.12,mM
59,"1,11-diamino-3,6,9-trioxaundecane",(E)-hept-2-enal,=,0.049,mM
59,"1,6-Hexanediamine",(E)-hept-2-enal,=,0.048,mM
59,"1,6-Hexanediamine","(2E,4E)-deca-2,4-dienal",=,0.19,mM
59,"1,5-diamino-3-azapentane","(2E,4E)-deca-2,4-dienal",=,0.75,mM
59,"1,11-diamino-3,6,9-trioxaundecane",Cinnamaldehyde,=,0.19,mM
59,"1,6-Hexanediamine",Cinnamaldehyde,=,0.39,mM
59,"1,5-diamino-3-azapentane",Cinnamaldehyde,=,3,mM
59,"1,11-diamino-3,6,9-trioxaundecane",p-Bromo benzaldehyde,=,6.25,mM
59,"1,5-diamino-3-azapentane",p-Bromo benzaldehyde,=,3.12,mM
59,"1,11-diamino-3,6,9-trioxaundecane",(E)-non-2-enal,=,0.048,mM
59,"1,6-Hexanediamine",(E)-non-2-enal,=,0.098,mM
59,"1,5-diamino-3-azapentane",(E)-non-2-enal,=,0.38,mM
59,"1,11-diamino-3,6,9-trioxaundecane","(2E)-nona-2,6-dienal",=,0.098,mM
59,"1,6-Hexanediamine","(2E)-nona-2,6-dienal",=,0.19,mM
59,"1,5-diamino-3-azapentane","(2E)-nona-2,6-dienal",=,0.19,mM
59,"1,6-Hexanediamine",Citral,=,0.19,mM
59,"1,5-diamino-3-azapentane",Citral,=,0.19,mM
59,"1,11-diamino-3,6,9-trioxaundecane",(E)-hex-2-enal,=,0.19,mM
59,"1,6-Hexanediamine",(E)-hex-2-enal,=,0.39,mM
59,"1,5-diamino-3-azapentane",(E)-hex-2-enal,=,3,mM
59,"1,11-diamino-3,6,9-trioxaundecane",Formaldehyde,=,3.12,mM
59,"1,5-diamino-3-azapentane",Formaldehyde,=,12.5,mM
60,"N-bis-(2-amino-ethyl)-ethane-1,2-diamine",(E)-2-Octenal,=,0.196,mM
60,"2,2-bis(2-aminoethoxy)propane",(E)-2-Octenal,=,0.098,mM
60,(Z)-[bis(2-aminoethyl)amino]-hydroxyimino-oxidoazanium,(E)-2-Octenal,=,0.098,mM
60,"1,7-Diaminoheptane",(E)-2-Octenal,=,0.049,mM
60,"2,2'-diaminodiethyl ether",(E)-2-Octenal,=,0.098,mM
60,"1,11-diamino-3,6,9-trioxaundecane",(E)-2-Octenal,=,0.098,mM
60,"1,5-diaminopentane",(E)-2-Octenal,=,0.098,mM
60,"1,4-diaminobutane",(E)-2-Octenal,=,0.098,mM
60,p-Phenylenediamine,(E)-2-Octenal,>,12.5,mM
60,Polyethylenimine linear,(E)-2-Octenal,=,0.38,mM
60,"3,7-diazanonane-1,9-diamine",(E)-2-Octenal,=,0.196,mM
60,"(3-aminopropyl)-1,2-ethylenediamine",(E)-2-Octenal,=,0.39,mM
60,"1,6-Hexanediamine",(E)-2-Octenal,=,0.098,mM
60,1.9-diaminononane,(E)-2-Octenal,=,0.098,mM
60,"2,2',2''-triaminotriethylamine",(E)-2-Octenal,=,0.098,mM
60,"N'-(2-aminoethyl)-N'-methylethane-1,2-diamine",(E)-2-Octenal,=,0.049,mM
60,"1,5-diamino-3-azapentane",(E)-2-Octenal,=,0.38,mM
60,Bis(3-aminopropyl)amine,(E)-2-Octenal,=,0.75,mM
60,Spermine,(E)-2-Octenal,=,0.75,mM
60,"1,11-diamino-3,6,9-trioxaundecane",1H-Imidazole-2-carboxaldehyde,=,0.39,mM
60,"1,6-Hexanediamine",1H-Imidazole-2-carboxaldehyde,=,3.12,mM
60,"1,11-diamino-3,6,9-trioxaundecane",4-Ethynylbenzaldehyde,=,3.12,mM
60,"1,5-diamino-3-azapentane",4-Ethynylbenzaldehyde,>,12.5,mM
60,"1,11-diamino-3,6,9-trioxaundecane","3,4-Dihydroxybenzaldehyde",=,6.25,mM
60,"1,6-Hexanediamine","3,4-Dihydroxybenzaldehyde",=,6.25,mM
60,"1,11-diamino-3,6,9-trioxaundecane",(E)-Dec-2-enal,=,0.024,mM
60,"1,6-Hexanediamine",(E)-Dec-2-enal,=,0.098,mM
60,"1,5-diamino-3-azapentane",(E)-Dec-2-enal,=,1.5,mM
60,(Z)-[bis(2-aminoethyl)amino]-hydroxyimino-oxidoazanium,"2,6-Dimethyl-5-heptenal",=,6.25,mM
60,cystamine dihydrochloride,"2,6-Dimethyl-5-heptenal",=,6.25,mM
60,"2,2'-diaminodiethyl ether","2,6-Dimethyl-5-heptenal",>,12.5,mM
60,"1,11-diamino-3,6,9-trioxaundecane","2,6-Dimethyl-5-heptenal",=,12.5,mM
60,"1,4-diaminobutane","2,6-Dimethyl-5-heptenal",=,3.12,mM
60,"2,5-Bis(aminomethyl)furan","2,6-Dimethyl-5-heptenal",=,6.25,mM
60,"1,8-diaminooctan","2,6-Dimethyl-5-heptenal",=,1.56,mM
60,p-Phenylenediamine,"2,6-Dimethyl-5-heptenal",=,1.56,mM
60,"3,7-diazanonane-1,9-diamine","2,6-Dimethyl-5-heptenal",=,6.25,mM
60,"(3-aminopropyl)-1,2-ethylenediamine","2,6-Dimethyl-5-heptenal",=,12.5,mM
60,"1,3-di(aminomethyl)benzene","2,6-Dimethyl-5-heptenal",=,12.5,mM
60,1.9-diaminononane,"2,6-Dimethyl-5-heptenal",=,1.56,mM
60,"2,2'-(ethylenedioxy)bis(ethylamine)","2,6-Dimethyl-5-heptenal",=,3.12,mM
60,Spermidine,"2,6-Dimethyl-5-heptenal",=,6.25,mM
60,Bis(3-aminopropyl)amine,"2,6-Dimethyl-5-heptenal",=,3.12,mM
60,"3,3'-Diamino-N-methyldipropylamine","2,6-Dimethyl-5-heptenal",=,12.5,mM
60,Spermine,"2,6-Dimethyl-5-heptenal",=,6.25,mM
60,"1,11-diamino-3,6,9-trioxaundecane",4-Nitrobenzaldehyde,=,1.56,mM
60,"1,6-Hexanediamine",4-Nitrobenzaldehyde,=,3.12,mM
60,"1,5-diamino-3-azapentane",4-Nitrobenzaldehyde,=,3.12,mM
60,"1,11-diamino-3,6,9-trioxaundecane",Hexanal,=,0.39,mM
60,"1,6-Hexanediamine",Hexanal,=,0.048,mM
60,"1,11-diamino-3,6,9-trioxaundecane",Vanillin,=,12.5,mM
60,"1,6-Hexanediamine",Vanillin,=,6.25,mM
60,"1,5-diamino-3-azapentane",Vanillin,=,1.5,mM
60,"1,11-diamino-3,6,9-trioxaundecane",Octyl aldehyde,=,0.024,mM
60,"1,6-Hexanediamine",Octyl aldehyde,=,0.098,mM
60,"1,5-diamino-3-azapentane",Octyl aldehyde,=,0.39,mM
60,"1,6-Hexanediamine",Nonyl aldehyde,=,0.19,mM
60,"1,5-diamino-3-azapentane",Nonyl aldehyde,=,0.098,mM
60,"2,2-bis(2-aminoethoxy)propane",Trans-2-pentenal,=,1.56,mM
60,(Z)-[bis(2-aminoethyl)amino]-hydroxyimino-oxidoazanium,Trans-2-pentenal,=,0.39,mM
60,"2,2'-diaminodiethyl ether",Trans-2-pentenal,=,3.12,mM
60,"1,11-diamino-3,6,9-trioxaundecane",Trans-2-pentenal,=,3.12,mM
60,"1,5-diaminopentane",Trans-2-pentenal,=,1.56,mM
60,"1,4-diaminobutane",Trans-2-pentenal,=,0.19,mM
60,"1,8-diaminooctan",Trans-2-pentenal,=,0.39,mM
60,p-Phenylenediamine,Trans-2-pentenal,>,12.5,mM
60,"(3-aminopropyl)-1,2-ethylenediamine",Trans-2-pentenal,=,6.25,mM
60,"1,6-Hexanediamine",Trans-2-pentenal,=,0.19,mM
60,"1,3-bis(aminomethyl)cyclohexane",Trans-2-pentenal,=,1.56,mM
60,1.9-diaminononane,Trans-2-pentenal,=,0.098,mM
60,"2,2'-(ethylenedioxy)bis(ethylamine)",Trans-2-pentenal,=,3.12,mM
60,"N'-(2-aminoethyl)-N'-methylethane-1,2-diamine",Trans-2-pentenal,=,0.78,mM
60,"1,5-diamino-3-azapentane",Trans-2-pentenal,=,6.25,mM
60,Bis(3-aminopropyl)amine,Trans-2-pentenal,=,0.39,mM
60,"3,3'-Diamino-N-methyldipropylamine",Trans-2-pentenal,=,3.12,mM
60,"1,6-Hexanediamine",citronellal,=,0.048,mM
60,"1,5-diamino-3-azapentane",citronellal,=,1.56,mM
60,"1,6-Hexanediamine",2-Pyridinecarboxaldehyde,=,3.12,mM
60,"1,5-diamino-3-azapentane",2-Pyridinecarboxaldehyde,=,12.5,mM
60,"1,11-diamino-3,6,9-trioxaundecane",(E)-hept-2-enal,=,0.049,mM
60,"1,5-diamino-3-azapentane",(E)-hept-2-enal,=,1.5,mM
60,"1,11-diamino-3,6,9-trioxaundecane","(2E,4E)-deca-2,4-dienal",=,0.049,mM
60,"1,6-Hexanediamine","(2E,4E)-deca-2,4-dienal",=,0.19,mM
60,"1,5-diamino-3-azapentane","(2E,4E)-deca-2,4-dienal",=,0.75,mM
60,"1,11-diamino-3,6,9-trioxaundecane",Cinnamaldehyde,=,0.19,mM
60,"1,5-diamino-3-azapentane",Cinnamaldehyde,=,3,mM
60,"1,11-diamino-3,6,9-trioxaundecane",p-Bromo benzaldehyde,=,6.25,mM
60,"1,6-Hexanediamine",p-Bromo benzaldehyde,=,6.25,mM
60,"1,5-diamino-3-azapentane",p-Bromo benzaldehyde,=,3.12,mM
60,"1,6-Hexanediamine",(E)-non-2-enal,=,0.098,mM
60,"1,5-diamino-3-azapentane",(E)-non-2-enal,=,0.38,mM
60,"1,11-diamino-3,6,9-trioxaundecane","(2E)-nona-2,6-dienal",=,0.098,mM
60,"1,6-Hexanediamine","(2E)-nona-2,6-dienal",=,0.19,mM
60,"1,5-diamino-3-azapentane","(2E)-nona-2,6-dienal",=,0.19,mM
60,"1,11-diamino-3,6,9-trioxaundecane",Citral,=,0.098,mM
60,"1,5-diamino-3-azapentane",Citral,=,0.19,mM
60,"1,11-diamino-3,6,9-trioxaundecane",(E)-hex-2-enal,=,0.19,mM
60,"1,6-Hexanediamine",(E)-hex-2-enal,=,0.39,mM
60,"1,5-diamino-3-azapentane",(E)-hex-2-enal,=,3,mM
60,"1,5-diamino-3-azapentane",Formaldehyde,=,12.5,mM
61,"N-bis-(2-amino-ethyl)-ethane-1,2-diamine",(E)-2-Octenal,=,0.196,mM
61,"1,7-Diaminoheptane",(E)-2-Octenal,=,0.049,mM
61,"1,5-diaminopentane",(E)-2-Octenal,=,0.098,mM
61,"1,4-diaminobutane",(E)-2-Octenal,=,0.098,mM
61,"1,8-diaminooctan",(E)-2-Octenal,=,0.098,mM
61,p-Phenylenediamine,(E)-2-Octenal,>,12.5,mM
61,Polyethylenimine linear,(E)-2-Octenal,=,0.38,mM
61,"3,7-diazanonane-1,9-diamine",(E)-2-Octenal,=,0.196,mM
61,"(3-aminopropyl)-1,2-ethylenediamine",(E)-2-Octenal,=,0.39,mM
61,"1,6-Hexanediamine",(E)-2-Octenal,=,0.098,mM
61,"1,3-bis(aminomethyl)cyclohexane",(E)-2-Octenal,=,0.39,mM
61,1.9-diaminononane,(E)-2-Octenal,=,0.098,mM
61,"2,2'-(ethylenedioxy)bis(ethylamine)",(E)-2-Octenal,=,0.049,mM
61,"N'-(2-aminoethyl)-N'-methylethane-1,2-diamine",(E)-2-Octenal,=,0.049,mM
61,"1,5-diamino-3-azapentane",(E)-2-Octenal,=,0.38,mM
61,Bis(3-aminopropyl)amine,(E)-2-Octenal,=,0.75,mM
61,"1,11-diamino-3,6,9-trioxaundecane",1H-Imidazole-2-carboxaldehyde,=,0.39,mM
61,"1,11-diamino-3,6,9-trioxaundecane",4-Ethynylbenzaldehyde,=,3.12,mM
61,"1,5-diamino-3-azapentane",4-Ethynylbenzaldehyde,>,12.5,mM
61,"1,11-diamino-3,6,9-trioxaundecane","3,4-Dihydroxybenzaldehyde",=,6.25,mM
61,"1,6-Hexanediamine","3,4-Dihydroxybenzaldehyde",=,6.25,mM
61,"1,11-diamino-3,6,9-trioxaundecane",(E)-Dec-2-enal,=,0.024,mM
61,"1,6-Hexanediamine",(E)-Dec-2-enal,=,0.098,mM
61,"1,5-diamino-3-azapentane",(E)-Dec-2-enal,=,1.5,mM
61,"N-bis-(2-amino-ethyl)-ethane-1,2-diamine","2,6-Dimethyl-5-heptenal",=,3.12,mM
61,"2,2-bis(2-aminoethoxy)propane","2,6-Dimethyl-5-heptenal",>,12.5,mM
61,(Z)-[bis(2-aminoethyl)amino]-hydroxyimino-oxidoazanium,"2,6-Dimethyl-5-heptenal",=,6.25,mM
61,cystamine dihydrochloride,"2,6-Dimethyl-5-heptenal",=,6.25,mM
61,"1,7-Diaminoheptane","2,6-Dimethyl-5-heptenal",=,3.12,mM
61,"2,2'-diaminodiethyl ether","2,6-Dimethyl-5-heptenal",>,12.5,mM
61,"1,11-diamino-3,6,9-trioxaundecane","2,6-Dimethyl-5-heptenal",=,12.5,mM
61,"1,5-diaminopentane","2,6-Dimethyl-5-heptenal",=,6.25,mM
61,"2,5-Bis(aminomethyl)furan","2,6-Dimethyl-5-heptenal",=,6.25,mM
61,"1,8-diaminooctan","2,6-Dimethyl-5-heptenal",=,1.56,mM
61,p-Phenylenediamine,"2,6-Dimethyl-5-heptenal",=,1.56,mM
61,"3,7-diazanonane-1,9-diamine","2,6-Dimethyl-5-heptenal",=,6.25,mM
61,"(3-aminopropyl)-1,2-ethylenediamine","2,6-Dimethyl-5-heptenal",=,12.5,mM
61,"1,6-Hexanediamine","2,6-Dimethyl-5-heptenal",=,6.25,mM
61,"1,3-di(aminomethyl)benzene","2,6-Dimethyl-5-heptenal",=,12.5,mM
61,"1,3-bis(aminomethyl)cyclohexane","2,6-Dimethyl-5-heptenal",=,12.5,mM
61,1.9-diaminononane,"2,6-Dimethyl-5-heptenal",=,1.56,mM
61,"2,2'-(ethylenedioxy)bis(ethylamine)","2,6-Dimethyl-5-heptenal",=,3.12,mM
61,"2,2',2''-triaminotriethylamine","2,6-Dimethyl-5-heptenal",=,3.12,mM
61,"N'-(2-aminoethyl)-N'-methylethane-1,2-diamine","2,6-Dimethyl-5-heptenal",>,12.5,mM
61,Spermidine,"2,6-Dimethyl-5-heptenal",=,6.25,mM
61,"1,5-diamino-3-azapentane","2,6-Dimethyl-5-heptenal",=,6.25,mM
61,Bis(3-aminopropyl)amine,"2,6-Dimethyl-5-heptenal",=,3.12,mM
61,"3,3'-Diamino-N-methyldipropylamine","2,6-Dimethyl-5-heptenal",=,12.5,mM
61,Spermine,"2,6-Dimethyl-5-heptenal",=,6.25,mM
61,"1,11-diamino-3,6,9-trioxaundecane",4-Nitrobenzaldehyde,=,1.56,mM
61,"1,6-Hexanediamine",4-Nitrobenzaldehyde,=,3.12,mM
61,"1,5-diamino-3-azapentane",4-Nitrobenzaldehyde,=,3.12,mM
61,"1,11-diamino-3,6,9-trioxaundecane",Hexanal,=,0.39,mM
61,"1,6-Hexanediamine",Hexanal,=,0.048,mM
61,"1,5-diamino-3-azapentane",Hexanal,=,0.78,mM
61,"1,11-diamino-3,6,9-trioxaundecane",Vanillin,=,12.5,mM
61,"1,6-Hexanediamine",Vanillin,=,6.25,mM
61,"1,5-diamino-3-azapentane",Vanillin,=,1.5,mM
61,"1,6-Hexanediamine",Octyl aldehyde,=,0.098,mM
61,"1,5-diamino-3-azapentane",Octyl aldehyde,=,0.39,mM
61,"1,6-Hexanediamine",Nonyl aldehyde,=,0.19,mM
61,"2,2-bis(2-aminoethoxy)propane",Trans-2-pentenal,=,1.56,mM
61,(Z)-[bis(2-aminoethyl)amino]-hydroxyimino-oxidoazanium,Trans-2-pentenal,=,0.39,mM
61,"1,7-Diaminoheptane",Trans-2-pentenal,=,0.39,mM
61,"2,2'-diaminodiethyl ether",Trans-2-pentenal,=,3.12,mM
61,"1,5-diaminopentane",Trans-2-pentenal,=,1.56,mM
61,"1,8-diaminooctan",Trans-2-pentenal,=,0.39,mM
61,p-Phenylenediamine,Trans-2-pentenal,>,12.5,mM
61,"3,7-diazanonane-1,9-diamine",Trans-2-pentenal,=,6.25,mM
61,"(3-aminopropyl)-1,2-ethylenediamine",Trans-2-pentenal,=,6.25,mM
61,"1,6-Hexanediamine",Trans-2-pentenal,=,0.19,mM
61,"1,3-bis(aminomethyl)cyclohexane",Trans-2-pentenal,=,1.56,mM
61,1.9-diaminononane,Trans-2-pentenal,=,0.098,mM
61,"2,2'-(ethylenedioxy)bis(ethylamine)",Trans-2-pentenal,=,3.12,mM
61,"1,5-diamino-3-azapentane",Trans-2-pentenal,=,6.25,mM
61,Bis(3-aminopropyl)amine,Trans-2-pentenal,=,0.39,mM
61,"1,11-diamino-3,6,9-trioxaundecane",citronellal,=,0.0061,mM
61,"1,6-Hexanediamine",citronellal,=,0.048,mM
61,"1,11-diamino-3,6,9-trioxaundecane",2-Pyridinecarboxaldehyde,=,3.12,mM
61,"1,5-diamino-3-azapentane",2-Pyridinecarboxaldehyde,=,12.5,mM
61,"1,11-diamino-3,6,9-trioxaundecane",(E)-hept-2-enal,=,0.049,mM
61,"1,6-Hexanediamine",(E)-hept-2-enal,=,0.048,mM
61,"1,5-diamino-3-azapentane",(E)-hept-2-enal,=,1.5,mM
61,"1,6-Hexanediamine","(2E,4E)-deca-2,4-dienal",=,0.19,mM
61,"1,5-diamino-3-azapentane","(2E,4E)-deca-2,4-dienal",=,0.75,mM
61,"1,5-diamino-3-azapentane",Cinnamaldehyde,=,3,mM
61,"1,6-Hexanediamine",p-Bromo benzaldehyde,=,6.25,mM
61,"1,5-diamino-3-azapentane",p-Bromo benzaldehyde,=,3.12,mM
61,"1,11-diamino-3,6,9-trioxaundecane",(E)-non-2-enal,=,0.048,mM
61,"1,6-Hexanediamine",(E)-non-2-enal,=,0.098,mM
61,"1,5-diamino-3-azapentane",(E)-non-2-enal,=,0.38,mM
61,"1,11-diamino-3,6,9-trioxaundecane","(2E)-nona-2,6-dienal",=,0.098,mM
61,"1,6-Hexanediamine","(2E)-nona-2,6-dienal",=,0.19,mM
61,"1,5-diamino-3-azapentane","(2E)-nona-2,6-dienal",=,0.19,mM
61,"1,11-diamino-3,6,9-trioxaundecane",Citral,=,0.098,mM
61,"1,6-Hexanediamine",Citral,=,0.19,mM
61,"1,5-diamino-3-azapentane",Citral,=,0.19,mM
61,"1,11-diamino-3,6,9-trioxaundecane",(E)-hex-2-enal,=,0.19,mM
61,"1,5-diamino-3-azapentane",(E)-hex-2-enal,=,3,mM
61,"1,11-diamino-3,6,9-trioxaundecane",Formaldehyde,=,3.12,mM
62,"N-bis-(2-amino-ethyl)-ethane-1,2-diamine",(E)-2-Octenal,=,0.196,mM
62,"2,2-bis(2-aminoethoxy)propane",(E)-2-Octenal,=,0.098,mM
62,(Z)-[bis(2-aminoethyl)amino]-hydroxyimino-oxidoazanium,(E)-2-Octenal,=,0.098,mM
62,"1,7-Diaminoheptane",(E)-2-Octenal,=,0.049,mM
62,"2,2'-diaminodiethyl ether",(E)-2-Octenal,=,0.098,mM
62,"1,11-diamino-3,6,9-trioxaundecane",(E)-2-Octenal,=,0.098,mM
62,"1,5-diaminopentane",(E)-2-Octenal,=,0.098,mM
62,"1,4-diaminobutane",(E)-2-Octenal,=,0.098,mM
62,"1,8-diaminooctan",(E)-2-Octenal,=,0.098,mM
62,p-Phenylenediamine,(E)-2-Octenal,>,12.5,mM
62,Polyethylenimine linear,(E)-2-Octenal,=,0.38,mM
62,"3,7-diazanonane-1,9-diamine",(E)-2-Octenal,=,0.196,mM
62,"(3-aminopropyl)-1,2-ethylenediamine",(E)-2-Octenal,=,0.39,mM
62,"1,6-Hexanediamine",(E)-2-Octenal,=,0.098,mM
62,"2,2'-(ethylenedioxy)bis(ethylamine)",(E)-2-Octenal,=,0.049,mM
62,"2,2',2''-triaminotriethylamine",(E)-2-Octenal,=,0.098,mM
62,"N'-(2-aminoethyl)-N'-methylethane-1,2-diamine",(E)-2-Octenal,=,0.049,mM
62,"1,5-diamino-3-azapentane",(E)-2-Octenal,=,0.38,mM
62,"3,3'-Diamino-N-methyldipropylamine",(E)-2-Octenal,=,0.098,mM
62,Spermine,(E)-2-Octenal,=,0.75,mM
62,"1,11-diamino-3,6,9-trioxaundecane",1H-Imidazole-2-carboxaldehyde,=,0.39,mM
62,"1,6-Hexanediamine",1H-Imidazole-2-carboxaldehyde,=,3.12,mM
62,"1,5-diamino-3-azapentane",1H-Imidazole-2-carboxaldehyde,=,0.78,mM
62,"1,11-diamino-3,6,9-trioxaundecane",4-Ethynylbenzaldehyde,=,3.12,mM
62,"1,11-diamino-3,6,9-trioxaundecane","3,4-Dihydroxybenzaldehyde",=,6.25,mM
62,"1,11-diamino-3,6,9-trioxaundecane",(E)-Dec-2-enal,=,0.024,mM
62,"1,6-Hexanediamine",(E)-Dec-2-enal,=,0.098,mM
62,"1,5-diamino-3-azapentane",(E)-Dec-2-enal,=,1.5,mM
62,"N-bis-(2-amino-ethyl)-ethane-1,2-diamine","2,6-Dimethyl-5-heptenal",=,3.12,mM
62,"2,2-bis(2-aminoethoxy)propane","2,6-Dimethyl-5-heptenal",>,12.5,mM
62,(Z)-[bis(2-aminoethyl)amino]-hydroxyimino-oxidoazanium,"2,6-Dimethyl-5-heptenal",=,6.25,mM
62,cystamine dihydrochloride,"2,6-Dimethyl-5-heptenal",=,6.25,mM
62,"1,7-Diaminoheptane","2,6-Dimethyl-5-heptenal",=,3.12,mM
62,"2,2'-diaminodiethyl ether","2,6-Dimethyl-5-heptenal",>,12.5,mM
62,"1,11-diamino-3,6,9-trioxaundecane","2,6-Dimethyl-5-heptenal",=,12.5,mM
62,"1,4-diaminobutane","2,6-Dimethyl-5-heptenal",=,3.12,mM
62,"2,5-Bis(aminomethyl)furan","2,6-Dimethyl-5-heptenal",=,6.25,mM
62,"1,8-diaminooctan","2,6-Dimethyl-5-heptenal",=,1.56,mM
62,p-Phenylenediamine,"2,6-Dimethyl-5-heptenal",=,1.56,mM
62,"3,7-diazanonane-1,9-diamine","2,6-Dimethyl-5-heptenal",=,6.25,mM
62,"(3-aminopropyl)-1,2-ethylenediamine","2,6-Dimethyl-5-heptenal",=,12.5,mM
62,"1,6-Hexanediamine","2,6-Dimethyl-5-heptenal",=,6.25,mM
62,"1,3-di(aminomethyl)benzene","2,6-Dimethyl-5-heptenal",=,12.5,mM
62,"1,3-bis(aminomethyl)cyclohexane","2,6-Dimethyl-5-heptenal",=,12.5,mM
62,"2,2',2''-triaminotriethylamine","2,6-Dimethyl-5-heptenal",=,3.12,mM
62,"N'-(2-aminoethyl)-N'-methylethane-1,2-diamine","2,6-Dimethyl-5-heptenal",>,12.5,mM
62,Spermidine,"2,6-Dimethyl-5-heptenal",=,6.25,mM
62,"1,5-diamino-3-azapentane","2,6-Dimethyl-5-heptenal",=,6.25,mM
62,Bis(3-aminopropyl)amine,"2,6-Dimethyl-5-heptenal",=,3.12,mM
62,"3,3'-Diamino-N-methyldipropylamine","2,6-Dimethyl-5-heptenal",=,12.5,mM
62,"1,6-Hexanediamine",4-Nitrobenzaldehyde,=,3.12,mM
62,"1,5-diamino-3-azapentane",4-Nitrobenzaldehyde,=,3.12,mM
62,"1,11-diamino-3,6,9-trioxaundecane",Hexanal,=,0.39,mM
62,"1,6-Hexanediamine",Hexanal,=,0.048,mM
62,"1,5-diamino-3-azapentane",Hexanal,=,0.78,mM
62,"1,11-diamino-3,6,9-trioxaundecane",Vanillin,=,12.5,mM
62,"1,6-Hexanediamine",Vanillin,=,6.25,mM
62,"1,5-diamino-3-azapentane",Vanillin,=,1.5,mM
62,"1,6-Hexanediamine",Octyl aldehyde,=,0.098,mM
62,"1,5-diamino-3-azapentane",Octyl aldehyde,=,0.39,mM
62,"1,6-Hexanediamine",Nonyl aldehyde,=,0.19,mM
62,"N-bis-(2-amino-ethyl)-ethane-1,2-diamine",Trans-2-pentenal,=,6.25,mM
62,"2,2-bis(2-aminoethoxy)propane",Trans-2-pentenal,=,1.56,mM
62,(Z)-[bis(2-aminoethyl)amino]-hydroxyimino-oxidoazanium,Trans-2-pentenal,=,0.39,mM
62,"2,2'-diaminodiethyl ether",Trans-2-pentenal,=,3.12,mM
62,"1,11-diamino-3,6,9-trioxaundecane",Trans-2-pentenal,=,3.12,mM
62,"1,5-diaminopentane",Trans-2-pentenal,=,1.56,mM
62,"1,4-diaminobutane",Trans-2-pentenal,=,0.19,mM
62,"1,8-diaminooctan",Trans-2-pentenal,=,0.39,mM
62,p-Phenylenediamine,Trans-2-pentenal,>,12.5,mM
62,"3,7-diazanonane-1,9-diamine",Trans-2-pentenal,=,6.25,mM
62,"(3-aminopropyl)-1,2-ethylenediamine",Trans-2-pentenal,=,6.25,mM
62,"1,6-Hexanediamine",Trans-2-pentenal,=,0.19,mM
62,"1,3-bis(aminomethyl)cyclohexane",Trans-2-pentenal,=,1.56,mM
62,1.9-diaminononane,Trans-2-pentenal,=,0.098,mM
62,"2,2'-(ethylenedioxy)bis(ethylamine)",Trans-2-pentenal,=,3.12,mM
62,"1,5-diamino-3-azapentane",Trans-2-pentenal,=,6.25,mM
62,Bis(3-aminopropyl)amine,Trans-2-pentenal,=,0.39,mM
62,"3,3'-Diamino-N-methyldipropylamine",Trans-2-pentenal,=,3.12,mM
62,"1,11-diamino-3,6,9-trioxaundecane",citronellal,=,0.0061,mM
62,"1,5-diamino-3-azapentane",citronellal,=,1.56,mM
62,"1,6-Hexanediamine",2-Pyridinecarboxaldehyde,=,3.12,mM
62,"1,6-Hexanediamine",(E)-hept-2-enal,=,0.048,mM
62,"1,5-diamino-3-azapentane",(E)-hept-2-enal,=,1.5,mM
62,"1,11-diamino-3,6,9-trioxaundecane","(2E,4E)-deca-2,4-dienal",=,0.049,mM
62,"1,5-diamino-3-azapentane","(2E,4E)-deca-2,4-dienal",=,0.75,mM
62,"1,6-Hexanediamine",Cinnamaldehyde,=,0.39,mM
62,"1,11-diamino-3,6,9-trioxaundecane",p-Bromo benzaldehyde,=,6.25,mM
62,"1,6-Hexanediamine",p-Bromo benzaldehyde,=,6.25,mM
62,"1,5-diamino-3-azapentane",p-Bromo benzaldehyde,=,3.12,mM
62,"1,11-diamino-3,6,9-trioxaundecane",(E)-non-2-enal,=,0.048,mM
62,"1,6-Hexanediamine",(E)-non-2-enal,=,0.098,mM
62,"1,5-diamino-3-azapentane",(E)-non-2-enal,=,0.38,mM
62,"1,11-diamino-3,6,9-trioxaundecane","(2E)-nona-2,6-dienal",=,0.098,mM
62,"1,5-diamino-3-azapentane","(2E)-nona-2,6-dienal",=,0.19,mM
62,"1,6-Hexanediamine",Citral,=,0.19,mM
62,"1,5-diamino-3-azapentane",Citral,=,0.19,mM
62,"1,11-diamino-3,6,9-trioxaundecane",(E)-hex-2-enal,=,0.19,mM
62,"1,6-Hexanediamine",(E)-hex-2-enal,=,0.39,mM
62,"1,5-diamino-3-azapentane",(E)-hex-2-enal,=,3,mM
63,"N-bis-(2-amino-ethyl)-ethane-1,2-diamine",(E)-2-Octenal,=,0.196,mM
63,"2,2-bis(2-aminoethoxy)propane",(E)-2-Octenal,=,0.098,mM
63,(Z)-[bis(2-aminoethyl)amino]-hydroxyimino-oxidoazanium,(E)-2-Octenal,=,0.098,mM
63,"1,7-Diaminoheptane",(E)-2-Octenal,=,0.049,mM
63,"1,11-diamino-3,6,9-trioxaundecane",(E)-2-Octenal,=,0.098,mM
63,"1,5-diaminopentane",(E)-2-Octenal,=,0.098,mM
63,"1,4-diaminobutane",(E)-2-Octenal,=,0.098,mM
63,"1,8-diaminooctan",(E)-2-Octenal,=,0.098,mM
63,p-Phenylenediamine,(E)-2-Octenal,>,12.5,mM
63,Polyethylenimine linear,(E)-2-Octenal,=,0.38,mM
63,"3,7-diazanonane-1,9-diamine",(E)-2-Octenal,=,0.196,mM
63,"(3-aminopropyl)-1,2-ethylenediamine",(E)-2-Octenal,=,0.39,mM
63,1.9-diaminononane,(E)-2-Octenal,=,0.098,mM
63,"2,2'-(ethylenedioxy)bis(ethylamine)",(E)-2-Octenal,=,0.049,mM
63,"2,2',2''-triaminotriethylamine",(E)-2-Octenal,=,0.098,mM
63,"N'-(2-aminoethyl)-N'-methylethane-1,2-diamine",(E)-2-Octenal,=,0.049,mM
63,"1,5-diamino-3-azapentane",(E)-2-Octenal,=,0.38,mM
63,Bis(3-aminopropyl)amine,(E)-2-Octenal,=,0.75,mM
63,"3,3'-Diamino-N-methyldipropylamine",(E)-2-Octenal,=,0.098,mM
63,Spermine,(E)-2-Octenal,=,0.75,mM
63,"1,11-diamino-3,6,9-trioxaundecane",1H-Imidazole-2-carboxaldehyde,=,0.39,mM
63,"1,6-Hexanediamine",1H-Imidazole-2-carboxaldehyde,=,3.12,mM
63,"1,5-diamino-3-azapentane",1H-Imidazole-2-carboxaldehyde,=,0.78,mM
63,"1,11-diamino-3,6,9-trioxaundecane",4-Ethynylbenzaldehyde,=,3.12,mM
63,"1,5-diamino-3-azapentane",4-Ethynylbenzaldehyde,>,12.5,mM
63,"1,6-Hexanediamine","3,4-Dihydroxybenzaldehyde",=,6.25,mM
63,"1,11-diamino-3,6,9-trioxaundecane",(E)-Dec-2-enal,=,0.024,mM
63,"1,6-Hexanediamine",(E)-Dec-2-enal,=,0.098,mM
63,"1,5-diamino-3-azapentane",(E)-Dec-2-enal,=,1.5,mM
63,"N-bis-(2-amino-ethyl)-ethane-1,2-diamine","2,6-Dimethyl-5-heptenal",=,3.12,mM
63,cystamine dihydrochloride,"2,6-Dimethyl-5-heptenal",=,6.25,mM
63,"1,7-Diaminoheptane","2,6-Dimethyl-5-heptenal",=,3.12,mM
63,"2,2'-diaminodiethyl ether","2,6-Dimethyl-5-heptenal",>,12.5,mM
63,"1,11-diamino-3,6,9-trioxaundecane","2,6-Dimethyl-5-heptenal",=,12.5,mM
63,"2,5-Bis(aminomethyl)furan","2,6-Dimethyl-5-heptenal",=,6.25,mM
63,"1,8-diaminooctan","2,6-Dimethyl-5-heptenal",=,1.56,mM
63,p-Phenylenediamine,"2,6-Dimethyl-5-heptenal",=,1.56,mM
63,"3,7-diazanonane-1,9-diamine","2,6-Dimethyl-5-heptenal",=,6.25,mM
63,"(3-aminopropyl)-1,2-ethylenediamine","2,6-Dimethyl-5-heptenal",=,12.5,mM
63,"1,6-Hexanediamine","2,6-Dimethyl-5-heptenal",=,6.25,mM
63,"1,3-di(aminomethyl)benzene","2,6-Dimethyl-5-heptenal",=,12.5,mM
63,"1,3-bis(aminomethyl)cyclohexane","2,6-Dimethyl-5-heptenal",=,12.5,mM
63,1.9-diaminononane,"2,6-Dimethyl-5-heptenal",=,1.56,mM
63,"2,2'-(ethylenedioxy)bis(ethylamine)","2,6-Dimethyl-5-heptenal",=,3.12,mM
63,"2,2',2''-triaminotriethylamine","2,6-Dimethyl-5-heptenal",=,3.12,mM
63,"N'-(2-aminoethyl)-N'-methylethane-1,2-diamine","2,6-Dimethyl-5-heptenal",>,12.5,mM
63,Spermidine,"2,6-Dimethyl-5-heptenal",=,6.25,mM
63,"1,5-diamino-3-azapentane","2,6-Dimethyl-5-heptenal",=,6.25,mM
63,Bis(3-aminopropyl)amine,"2,6-Dimethyl-5-heptenal",=,3.12,mM
63,"3,3'-Diamino-N-methyldipropylamine","2,6-Dimethyl-5-heptenal",=,12.5,mM
63,Spermine,"2,6-Dimethyl-5-heptenal",=,6.25,mM
63,"1,11-diamino-3,6,9-trioxaundecane",4-Nitrobenzaldehyde,=,1.56,mM
63,"1,6-Hexanediamine",4-Nitrobenzaldehyde,=,3.12,mM
63,"1,5-diamino-3-azapentane",4-Nitrobenzaldehyde,=,3.12,mM
63,"1,11-diamino-3,6,9-trioxaundecane",Hexanal,=,0.39,mM
63,"1,6-Hexanediamine",Hexanal,=,0.048,mM
63,"1,5-diamino-3-azapentane",Hexanal,=,0.78,mM
63,"1,11-diamino-3,6,9-trioxaundecane",Vanillin,=,12.5,mM
63,"1,6-Hexanediamine",Vanillin,=,6.25,mM
63,"1,11-diamino-3,6,9-trioxaundecane",Octyl aldehyde,=,0.024,mM
63,"1,5-diamino-3-azapentane",Octyl aldehyde,=,0.39,mM
63,"1,6-Hexanediamine",Nonyl aldehyde,=,0.19,mM
63,"1,5-diamino-3-azapentane",Nonyl aldehyde,=,0.098,mM
63,"N-bis-(2-amino-ethyl)-ethane-1,2-diamine",Trans-2-pentenal,=,6.25,mM
63,"2,2-bis(2-aminoethoxy)propane",Trans-2-pentenal,=,1.56,mM
63,(Z)-[bis(2-aminoethyl)amino]-hydroxyimino-oxidoazanium,Trans-2-pentenal,=,0.39,mM
63,"1,7-Diaminoheptane",Trans-2-pentenal,=,0.39,mM
63,"2,2'-diaminodiethyl ether",Trans-2-pentenal,=,3.12,mM
63,"1,11-diamino-3,6,9-trioxaundecane",Trans-2-pentenal,=,3.12,mM
63,"1,5-diaminopentane",Trans-2-pentenal,=,1.56,mM
63,"1,8-diaminooctan",Trans-2-pentenal,=,0.39,mM
63,"(3-aminopropyl)-1,2-ethylenediamine",Trans-2-pentenal,=,6.25,mM
63,"1,6-Hexanediamine",Trans-2-pentenal,=,0.19,mM
63,1.9-diaminononane,Trans-2-pentenal,=,0.098,mM
63,"N'-(2-aminoethyl)-N'-methylethane-1,2-diamine",Trans-2-pentenal,=,0.78,mM
63,Bis(3-aminopropyl)amine,Trans-2-pentenal,=,0.39,mM
63,"3,3'-Diamino-N-methyldipropylamine",Trans-2-pentenal,=,3.12,mM
63,"1,11-diamino-3,6,9-trioxaundecane",citronellal,=,0.0061,mM
63,"1,6-Hexanediamine",citronellal,=,0.048,mM
63,"1,6-Hexanediamine",2-Pyridinecarboxaldehyde,=,3.12,mM
63,"1,5-diamino-3-azapentane",2-Pyridinecarboxaldehyde,=,12.5,mM
63,"1,6-Hexanediamine",(E)-hept-2-enal,=,0.048,mM
63,"1,11-diamino-3,6,9-trioxaundecane","(2E,4E)-deca-2,4-dienal",=,0.049,mM
63,"1,6-Hexanediamine","(2E,4E)-deca-2,4-dienal",=,0.19,mM
63,"1,5-diamino-3-azapentane","(2E,4E)-deca-2,4-dienal",=,0.75,mM
63,"1,11-diamino-3,6,9-trioxaundecane",Cinnamaldehyde,=,0.19,mM
63,"1,6-Hexanediamine",Cinnamaldehyde,=,0.39,mM
63,"1,5-diamino-3-azapentane",Cinnamaldehyde,=,3,mM
63,"1,5-diamino-3-azapentane",p-Bromo benzaldehyde,=,3.12,mM
63,"1,11-diamino-3,6,9-trioxaundecane",(E)-non-2-enal,=,0.048,mM
63,"1,6-Hexanediamine",(E)-non-2-enal,=,0.098,mM
63,"1,5-diamino-3-azapentane",(E)-non-2-enal,=,0.38,mM
63,"1,6-Hexanediamine","(2E)-nona-2,6-dienal",=,0.19,mM
63,"1,5-diamino-3-azapentane","(2E)-nona-2,6-dienal",=,0.19,mM
63,"1,11-diamino-3,6,9-trioxaundecane",Citral,=,0.098,mM
63,"1,6-Hexanediamine",Citral,=,0.19,mM
63,"1,5-diamino-3-azapentane",Citral,=,0.19,mM
63,"1,6-Hexanediamine",(E)-hex-2-enal,=,0.39,mM
63,"1,5-diamino-3-azapentane",(E)-hex-2-enal,=,3,mM
63,"1,11-diamino-3,6,9-trioxaundecane",Formaldehyde,=,3.12,mM
64,"N-bis-(2-amino-ethyl)-ethane-1,2-diamine",(E)-2-Octenal,=,0.196,mM
64,"2,2-bis(2-aminoethoxy)propane",(E)-2-Octenal,=,0.098,mM
64,(Z)-[bis(2-aminoethyl)amino]-hydroxyimino-oxidoazanium,(E)-2-Octenal,=,0.098,mM
64,"2,2'-diaminodiethyl ether",(E)-2-Octenal,=,0.098,mM
64,"1,11-diamino-3,6,9-trioxaundecane",(E)-2-Octenal,=,0.098,mM
64,"1,5-diaminopentane",(E)-2-Octenal,=,0.098,mM
64,"1,8-diaminooctan",(E)-2-Octenal,=,0.098,mM
64,p-Phenylenediamine,(E)-2-Octenal,>,12.5,mM
64,"(3-aminopropyl)-1,2-ethylenediamine",(E)-2-Octenal,=,0.39,mM
64,"1,6-Hexanediamine",(E)-2-Octenal,=,0.098,mM
64,1.9-diaminononane,(E)-2-Octenal,=,0.098,mM
64,"2,2',2''-triaminotriethylamine",(E)-2-Octenal,=,0.098,mM
64,"N'-(2-aminoethyl)-N'-methylethane-1,2-diamine",(E)-2-Octenal,=,0.049,mM
64,"1,5-diamino-3-azapentane",(E)-2-Octenal,=,0.38,mM
64,"3,3'-Diamino-N-methyldipropylamine",(E)-2-Octenal,=,0.098,mM
64,Spermine,(E)-2-Octenal,=,0.75,mM
64,"1,6-Hexanediamine",1H-Imidazole-2-carboxaldehyde,=,3.12,mM
64,"1,5-diamino-3-azapentane",1H-Imidazole-2-carboxaldehyde,=,0.78,mM
64,"1,5-diamino-3-azapentane",4-Ethynylbenzaldehyde,>,12.5,mM
64,"1,11-diamino-3,6,9-trioxaundecane","3,4-Dihydroxybenzaldehyde",=,6.25,mM
64,"1,6-Hexanediamine","3,4-Dihydroxybenzaldehyde",=,6.25,mM
64,"1,11-diamino-3,6,9-trioxaundecane",(E)-Dec-2-enal,=,0.024,mM
64,"1,6-Hexanediamine",(E)-Dec-2-enal,=,0.098,mM
64,"1,5-diamino-3-azapentane",(E)-Dec-2-enal,=,1.5,mM
64,"N-bis-(2-amino-ethyl)-ethane-1,2-diamine","2,6-Dimethyl-5-heptenal",=,3.12,mM
64,"2,2-bis(2-aminoethoxy)propane","2,6-Dimethyl-5-heptenal",>,12.5,mM
64,(Z)-[bis(2-aminoethyl)amino]-hydroxyimino-oxidoazanium,"2,6-Dimethyl-5-heptenal",=,6.25,mM
64,cystamine dihydrochloride,"2,6-Dimethyl-5-heptenal",=,6.25,mM
64,"1,7-Diaminoheptane","2,6-Dimethyl-5-heptenal",=,3.12,mM
64,"2,2'-diaminodiethyl ether","2,6-Dimethyl-5-heptenal",>,12.5,mM
64,"1,11-diamino-3,6,9-trioxaundecane","2,6-Dimethyl-5-heptenal",=,12.5,mM
64,"1,5-diaminopentane","2,6-Dimethyl-5-heptenal",=,6.25,mM
64,"1,4-diaminobutane","2,6-Dimethyl-5-heptenal",=,3.12,mM
64,"2,5-Bis(aminomethyl)furan","2,6-Dimethyl-5-heptenal",=,6.25,mM
64,"1,8-diaminooctan","2,6-Dimethyl-5-heptenal",=,1.56,mM
64,p-Phenylenediamine,"2,6-Dimethyl-5-heptenal",=,1.56,mM
64,"3,7-diazanonane-1,9-diamine","2,6-Dimethyl-5-heptenal",=,6.25,mM
64,"(3-aminopropyl)-1,2-ethylenediamine","2,6-Dimethyl-5-heptenal",=,12.5,mM
64,"1,6-Hexanediamine","2,6-Dimethyl-5-heptenal",=,6.25,mM
64,"1,3-di(aminomethyl)benzene","2,6-Dimethyl-5-heptenal",=,12.5,mM
64,"1,3-bis(aminomethyl)cyclohexane","2,6-Dimethyl-5-heptenal",=,12.5,mM
64,1.9-diaminononane,"2,6-Dimethyl-5-heptenal",=,1.56,mM
64,"2,2'-(ethylenedioxy)bis(ethylamine)","2,6-Dimethyl-5-heptenal",=,3.12,mM
64,"2,2',2''-triaminotriethylamine","2,6-Dimethyl-5-heptenal",=,3.12,mM
64,"N'-(2-aminoethyl)-N'-methylethane-1,2-diamine","2,6-Dimethyl-5-heptenal",>,12.5,mM
64,Spermidine,"2,6-Dimethyl-5-heptenal",=,6.25,mM
64,"1,5-diamino-3-azapentane","2,6-Dimethyl-5-heptenal",=,6.25,mM
64,Bis(3-aminopropyl)amine,"2,6-Dimethyl-5-heptenal",=,3.12,mM
64,"3,3'-Diamino-N-methyldipropylamine","2,6-Dimethyl-5-heptenal",=,12.5,mM
64,Spermine,"2,6-Dimethyl-5-heptenal",=,6.25,mM
64,"1,11-diamino-3,6,9-trioxaundecane",4-Nitrobenzaldehyde,=,1.56,mM
64,"1,6-Hexanediamine",4-Nitrobenzaldehyde,=,3.12,mM
64,"1,6-Hexanediamine",Hexanal,=,0.048,mM
64,"1,11-diamino-3,6,9-trioxaundecane",Vanillin,=,12.5,mM
64,"1,6-Hexanediamine",Vanillin,=,6.25,mM
64,"1,5-diamino-3-azapentane",Vanillin,=,1.5,mM
64,"1,6-Hexanediamine",Octyl aldehyde,=,0.098,mM
64,"1,6-Hexanediamine",Nonyl aldehyde,=,0.19,mM
64,"1,5-diamino-3-azapentane",Nonyl aldehyde,=,0.098,mM
64,"N-bis-(2-amino-ethyl)-ethane-1,2-diamine",Trans-2-pentenal,=,6.25,mM
64,"2,2-bis(2-aminoethoxy)propane",Trans-2-pentenal,=,1.56,mM
64,(Z)-[bis(2-aminoethyl)amino]-hydroxyimino-oxidoazanium,Trans-2-pentenal,=,0.39,mM
64,"1,7-Diaminoheptane",Trans-2-pentenal,=,0.39,mM
64,"1,11-diamino-3,6,9-trioxaundecane",Trans-2-pentenal,=,3.12,mM
64,"1,8-diaminooctan",Trans-2-pentenal,=,0.39,mM
64,p-Phenylenediamine,Trans-2-pentenal,>,12.5,mM
64,"3,7-diazanonane-1,9-diamine",Trans-2-pentenal,=,6.25,mM
64,"(3-aminopropyl)-1,2-ethylenediamine",Trans-2-pentenal,=,6.25,mM
64,"1,6-Hexanediamine",Trans-2-pentenal,=,0.19,mM
64,"1,3-bis(aminomethyl)cyclohexane",Trans-2-pentenal,=,1.56,mM
64,1.9-diaminononane,Trans-2-pentenal,=,0.098,mM
64,"2,2'-(ethylenedioxy)bis(ethylamine)",Trans-2-pentenal,=,3.12,mM
64,"N'-(2-aminoethyl)-N'-methylethane-1,2-diamine",Trans-2-pentenal,=,0.78,mM
64,Bis(3-aminopropyl)amine,Trans-2-pentenal,=,0.39,mM
64,"3,3'-Diamino-N-methyldipropylamine",Trans-2-pentenal,=,3.12,mM
64,"1,11-diamino-3,6,9-trioxaundecane",citronellal,=,0.0061,mM
64,"1,6-Hexanediamine",citronellal,=,0.048,mM
64,"1,6-Hexanediamine",2-Pyridinecarboxaldehyde,=,3.12,mM
64,"1,5-diamino-3-azapentane",2-Pyridinecarboxaldehyde,=,12.5,mM
64,"1,11-diamino-3,6,9-trioxaundecane",(E)-hept-2-enal,=,0.049,mM
64,"1,6-Hexanediamine",(E)-hept-2-enal,=,0.048,mM
64,"1,5-diamino-3-azapentane",(E)-hept-2-enal,=,1.5,mM
64,"1,11-diamino-3,6,9-trioxaundecane","(2E,4E)-deca-2,4-dienal",=,0.049,mM
64,"1,5-diamino-3-azapentane","(2E,4E)-deca-2,4-dienal",=,0.75,mM
64,"1,11-diamino-3,6,9-trioxaundecane",Cinnamaldehyde,=,0.19,mM
64,"1,5-diamino-3-azapentane",Cinnamaldehyde,=,3,mM
64,"1,11-diamino-3,6,9-trioxaundecane",p-Bromo benzaldehyde,=,6.25,mM
64,"1,6-Hexanediamine",p-Bromo benzaldehyde,=,6.25,mM
64,"1,5-diamino-3-azapentane",p-Bromo benzaldehyde,=,3.12,mM
64,"1,11-diamino-3,6,9-trioxaundecane",(E)-non-2-enal,=,0.048,mM
64,"1,5-diamino-3-azapentane",(E)-non-2-enal,=,0.38,mM
64,"1,11-diamino-3,6,9-trioxaundecane","(2E)-nona-2,6-dienal",=,0.098,mM
64,"1,5-diamino-3-azapentane","(2E)-nona-2,6-dienal",=,0.19,mM
64,"1,6-Hexanediamine",Citral,=,0.19,mM
64,"1,5-diamino-3-azapentane",Citral,=,0.19,mM
64,"1,11-diamino-3,6,9-trioxaundecane",(E)-hex-2-enal,=,0.19,mM
64,"1,6-Hexanediamine",(E)-hex-2-enal,=,0.39,mM
64,"1,5-diamino-3-azapentane",(E)-hex-2-enal,=,3,mM
64,"1,11-diamino-3,6,9-trioxaundecane",Formaldehyde,=,3.12,mM
64,"1,5-diamino-3-azapentane",Formaldehyde,=,12.5,mM
65,"N-bis-(2-amino-ethyl)-ethane-1,2-diamine",(E)-2-Octenal,=,0.196,mM
65,"2,2-bis(2-aminoethoxy)propane",(E)-2-Octenal,=,0.098,mM
65,(Z)-[bis(2-aminoethyl)amino]-hydroxyimino-oxidoazanium,(E)-2-Octenal,=,0.098,mM
65,"1,7-Diaminoheptane",(E)-2-Octenal,=,0.049,mM
65,"2,2'-diaminodiethyl ether",(E)-2-Octenal,=,0.098,mM
65,"1,5-diaminopentane",(E)-2-Octenal,=,0.098,mM
65,"1,4-diaminobutane",(E)-2-Octenal,=,0.098,mM
65,p-Phenylenediamine,(E)-2-Octenal,>,12.5,mM
65,"(3-aminopropyl)-1,2-ethylenediamine",(E)-2-Octenal,=,0.39,mM
65,"1,6-Hexanediamine",(E)-2-Octenal,=,0.098,mM
65,1.9-diaminononane,(E)-2-Octenal,=,0.098,mM
65,"2,2'-(ethylenedioxy)bis(ethylamine)",(E)-2-Octenal,=,0.049,mM
65,"2,2',2''-triaminotriethylamine",(E)-2-Octenal,=,0.098,mM
65,"N'-(2-aminoethyl)-N'-methylethane-1,2-diamine",(E)-2-Octenal,=,0.049,mM
65,"1,5-diamino-3-azapentane",(E)-2-Octenal,=,0.38,mM
65,Bis(3-aminopropyl)amine,(E)-2-Octenal,=,0.75,mM
65,"3,3'-Diamino-N-methyldipropylamine",(E)-2-Octenal,=,0.098,mM
65,Spermine,(E)-2-Octenal,=,0.75,mM
65,"1,11-diamino-3,6,9-trioxaundecane",1H-Imidazole-2-carboxaldehyde,=,0.39,mM
65,"1,6-Hexanediamine",1H-Imidazole-2-carboxaldehyde,=,3.12,mM
65,"1,5-diamino-3-azapentane",1H-Imidazole-2-carboxaldehyde,=,0.78,mM
65,"1,11-diamino-3,6,9-trioxaundecane",4-Ethynylbenzaldehyde,=,3.12,mM
65,"1,5-diamino-3-azapentane",4-Ethynylbenzaldehyde,>,12.5,mM
65,"1,11-diamino-3,6,9-trioxaundecane","3,4-Dihydroxybenzaldehyde",=,6.25,mM
65,"1,6-Hexanediamine","3,4-Dihydroxybenzaldehyde",=,6.25,mM
65,"1,6-Hexanediamine",(E)-Dec-2-enal,=,0.098,mM
65,"1,5-diamino-3-azapentane",(E)-Dec-2-enal,=,1.5,mM
65,"2,2-bis(2-aminoethoxy)propane","2,6-Dimethyl-5-heptenal",>,12.5,mM
65,(Z)-[bis(2-aminoethyl)amino]-hydroxyimino-oxidoazanium,"2,6-Dimethyl-5-heptenal",=,6.25,mM
65,cystamine dihydrochloride,"2,6-Dimethyl-5-heptenal",=,6.25,mM
65,"1,7-Diaminoheptane","2,6-Dimethyl-5-heptenal",=,3.12,mM
65,"1,5-diaminopentane","2,6-Dimethyl-5-heptenal",=,6.25,mM
65,"1,4-diaminobutane","2,6-Dimethyl-5-heptenal",=,3.12,mM
65,"2,5-Bis(aminomethyl)furan","2,6-Dimethyl-5-heptenal",=,6.25,mM
65,"1,8-diaminooctan","2,6-Dimethyl-5-heptenal",=,1.56,mM
65,p-Phenylenediamine,"2,6-Dimethyl-5-heptenal",=,1.56,mM
65,"3,7-diazanonane-1,9-diamine","2,6-Dimethyl-5-heptenal",=,6.25,mM
65,"(3-aminopropyl)-1,2-ethylenediamine","2,6-Dimethyl-5-heptenal",=,12.5,mM
65,"1,6-Hexanediamine","2,6-Dimethyl-5-heptenal",=,6.25,mM
65,"1,3-bis(aminomethyl)cyclohexane","2,6-Dimethyl-5-heptenal",=,12.5,mM
65,1.9-diaminononane,"2,6-Dimethyl-5-heptenal",=,1.56,mM
65,"2,2'-(ethylenedioxy)bis(ethylamine)","2,6-Dimethyl-5-heptenal",=,3.12,mM
65,"N'-(2-aminoethyl)-N'-methylethane-1,2-diamine","2,6-Dimethyl-5-heptenal",>,12.5,mM
65,Spermidine,"2,6-Dimethyl-5-heptenal",=,6.25,mM
65,Bis(3-aminopropyl)amine,"2,6-Dimethyl-5-heptenal",=,3.12,mM
65,"3,3'-Diamino-N-methyldipropylamine","2,6-Dimethyl-5-heptenal",=,12.5,mM
65,Spermine,"2,6-Dimethyl-5-heptenal",=,6.25,mM
65,"1,11-diamino-3,6,9-trioxaundecane",4-Nitrobenzaldehyde,=,1.56,mM
65,"1,6-Hexanediamine",4-Nitrobenzaldehyde,=,3.12,mM
65,"1,5-diamino-3-azapentane",4-Nitrobenzaldehyde,=,3.12,mM
65,"1,6-Hexanediamine",Hexanal,=,0.048,mM
65,"1,5-diamino-3-azapentane",Hexanal,=,0.78,mM
65,"1,11-diamino-3,6,9-trioxaundecane",Vanillin,=,12.5,mM
65,"1,6-Hexanediamine",Vanillin,=,6.25,mM
65,"1,5-diamino-3-azapentane",Vanillin,=,1.5,mM
65,"1,11-diamino-3,6,9-trioxaundecane",Octyl aldehyde,=,0.024,mM
65,"1,6-Hexanediamine",Octyl aldehyde,=,0.098,mM
65,"1,6-Hexanediamine",Nonyl aldehyde,=,0.19,mM
65,"1,5-diamino-3-azapentane",Nonyl aldehyde,=,0.098,mM
65,"N-bis-(2-amino-ethyl)-ethane-1,2-diamine",Trans-2-pentenal,=,6.25,mM
65,"2,2-bis(2-aminoethoxy)propane",Trans-2-pentenal,=,1.56,mM
65,(Z)-[bis(2-aminoethyl)amino]-hydroxyimino-oxidoazanium,Trans-2-pentenal,=,0.39,mM
65,"1,7-Diaminoheptane",Trans-2-pentenal,=,0.39,mM
65,"2,2'-diaminodiethyl ether",Trans-2-pentenal,=,3.12,mM
65,"1,4-diaminobutane",Trans-2-pentenal,=,0.19,mM
65,"1,8-diaminooctan",Trans-2-pentenal,=,0.39,mM
65,p-Phenylenediamine,Trans-2-pentenal,>,12.5,mM
65,"3,7-diazanonane-1,9-diamine",Trans-2-pentenal,=,6.25,mM
65,"(3-aminopropyl)-1,2-ethylenediamine",Trans-2-pentenal,=,6.25,mM
65,"1,3-bis(aminomethyl)cyclohexane",Trans-2-pentenal,=,1.56,mM
65,"N'-(2-aminoethyl)-N'-methylethane-1,2-diamine",Trans-2-pentenal,=,0.78,mM
65,"1,5-diamino-3-azapentane",Trans-2-pentenal,=,6.25,mM
65,"3,3'-Diamino-N-methyldipropylamine",Trans-2-pentenal,=,3.12,mM
65,"1,6-Hexanediamine",citronellal,=,0.048,mM
65,"1,5-diamino-3-azapentane",citronellal,=,1.56,mM
65,"1,11-diamino-3,6,9-trioxaundecane",2-Pyridinecarboxaldehyde,=,3.12,mM
65,"1,6-Hexanediamine",2-Pyridinecarboxaldehyde,=,3.12,mM
65,"1,5-diamino-3-azapentane",2-Pyridinecarboxaldehyde,=,12.5,mM
65,"1,11-diamino-3,6,9-trioxaundecane",(E)-hept-2-enal,=,0.049,mM
65,"1,6-Hexanediamine",(E)-hept-2-enal,=,0.048,mM
65,"1,5-diamino-3-azapentane",(E)-hept-2-enal,=,1.5,mM
65,"1,11-diamino-3,6,9-trioxaundecane","(2E,4E)-deca-2,4-dienal",=,0.049,mM
65,"1,6-Hexanediamine","(2E,4E)-deca-2,4-dienal",=,0.19,mM
65,"1,5-diamino-3-azapentane","(2E,4E)-deca-2,4-dienal",=,0.75,mM
65,"1,11-diamino-3,6,9-trioxaundecane",Cinnamaldehyde,=,0.19,mM
65,"1,6-Hexanediamine",Cinnamaldehyde,=,0.39,mM
65,"1,5-diamino-3-azapentane",Cinnamaldehyde,=,3,mM
65,"1,11-diamino-3,6,9-trioxaundecane",p-Bromo benzaldehyde,=,6.25,mM
65,"1,6-Hexanediamine",p-Bromo benzaldehyde,=,6.25,mM
65,"1,5-diamino-3-azapentane",p-Bromo benzaldehyde,=,3.12,mM
65,"1,11-diamino-3,6,9-trioxaundecane","(2E)-nona-2,6-dienal",=,0.098,mM
65,"1,6-Hexanediamine","(2E)-nona-2,6-dienal",=,0.19,mM
65,"1,5-diamino-3-azapentane","(2E)-nona-2,6-dienal",=,0.19,mM
65,"1,11-diamino-3,6,9-trioxaundecane",Citral,=,0.098,mM
65,"1,6-Hexanediamine",Citral,=,0.19,mM
65,"1,5-diamino-3-azapentane",Citral,=,0.19,mM
65,"1,11-diamino-3,6,9-trioxaundecane",(E)-hex-2-enal,=,0.19,mM
65,"1,6-Hexanediamine",(E)-hex-2-enal,=,0.39,mM
65,"1,11-diamino-3,6,9-trioxaundecane",Formaldehyde,=,3.12,mM
65,"1,5-diamino-3-azapentane",Formaldehyde,=,12.5,mM
66,"2,2-bis(2-aminoethoxy)propane",(E)-2-Octenal,=,0.098,mM
66,(Z)-[bis(2-aminoethyl)amino]-hydroxyimino-oxidoazanium,(E)-2-Octenal,=,0.098,mM
66,"1,7-Diaminoheptane",(E)-2-Octenal,=,0.049,mM
66,"1,11-diamino-3,6,9-trioxaundecane",(E)-2-Octenal,=,0.098,mM
66,"1,5-diaminopentane",(E)-2-Octenal,=,0.098,mM
66,"1,4-diaminobutane",(E)-2-Octenal,=,0.098,mM
66,"1,8-diaminooctan",(E)-2-Octenal,=,0.098,mM
66,p-Phenylenediamine,(E)-2-Octenal,>,12.5,mM
66,Polyethylenimine linear,(E)-2-Octenal,=,0.38,mM
66,"3,7-diazanonane-1,9-diamine",(E)-2-Octenal,=,0.196,mM
66,"(3-aminopropyl)-1,2-ethylenediamine",(E)-2-Octenal,=,0.39,mM
66,"1,6-Hexanediamine",(E)-2-Octenal,=,0.098,mM
66,1.9-diaminononane,(E)-2-Octenal,=,0.098,mM
66,"2,2'-(ethylenedioxy)bis(ethylamine)",(E)-2-Octenal,=,0.049,mM
66,"N'-(2-aminoethyl)-N'-methylethane-1,2-diamine",(E)-2-Octenal,=,0.049,mM
66,"1,5-diamino-3-azapentane",(E)-2-Octenal,=,0.38,mM
66,Bis(3-aminopropyl)amine,(E)-2-Octenal,=,0.75,mM
66,"3,3'-Diamino-N-methyldipropylamine",(E)-2-Octenal,=,0.098,mM
66,"1,11-diamino-3,6,9-trioxaundecane",1H-Imidazole-2-carboxaldehyde,=,0.39,mM
66,"1,6-Hexanediamine",1H-Imidazole-2-carboxaldehyde,=,3.12,mM
66,"1,5-diamino-3-azapentane",4-Ethynylbenzaldehyde,>,12.5,mM
66,"1,11-diamino-3,6,9-trioxaundecane","3,4-Dihydroxybenzaldehyde",=,6.25,mM
66,"1,6-Hexanediamine","3,4-Dihydroxybenzaldehyde",=,6.25,mM
66,"1,6-Hexanediamine",(E)-Dec-2-enal,=,0.098,mM
66,"1,5-diamino-3-azapentane",(E)-Dec-2-enal,=,1.5,mM
66,"N-bis-(2-amino-ethyl)-ethane-1,2-diamine","2,6-Dimethyl-5-heptenal",=,3.12,mM
66,"2,2-bis(2-aminoethoxy)propane","2,6-Dimethyl-5-heptenal",>,12.5,mM
66,(Z)-[bis(2-aminoethyl)amino]-hydroxyimino-oxidoazanium,"2,6-Dimethyl-5-heptenal",=,6.25,mM
66,"1,7-Diaminoheptane","2,6-Dimethyl-5-heptenal",=,3.12,mM
66,"2,2'-diaminodiethyl ether","2,6-Dimethyl-5-heptenal",>,12.5,mM
66,"1,11-diamino-3,6,9-trioxaundecane","2,6-Dimethyl-5-heptenal",=,12.5,mM
66,"1,5-diaminopentane","2,6-Dimethyl-5-heptenal",=,6.25,mM
66,"1,4-diaminobutane","2,6-Dimethyl-5-heptenal",=,3.12,mM
66,"2,5-Bis(aminomethyl)furan","2,6-Dimethyl-5-heptenal",=,6.25,mM
66,"1,8-diaminooctan","2,6-Dimethyl-5-heptenal",=,1.56,mM
66,p-Phenylenediamine,"2,6-Dimethyl-5-heptenal",=,1.56,mM
66,"(3-aminopropyl)-1,2-ethylenediamine","2,6-Dimethyl-5-heptenal",=,12.5,mM
66,"1,3-di(aminomethyl)benzene","2,6-Dimethyl-5-heptenal",=,12.5,mM
66,1.9-diaminononane,"2,6-Dimethyl-5-heptenal",=,1.56,mM
66,"2,2'-(ethylenedioxy)bis(ethylamine)","2,6-Dimethyl-5-heptenal",=,3.12,mM
66,"N'-(2-aminoethyl)-N'-methylethane-1,2-diamine","2,6-Dimethyl-5-heptenal",>,12.5,mM
66,"1,5-diamino-3-azapentane","2,6-Dimethyl-5-heptenal",=,6.25,mM
66,Bis(3-aminopropyl)amine,"2,6-Dimethyl-5-heptenal",=,3.12,mM
66,"3,3'-Diamino-N-methyldipropylamine","2,6-Dimethyl-5-heptenal",=,12.5,mM
66,Spermine,"2,6-Dimethyl-5-heptenal",=,6.25,mM
66,"1,11-diamino-3,6,9-trioxaundecane",4-Nitrobenzaldehyde,=,1.56,mM
66,"1,5-diamino-3-azapentane",4-Nitrobenzaldehyde,=,3.12,mM
66,"1,6-Hexanediamine",Hexanal,=,0.048,mM
66,"1,5-diamino-3-azapentane",Hexanal,=,0.78,mM
66,"1,11-diamino-3,6,9-trioxaundecane",Vanillin,=,12.5,mM
66,"1,6-Hexanediamine",Vanillin,=,6.25,mM
66,"1,11-diamino-3,6,9-trioxaundecane",Octyl aldehyde,=,0.024,mM
66,"1,6-Hexanediamine",Octyl aldehyde,=,0.098,mM
66,"1,5-diamino-3-azapentane",Octyl aldehyde,=,0.39,mM
66,"1,6-Hexanediamine",Nonyl aldehyde,=,0.19,mM
66,"1,5-diamino-3-azapentane",Nonyl aldehyde,=,0.098,mM
66,"N-bis-(2-amino-ethyl)-ethane-1,2-diamine",Trans-2-pentenal,=,6.25,mM
66,"2,2-bis(2-aminoethoxy)propane",Trans-2-pentenal,=,1.56,mM
66,(Z)-[bis(2-aminoethyl)amino]-hydroxyimino-oxidoazanium,Trans-2-pentenal,=,0.39,mM
66,"1,7-Diaminoheptane",Trans-2-pentenal,=,0.39,mM
66,"2,2'-diaminodiethyl ether",Trans-2-pentenal,=,3.12,mM
66,"1,11-diamino-3,6,9-trioxaundecane",Trans-2-pentenal,=,3.12,mM
66,"1,5-diaminopentane",Trans-2-pentenal,=,1.56,mM
66,"1,4-diaminobutane",Trans-2-pentenal,=,0.19,mM
66,"1,8-diaminooctan",Trans-2-pentenal,=,0.39,mM
66,p-Phenylenediamine,Trans-2-pentenal,>,12.5,mM
66,"(3-aminopropyl)-1,2-ethylenediamine",Trans-2-pentenal,=,6.25,mM
66,"1,6-Hexanediamine",Trans-2-pentenal,=,0.19,mM
66,"1,3-bis(aminomethyl)cyclohexane",Trans-2-pentenal,=,1.56,mM
66,1.9-diaminononane,Trans-2-pentenal,=,0.098,mM
66,"2,2'-(ethylenedioxy)bis(ethylamine)",Trans-2-pentenal,=,3.12,mM
66,"N'-(2-aminoethyl)-N'-methylethane-1,2-diamine",Trans-2-pentenal,=,0.78,mM
66,"1,5-diamino-3-azapentane",Trans-2-pentenal,=,6.25,mM
66,Bis(3-aminopropyl)amine,Trans-2-pentenal,=,0.39,mM
66,"1,11-diamino-3,6,9-trioxaundecane",citronellal,=,0.0061,mM
66,"1,6-Hexanediamine",citronellal,=,0.048,mM
66,"1,5-diamino-3-azapentane",citronellal,=,1.56,mM
66,"1,11-diamino-3,6,9-trioxaundecane",2-Pyridinecarboxaldehyde,=,3.12,mM
66,"1,6-Hexanediamine",2-Pyridinecarboxaldehyde,=,3.12,mM
66,"1,5-diamino-3-azapentane",2-Pyridinecarboxaldehyde,=,12.5,mM
66,"1,11-diamino-3,6,9-trioxaundecane",(E)-hept-2-enal,=,0.049,mM
66,"1,6-Hexanediamine",(E)-hept-2-enal,=,0.048,mM
66,"1,5-diamino-3-azapentane",(E)-hept-2-enal,=,1.5,mM
66,"1,11-diamino-3,6,9-trioxaundecane","(2E,4E)-deca-2,4-dienal",=,0.049,mM
66,"1,6-Hexanediamine","(2E,4E)-deca-2,4-dienal",=,0.19,mM
66,"1,5-diamino-3-azapentane","(2E,4E)-deca-2,4-dienal",=,0.75,mM
66,"1,6-Hexanediamine",Cinnamaldehyde,=,0.39,mM
66,"1,5-diamino-3-azapentane",Cinnamaldehyde,=,3,mM
66,"1,11-diamino-3,6,9-trioxaundecane",p-Bromo benzaldehyde,=,6.25,mM
66,"1,6-Hexanediamine",p-Bromo benzaldehyde,=,6.25,mM
66,"1,5-diamino-3-azapentane",p-Bromo benzaldehyde,=,3.12,mM
66,"1,11-diamino-3,6,9-trioxaundecane",(E)-non-2-enal,=,0.048,mM
66,"1,6-Hexanediamine",(E)-non-2-enal,=,0.098,mM
66,"1,5-diamino-3-azapentane",(E)-non-2-enal,=,0.38,mM
66,"1,6-Hexanediamine","(2E)-nona-2,6-dienal",=,0.19,mM
66,"1,5-diamino-3-azapentane",Citral,=,0.19,mM
66,"1,11-diamino-3,6,9-trioxaundecane",(E)-hex-2-enal,=,0.19,mM
66,"1,6-Hexanediamine",(E)-hex-2-enal,=,0.39,mM
66,"1,5-diamino-3-azapentane",(E)-hex-2-enal,=,3,mM
66,"1,5-diamino-3-azapentane",Formaldehyde,=,12.5,mM
67,"N-bis-(2-amino-ethyl)-ethane-1,2-diamine",(E)-2-Octenal,=,0.196,mM
67,"2,2-bis(2-aminoethoxy)propane",(E)-2-Octenal,=,0.098,mM
67,"2,2'-diaminodiethyl ether",(E)-2-Octenal,=,0.098,mM
67,"1,11-diamino-3,6,9-trioxaundecane",(E)-2-Octenal,=,0.098,mM
67,"1,5-diaminopentane",(E)-2-Octenal,=,0.098,mM
67,"1,8-diaminooctan",(E)-2-Octenal,=,0.098,mM
67,p-Phenylenediamine,(E)-2-Octenal,>,12.5,mM
67,Polyethylenimine linear,(E)-2-Octenal,=,0.38,mM
67,"3,7-diazanonane-1,9-diamine",(E)-2-Octenal,=,0.196,mM
67,"(3-aminopropyl)-1,2-ethylenediamine",(E)-2-Octenal,=,0.39,mM
67,"1,6-Hexanediamine",(E)-2-Octenal,=,0.098,mM
67,"1,3-bis(aminomethyl)cyclohexane",(E)-2-Octenal,=,0.39,mM
67,1.9-diaminononane,(E)-2-Octenal,=,0.098,mM
67,"2,2',2''-triaminotriethylamine",(E)-2-Octenal,=,0.098,mM
67,"N'-(2-aminoethyl)-N'-methylethane-1,2-diamine",(E)-2-Octenal,=,0.049,mM
67,"1,5-diamino-3-azapentane",(E)-2-Octenal,=,0.38,mM
67,Bis(3-aminopropyl)amine,(E)-2-Octenal,=,0.75,mM
67,"3,3'-Diamino-N-methyldipropylamine",(E)-2-Octenal,=,0.098,mM
67,"1,11-diamino-3,6,9-trioxaundecane",1H-Imidazole-2-carboxaldehyde,=,0.39,mM
67,"1,6-Hexanediamine",1H-Imidazole-2-carboxaldehyde,=,3.12,mM
67,"1,11-diamino-3,6,9-trioxaundecane",4-Ethynylbenzaldehyde,=,3.12,mM
67,"1,5-diamino-3-azapentane",4-Ethynylbenzaldehyde,>,12.5,mM
67,"1,11-diamino-3,6,9-trioxaundecane","3,4-Dihydroxybenzaldehyde",=,6.25,mM
67,"1,6-Hexanediamine","3,4-Dihydroxybenzaldehyde",=,6.25,mM
67,"1,11-diamino-3,6,9-trioxaundecane",(E)-Dec-2-enal,=,0.024,mM
67,"1,6-Hexanediamine",(E)-Dec-2-enal,=,0.098,mM
67,"1,5-diamino-3-azapentane",(E)-Dec-2-enal,=,1.5,mM
67,(Z)-[bis(2-aminoethyl)amino]-hydroxyimino-oxidoazanium,"2,6-Dimethyl-5-heptenal",=,6.25,mM
67,cystamine dihydrochloride,"2,6-Dimethyl-5-heptenal",=,6.25,mM
67,"1,7-Diaminoheptane","2,6-Dimethyl-5-heptenal",=,3.12,mM
67,"2,2'-diaminodiethyl ether","2,6-Dimethyl-5-heptenal",>,12.5,mM
67,"1,11-diamino-3,6,9-trioxaundecane","2,6-Dimethyl-5-heptenal",=,12.5,mM
67,"1,4-diaminobutane","2,6-Dimethyl-5-heptenal",=,3.12,mM
67,"2,5-Bis(aminomethyl)furan","2,6-Dimethyl-5-heptenal",=,6.25,mM
67,"1,8-diaminooctan","2,6-Dimethyl-5-heptenal",=,1.56,mM
67,p-Phenylenediamine,"2,6-Dimethyl-5-heptenal",=,1.56,mM
67,"3,7-diazanonane-1,9-diamine","2,6-Dimethyl-5-heptenal",=,6.25,mM
67,"(3-aminopropyl)-1,2-ethylenediamine","2,6-Dimethyl-5-heptenal",=,12.5,mM
67,"1,6-Hexanediamine","2,6-Dimethyl-5-heptenal",=,6.25,mM
67,"1,3-di(aminomethyl)benzene","2,6-Dimethyl-5-heptenal",=,12.5,mM
67,"1,3-bis(aminomethyl)cyclohexane","2,6-Dimethyl-5-heptenal",=,12.5,mM
67,1.9-diaminononane,"2,6-Dimethyl-5-heptenal",=,1.56,mM
67,"2,2'-(ethylenedioxy)bis(ethylamine)","2,6-Dimethyl-5-heptenal",=,3.12,mM
67,"2,2',2''-triaminotriethylamine","2,6-Dimethyl-5-heptenal",=,3.12,mM
67,Spermidine,"2,6-Dimethyl-5-heptenal",=,6.25,mM
67,Bis(3-aminopropyl)amine,"2,6-Dimethyl-5-heptenal",=,3.12,mM
67,"3,3'-Diamino-N-methyldipropylamine","2,6-Dimethyl-5-heptenal",=,12.5,mM
67,Spermine,"2,6-Dimethyl-5-heptenal",=,6.25,mM
67,"1,11-diamino-3,6,9-trioxaundecane",4-Nitrobenzaldehyde,=,1.56,mM
67,"1,6-Hexanediamine",4-Nitrobenzaldehyde,=,3.12,mM
67,"1,5-diamino-3-azapentane",4-Nitrobenzaldehyde,=,3.12,mM
67,"1,6-Hexanediamine",Hexanal,=,0.048,mM
67,"1,5-diamino-3-azapentane",Hexanal,=,0.78,mM
67,"1,11-diamino-3,6,9-trioxaundecane",Vanillin,=,12.5,mM
67,"1,6-Hexanediamine",Vanillin,=,6.25,mM
67,"1,5-diamino-3-azapentane",Vanillin,=,1.5,mM
67,"1,11-diamino-3,6,9-trioxaundecane",Octyl aldehyde,=,0.024,mM
67,"1,6-Hexanediamine",Octyl aldehyde,=,0.098,mM
67,"1,5-diamino-3-azapentane",Octyl aldehyde,=,0.39,mM
67,"1,6-Hexanediamine",Nonyl aldehyde,=,0.19,mM
67,"1,5-diamino-3-azapentane",Nonyl aldehyde,=,0.098,mM
67,"N-bis-(2-amino-ethyl)-ethane-1,2-diamine",Trans-2-pentenal,=,6.25,mM
67,"2,2-bis(2-aminoethoxy)propane",Trans-2-pentenal,=,1.56,mM
67,"2,2'-diaminodiethyl ether",Trans-2-pentenal,=,3.12,mM
67,"1,11-diamino-3,6,9-trioxaundecane",Trans-2-pentenal,=,3.12,mM
67,p-Phenylenediamine,Trans-2-pentenal,>,12.5,mM
67,"3,7-diazanonane-1,9-diamine",Trans-2-pentenal,=,6.25,mM
67,1.9-diaminononane,Trans-2-pentenal,=,0.098,mM
67,"2,2'-(ethylenedioxy)bis(ethylamine)",Trans-2-pentenal,=,3.12,mM
67,"N'-(2-aminoethyl)-N'-methylethane-1,2-diamine",Trans-2-pentenal,=,0.78,mM
67,"1,5-diamino-3-azapentane",Trans-2-pentenal,=,6.25,mM
67,"3,3'-Diamino-N-methyldipropylamine",Trans-2-pentenal,=,3.12,mM
67,"1,11-diamino-3,6,9-trioxaundecane",citronellal,=,0.0061,mM
67,"1,6-Hexanediamine",citronellal,=,0.048,mM
67,"1,5-diamino-3-azapentane",citronellal,=,1.56,mM
67,"1,11-diamino-3,6,9-trioxaundecane",2-Pyridinecarboxaldehyde,=,3.12,mM
67,"1,5-diamino-3-azapentane",2-Pyridinecarboxaldehyde,=,12.5,mM
67,"1,11-diamino-3,6,9-trioxaundecane",(E)-hept-2-enal,=,0.049,mM
67,"1,6-Hexanediamine",(E)-hept-2-enal,=,0.048,mM
67,"1,11-diamino-3,6,9-trioxaundecane","(2E,4E)-deca-2,4-dienal",=,0.049,mM
67,"1,6-Hexanediamine","(2E,4E)-deca-2,4-dienal",=,0.19,mM
67,"1,5-diamino-3-azapentane","(2E,4E)-deca-2,4-dienal",=,0.75,mM
67,"1,11-diamino-3,6,9-trioxaundecane",Cinnamaldehyde,=,0.19,mM
67,"1,6-Hexanediamine",Cinnamaldehyde,=,0.39,mM
67,"1,5-diamino-3-azapentane",Cinnamaldehyde,=,3,mM
67,"1,11-diamino-3,6,9-trioxaundecane",p-Bromo benzaldehyde,=,6.25,mM
67,"1,6-Hexanediamine",p-Bromo benzaldehyde,=,6.25,mM
67,"1,11-diamino-3,6,9-trioxaundecane",(E)-non-2-enal,=,0.048,mM
67,"1,6-Hexanediamine",(E)-non-2-enal,=,0.098,mM
67,"1,5-diamino-3-azapentane",(E)-non-2-enal,=,0.38,mM
67,"1,11-diamino-3,6,9-trioxaundecane","(2E)-nona-2,6-dienal",=,0.098,mM
67,"1,6-Hexanediamine","(2E)-nona-2,6-dienal",=,0.19,mM
67,"1,11-diamino-3,6,9-trioxaundecane",Citral,=,0.098,mM
67,"1,6-Hexanediamine",Citral,=,0.19,mM
67,"1,5-diamino-3-azapentane",Citral,=,0.19,mM
67,"1,11-diamino-3,6,9-trioxaundecane",(E)-hex-2-enal,=,0.19,mM
67,"1,6-Hexanediamine",(E)-hex-2-enal,=,0.39,mM
67,"1,5-diamino-3-azapentane",(E)-hex-2-enal,=,3,mM
67,"1,11-diamino-3,6,9-trioxaundecane",Formaldehyde,=,3.12,mM
67,"1,5-diamino-3-azapentane",Formaldehyde,=,12.5,mM
68,(Z)-[bis(2-aminoethyl)amino]-hydroxyimino-oxidoazanium,(E)-2-Octenal,=,0.098,mM
68,"2,2'-diaminodiethyl ether",(E)-2-Octenal,=,0.098,mM
68,"1,11-diamino-3,6,9-trioxaundecane",(E)-2-Octenal,=,0.098,mM
68,"1,5-diaminopentane",(E)-2-Octenal,=,0.098,mM
68,"1,4-diaminobutane",(E)-2-Octenal,=,0.098,mM
68,"1,8-diaminooctan",(E)-2-Octenal,=,0.098,mM
68,p-Phenylenediamine,(E)-2-Octenal,>,12.5,mM
68,"(3-aminopropyl)-1,2-ethylenediamine",(E)-2-Octenal,=,0.39,mM
68,"1,6-Hexanediamine",(E)-2-Octenal,=,0.098,mM
68,"1,3-bis(aminomethyl)cyclohexane",(E)-2-Octenal,=,0.39,mM
68,1.9-diaminononane,(E)-2-Octenal,=,0.098,mM
68,"2,2'-(ethylenedioxy)bis(ethylamine)",(E)-2-Octenal,=,0.049,mM
68,"N'-(2-aminoethyl)-N'-methylethane-1,2-diamine",(E)-2-Octenal,=,0.049,mM
68,"1,5-diamino-3-azapentane",(E)-2-Octenal,=,0.38,mM
68,Bis(3-aminopropyl)amine,(E)-2-Octenal,=,0.75,mM
68,"3,3'-Diamino-N-methyldipropylamine",(E)-2-Octenal,=,0.098,mM
68,Spermine,(E)-2-Octenal,=,0.75,mM
68,"1,11-diamino-3,6,9-trioxaundecane",1H-Imidazole-2-carboxaldehyde,=,0.39,mM
68,"1,5-diamino-3-azapentane",1H-Imidazole-2-carboxaldehyde,=,0.78,mM
68,"1,11-diamino-3,6,9-trioxaundecane",4-Ethynylbenzaldehyde,=,3.12,mM
68,"1,5-diamino-3-azapentane",4-Ethynylbenzaldehyde,>,12.5,mM
68,"1,11-diamino-3,6,9-trioxaundecane","3,4-Dihydroxybenzaldehyde",=,6.25,mM
68,"1,6-Hexanediamine","3,4-Dihydroxybenzaldehyde",=,6.25,mM
68,"1,11-diamino-3,6,9-trioxaundecane",(E)-Dec-2-enal,=,0.024,mM
68,"1,5-diamino-3-azapentane",(E)-Dec-2-enal,=,1.5,mM
68,"2,2-bis(2-aminoethoxy)propane","2,6-Dimethyl-5-heptenal",>,12.5,mM
68,(Z)-[bis(2-aminoethyl)amino]-hydroxyimino-oxidoazanium,"2,6-Dimethyl-5-heptenal",=,6.25,mM
68,cystamine dihydrochloride,"2,6-Dimethyl-5-heptenal",=,6.25,mM
68,"2,2'-diaminodiethyl ether","2,6-Dimethyl-5-heptenal",>,12.5,mM
68,"1,11-diamino-3,6,9-trioxaundecane","2,6-Dimethyl-5-heptenal",=,12.5,mM
68,"1,5-diaminopentane","2,6-Dimethyl-5-heptenal",=,6.25,mM
68,"1,4-diaminobutane","2,6-Dimethyl-5-heptenal",=,3.12,mM
68,"2,5-Bis(aminomethyl)furan","2,6-Dimethyl-5-heptenal",=,6.25,mM
68,"1,8-diaminooctan","2,6-Dimethyl-5-heptenal",=,1.56,mM
68,p-Phenylenediamine,"2,6-Dimethyl-5-heptenal",=,1.56,mM
68,"3,7-diazanonane-1,9-diamine","2,6-Dimethyl-5-heptenal",=,6.25,mM
68,"(3-aminopropyl)-1,2-ethylenediamine","2,6-Dimethyl-5-heptenal",=,12.5,mM
68,"1,6-Hexanediamine","2,6-Dimethyl-5-heptenal",=,6.25,mM
68,"1,3-di(aminomethyl)benzene","2,6-Dimethyl-5-heptenal",=,12.5,mM
68,"1,3-bis(aminomethyl)cyclohexane","2,6-Dimethyl-5-heptenal",=,12.5,mM
68,"2,2'-(ethylenedioxy)bis(ethylamine)","2,6-Dimethyl-5-heptenal",=,3.12,mM
68,"2,2',2''-triaminotriethylamine","2,6-Dimethyl-5-heptenal",=,3.12,mM
68,"N'-(2-aminoethyl)-N'-methylethane-1,2-diamine","2,6-Dimethyl-5-heptenal",>,12.5,mM
68,Spermidine,"2,6-Dimethyl-5-heptenal",=,6.25,mM
68,Bis(3-aminopropyl)amine,"2,6-Dimethyl-5-heptenal",=,3.12,mM
68,"3,3'-Diamino-N-methyldipropylamine","2,6-Dimethyl-5-heptenal",=,12.5,mM
68,Spermine,"2,6-Dimethyl-5-heptenal",=,6.25,mM
68,"1,11-diamino-3,6,9-trioxaundecane",4-Nitrobenzaldehyde,=,1.56,mM
68,"1,6-Hexanediamine",4-Nitrobenzaldehyde,=,3.12,mM
68,"1,11-diamino-3,6,9-trioxaundecane",Hexanal,=,0.39,mM
68,"1,6-Hexanediamine",Hexanal,=,0.048,mM
68,"1,5-diamino-3-azapentane",Hexanal,=,0.78,mM
68,"1,11-diamino-3,6,9-trioxaundecane",Vanillin,=,12.5,mM
68,"1,5-diamino-3-azapentane",Vanillin,=,1.5,mM
68,"1,11-diamino-3,6,9-trioxaundecane",Octyl aldehyde,=,0.024,mM
68,"1,6-Hexanediamine",Nonyl aldehyde,=,0.19,mM
68,"1,5-diamino-3-azapentane",Nonyl aldehyde,=,0.098,mM
68,"N-bis-(2-amino-ethyl)-ethane-1,2-diamine",Trans-2-pentenal,=,6.25,mM
68,"2,2-bis(2-aminoethoxy)propane",Trans-2-pentenal,=,1.56,mM
68,(Z)-[bis(2-aminoethyl)amino]-hydroxyimino-oxidoazanium,Trans-2-pentenal,=,0.39,mM
68,"1,7-Diaminoheptane",Trans-2-pentenal,=,0.39,mM
68,"2,2'-diaminodiethyl ether",Trans-2-pentenal,=,3.12,mM
68,"1,11-diamino-3,6,9-trioxaundecane",Trans-2-pentenal,=,3.12,mM
68,"1,5-diaminopentane",Trans-2-pentenal,=,1.56,mM
68,"1,4-diaminobutane",Trans-2-pentenal,=,0.19,mM
68,"1,8-diaminooctan",Trans-2-pentenal,=,0.39,mM
68,p-Phenylenediamine,Trans-2-pentenal,>,12.5,mM
68,"3,7-diazanonane-1,9-diamine",Trans-2-pentenal,=,6.25,mM
68,"(3-aminopropyl)-1,2-ethylenediamine",Trans-2-pentenal,=,6.25,mM
68,"1,6-Hexanediamine",Trans-2-pentenal,=,0.19,mM
68,1.9-diaminononane,Trans-2-pentenal,=,0.098,mM
68,"1,5-diamino-3-azapentane",Trans-2-pentenal,=,6.25,mM
68,"3,3'-Diamino-N-methyldipropylamine",Trans-2-pentenal,=,3.12,mM
68,"1,11-diamino-3,6,9-trioxaundecane",citronellal,=,0.0061,mM
68,"1,6-Hexanediamine",citronellal,=,0.048,mM
68,"1,5-diamino-3-azapentane",citronellal,=,1.56,mM
68,"1,6-Hexanediamine",2-Pyridinecarboxaldehyde,=,3.12,mM
68,"1,5-diamino-3-azapentane",2-Pyridinecarboxaldehyde,=,12.5,mM
68,"1,11-diamino-3,6,9-trioxaundecane",(E)-hept-2-enal,=,0.049,mM
68,"1,6-Hexanediamine",(E)-hept-2-enal,=,0.048,mM
68,"1,11-diamino-3,6,9-trioxaundecane","(2E,4E)-deca-2,4-dienal",=,0.049,mM
68,"1,6-Hexanediamine","(2E,4E)-deca-2,4-dienal",=,0.19,mM
68,"1,5-diamino-3-azapentane","(2E,4E)-deca-2,4-dienal",=,0.75,mM
68,"1,11-diamino-3,6,9-trioxaundecane",Cinnamaldehyde,=,0.19,mM
68,"1,6-Hexanediamine",Cinnamaldehyde,=,0.39,mM
68,"1,5-diamino-3-azapentane",Cinnamaldehyde,=,3,mM
68,"1,11-diamino-3,6,9-trioxaundecane",p-Bromo benzaldehyde,=,6.25,mM
68,"1,6-Hexanediamine",p-Bromo benzaldehyde,=,6.25,mM
68,"1,6-Hexanediamine",(E)-non-2-enal,=,0.098,mM
68,"1,11-diamino-3,6,9-trioxaundecane","(2E)-nona-2,6-dienal",=,0.098,mM
68,"1,6-Hexanediamine","(2E)-nona-2,6-dienal",=,0.19,mM
68,"1,5-diamino-3-azapentane","(2E)-nona-2,6-dienal",=,0.19,mM
68,"1,11-diamino-3,6,9-trioxaundecane",Citral,=,0.098,mM
68,"1,6-Hexanediamine",Citral,=,0.19,mM
68,"1,5-diamino-3-azapentane",Citral,=,0.19,mM
68,"1,11-diamino-3,6,9-trioxaundecane",(E)-hex-2-enal,=,0.19,mM
68,"1,6-Hexanediamine",(E)-hex-2-enal,=,0.39,mM
68,"1,5-diamino-3-azapentane",(E)-hex-2-enal,=,3,mM
68,"1,11-diamino-3,6,9-trioxaundecane",Formaldehyde,=,3.12,mM
68,"1,5-diamino-3-azapentane",Formaldehyde,=,12.5,mM
69,"N-bis-(2-amino-ethyl)-ethane-1,2-diamine",(E)-2-Octenal,=,0.196,mM
69,"1,7-Diaminoheptane",(E)-2-Octenal,=,0.049,mM
69,"2,2'-diaminodiethyl ether",(E)-2-Octenal,=,0.098,mM
69,"1,11-diamino-3,6,9-trioxaundecane",(E)-2-Octenal,=,0.098,mM
69,"1,5-diaminopentane",(E)-2-Octenal,=,0.098,mM
69,"1,4-diaminobutane",(E)-2-Octenal,=,0.098,mM
69,"1,8-diaminooctan",(E)-2-Octenal,=,0.098,mM
69,p-Phenylenediamine,(E)-2-Octenal,>,12.5,mM
69,Polyethylenimine linear,(E)-2-Octenal,=,0.38,mM
69,"3,7-diazanonane-1,9-diamine",(E)-2-Octenal,=,0.196,mM
69,"1,6-Hexanediamine",(E)-2-Octenal,=,0.098,mM
69,"1,3-bis(aminomethyl)cyclohexane",(E)-2-Octenal,=,0.39,mM
69,1.9-diaminononane,(E)-2-Octenal,=,0.098,mM
69,"2,2'-(ethylenedioxy)bis(ethylamine)",(E)-2-Octenal,=,0.049,mM
69,"2,2',2''-triaminotriethylamine",(E)-2-Octenal,=,0.098,mM
69,"N'-(2-aminoethyl)-N'-methylethane-1,2-diamine",(E)-2-Octenal,=,0.049,mM
69,"1,5-diamino-3-azapentane",(E)-2-Octenal,=,0.38,mM
69,Bis(3-aminopropyl)amine,(E)-2-Octenal,=,0.75,mM
69,"3,3'-Diamino-N-methyldipropylamine",(E)-2-Octenal,=,0.098,mM
69,Spermine,(E)-2-Octenal,=,0.75,mM
69,"1,6-Hexanediamine",1H-Imidazole-2-carboxaldehyde,=,3.12,mM
69,"1,5-diamino-3-azapentane",1H-Imidazole-2-carboxaldehyde,=,0.78,mM
69,"1,11-diamino-3,6,9-trioxaundecane",4-Ethynylbenzaldehyde,=,3.12,mM
69,"1,5-diamino-3-azapentane",4-Ethynylbenzaldehyde,>,12.5,mM
69,"1,6-Hexanediamine","3,4-Dihydroxybenzaldehyde",=,6.25,mM
69,"1,6-Hexanediamine",(E)-Dec-2-enal,=,0.098,mM
69,"1,5-diamino-3-azapentane",(E)-Dec-2-enal,=,1.5,mM
69,(Z)-[bis(2-aminoethyl)amino]-hydroxyimino-oxidoazanium,"2,6-Dimethyl-5-heptenal",=,6.25,mM
69,cystamine dihydrochloride,"2,6-Dimethyl-5-heptenal",=,6.25,mM
69,"1,7-Diaminoheptane","2,6-Dimethyl-5-heptenal",=,3.12,mM
69,"1,11-diamino-3,6,9-trioxaundecane","2,6-Dimethyl-5-heptenal",=,12.5,mM
69,"1,5-diaminopentane","2,6-Dimethyl-5-heptenal",=,6.25,mM
69,"1,4-diaminobutane","2,6-Dimethyl-5-heptenal",=,3.12,mM
69,"2,5-Bis(aminomethyl)furan","2,6-Dimethyl-5-heptenal",=,6.25,mM
69,"1,8-diaminooctan","2,6-Dimethyl-5-heptenal",=,1.56,mM
69,"3,7-diazanonane-1,9-diamine","2,6-Dimethyl-5-heptenal",=,6.25,mM
69,"(3-aminopropyl)-1,2-ethylenediamine","2,6-Dimethyl-5-heptenal",=,12.5,mM
69,"1,6-Hexanediamine","2,6-Dimethyl-5-heptenal",=,6.25,mM
69,"1,3-di(aminomethyl)benzene","2,6-Dimethyl-5-heptenal",=,12.5,mM
69,"1,3-bis(aminomethyl)cyclohexane","2,6-Dimethyl-5-heptenal",=,12.5,mM
69,1.9-diaminononane,"2,6-Dimethyl-5-heptenal",=,1.56,mM
69,"2,2'-(ethylenedioxy)bis(ethylamine)","2,6-Dimethyl-5-heptenal",=,3.12,mM
69,"2,2',2''-triaminotriethylamine","2,6-Dimethyl-5-heptenal",=,3.12,mM
69,"N'-(2-aminoethyl)-N'-methylethane-1,2-diamine","2,6-Dimethyl-5-heptenal",>,12.5,mM
69,"1,5-diamino-3-azapentane","2,6-Dimethyl-5-heptenal",=,6.25,mM
69,Bis(3-aminopropyl)amine,"2,6-Dimethyl-5-heptenal",=,3.12,mM
69,Spermine,"2,6-Dimethyl-5-heptenal",=,6.25,mM
69,"1,5-diamino-3-azapentane",4-Nitrobenzaldehyde,=,3.12,mM
69,"1,6-Hexanediamine",Hexanal,=,0.048,mM
69,"1,11-diamino-3,6,9-trioxaundecane",Vanillin,=,12.5,mM
69,"1,6-Hexanediamine",Vanillin,=,6.25,mM
69,"1,11-diamino-3,6,9-trioxaundecane",Octyl aldehyde,=,0.024,mM
69,"1,6-Hexanediamine",Octyl aldehyde,=,0.098,mM
69,"1,5-diamino-3-azapentane",Octyl aldehyde,=,0.39,mM
69,"1,6-Hexanediamine",Nonyl aldehyde,=,0.19,mM
69,"1,5-diamino-3-azapentane",Nonyl aldehyde,=,0.098,mM
69,"2,2-bis(2-aminoethoxy)propane",Trans-2-pentenal,=,1.56,mM
69,(Z)-[bis(2-aminoethyl)amino]-hydroxyimino-oxidoazanium,Trans-2-pentenal,=,0.39,mM
69,"1,7-Diaminoheptane",Trans-2-pentenal,=,0.39,mM
69,"2,2'-diaminodiethyl ether",Trans-2-pentenal,=,3.12,mM
69,"1,11-diamino-3,6,9-trioxaundecane",Trans-2-pentenal,=,3.12,mM
69,"1,5-diaminopentane",Trans-2-pentenal,=,1.56,mM
69,"1,4-diaminobutane",Trans-2-pentenal,=,0.19,mM
69,"1,8-diaminooctan",Trans-2-pentenal,=,0.39,mM
69,"3,7-diazanonane-1,9-diamine",Trans-2-pentenal,=,6.25,mM
69,"1,6-Hexanediamine",Trans-2-pentenal,=,0.19,mM
69,"1,3-bis(aminomethyl)cyclohexane",Trans-2-pentenal,=,1.56,mM
69,1.9-diaminononane,Trans-2-pentenal,=,0.098,mM
69,"2,2'-(ethylenedioxy)bis(ethylamine)",Trans-2-pentenal,=,3.12,mM
69,"N'-(2-aminoethyl)-N'-methylethane-1,2-diamine",Trans-2-pentenal,=,0.78,mM
69,"1,5-diamino-3-azapentane",Trans-2-pentenal,=,6.25,mM
69,Bis(3-aminopropyl)amine,Trans-2-pentenal,=,0.39,mM
69,"3,3'-Diamino-N-methyldipropylamine",Trans-2-pentenal,=,3.12,mM
69,"1,11-diamino-3,6,9-trioxaundecane",citronellal,=,0.0061,mM
69,"1,6-Hexanediamine",citronellal,=,0.048,mM
69,"1,5-diamino-3-azapentane",citronellal,=,1.56,mM
69,"1,11-diamino-3,6,9-trioxaundecane",2-Pyridinecarboxaldehyde,=,3.12,mM
69,"1,6-Hexanediamine",2-Pyridinecarboxaldehyde,=,3.12,mM
69,"1,5-diamino-3-azapentane",2-Pyridinecarboxaldehyde,=,12.5,mM
69,"1,11-diamino-3,6,9-trioxaundecane",(E)-hept-2-enal,=,0.049,mM
69,"1,6-Hexanediamine",(E)-hept-2-enal,=,0.048,mM
69,"1,5-diamino-3-azapentane",(E)-hept-2-enal,=,1.5,mM
69,"1,11-diamino-3,6,9-trioxaundecane","(2E,4E)-deca-2,4-dienal",=,0.049,mM
69,"1,6-Hexanediamine","(2E,4E)-deca-2,4-dienal",=,0.19,mM
69,"1,11-diamino-3,6,9-trioxaundecane",Cinnamaldehyde,=,0.19,mM
69,"1,6-Hexanediamine",Cinnamaldehyde,=,0.39,mM
69,"1,11-diamino-3,6,9-trioxaundecane",p-Bromo benzaldehyde,=,6.25,mM
69,"1,11-diamino-3,6,9-trioxaundecane",(E)-non-2-enal,=,0.048,mM
69,"1,6-Hexanediamine",(E)-non-2-enal,=,0.098,mM
69,"1,5-diamino-3-azapentane",(E)-non-2-enal,=,0.38,mM
69,"1,11-diamino-3,6,9-trioxaundecane","(2E)-nona-2,6-dienal",=,0.098,mM
69,"1,6-Hexanediamine","(2E)-nona-2,6-dienal",=,0.19,mM
69,"1,5-diamino-3-azapentane","(2E)-nona-2,6-dienal",=,0.19,mM
69,"1,11-diamino-3,6,9-trioxaundecane",Citral,=,0.098,mM
69,"1,6-Hexanediamine",Citral,=,0.19,mM
69,"1,5-diamino-3-azapentane",Citral,=,0.19,mM
69,"1,6-Hexanediamine",(E)-hex-2-enal,=,0.39,mM
69,"1,5-diamino-3-azapentane",(E)-hex-2-enal,=,3,mM
69,"1,11-diamino-3,6,9-trioxaundecane",Formaldehyde,=,3.12,mM
69,"1,5-diamino-3-azapentane",Formaldehyde,=,12.5,mM
70,"N-bis-(2-amino-ethyl)-ethane-1,2-diamine",(E)-2-Octenal,=,0.196,mM
70,"2,2-bis(2-aminoethoxy)propane",(E)-2-Octenal,=,0.098,mM
70,(Z)-[bis(2-aminoethyl)amino]-hydroxyimino-oxidoazanium,(E)-2-Octenal,=,0.098,mM
70,"2,2'-diaminodiethyl ether",(E)-2-Octenal,=,0.098,mM
70,"1,11-diamino-3,6,9-trioxaundecane",(E)-2-Octenal,=,0.098,mM
70,"1,5-diaminopentane",(E)-2-Octenal,=,0.098,mM
70,"1,8-diaminooctan",(E)-2-Octenal,=,0.098,mM
70,p-Phenylenediamine,(E)-2-Octenal,>,12.5,mM
70,"3,7-diazanonane-1,9-diamine",(E)-2-Octenal,=,0.196,mM
70,"(3-aminopropyl)-1,2-ethylenediamine",(E)-2-Octenal,=,0.39,mM
70,"1,6-Hexanediamine",(E)-2-Octenal,=,0.098,mM
70,1.9-diaminononane,(E)-2-Octenal,=,0.098,mM
70,"2,2',2''-triaminotriethylamine",(E)-2-Octenal,=,0.098,mM
70,"N'-(2-aminoethyl)-N'-methylethane-1,2-diamine",(E)-2-Octenal,=,0.049,mM
70,"1,5-diamino-3-azapentane",(E)-2-Octenal,=,0.38,mM
70,Bis(3-aminopropyl)amine,(E)-2-Octenal,=,0.75,mM
70,Spermine,(E)-2-Octenal,=,0.75,mM
70,"1,11-diamino-3,6,9-trioxaundecane",1H-Imidazole-2-carboxaldehyde,=,0.39,mM
70,"1,6-Hexanediamine",1H-Imidazole-2-carboxaldehyde,=,3.12,mM
70,"1,5-diamino-3-azapentane",1H-Imidazole-2-carboxaldehyde,=,0.78,mM
70,"1,11-diamino-3,6,9-trioxaundecane",4-Ethynylbenzaldehyde,=,3.12,mM
70,"1,5-diamino-3-azapentane",4-Ethynylbenzaldehyde,>,12.5,mM
70,"1,11-diamino-3,6,9-trioxaundecane","3,4-Dihydroxybenzaldehyde",=,6.25,mM
70,"1,6-Hexanediamine","3,4-Dihydroxybenzaldehyde",=,6.25,mM
70,"1,11-diamino-3,6,9-trioxaundecane",(E)-Dec-2-enal,=,0.024,mM
70,"1,5-diamino-3-azapentane",(E)-Dec-2-enal,=,1.5,mM
70,"N-bis-(2-amino-ethyl)-ethane-1,2-diamine","2,6-Dimethyl-5-heptenal",=,3.12,mM
70,"2,2-bis(2-aminoethoxy)propane","2,6-Dimethyl-5-heptenal",>,12.5,mM
70,cystamine dihydrochloride,"2,6-Dimethyl-5-heptenal",=,6.25,mM
70,"1,7-Diaminoheptane","2,6-Dimethyl-5-heptenal",=,3.12,mM
70,"2,2'-diaminodiethyl ether","2,6-Dimethyl-5-heptenal",>,12.5,mM
70,"1,11-diamino-3,6,9-trioxaundecane","2,6-Dimethyl-5-heptenal",=,12.5,mM
70,"1,5-diaminopentane","2,6-Dimethyl-5-heptenal",=,6.25,mM
70,"1,4-diaminobutane","2,6-Dimethyl-5-heptenal",=,3.12,mM
70,"2,5-Bis(aminomethyl)furan","2,6-Dimethyl-5-heptenal",=,6.25,mM
70,"1,8-diaminooctan","2,6-Dimethyl-5-heptenal",=,1.56,mM
70,p-Phenylenediamine,"2,6-Dimethyl-5-heptenal",=,1.56,mM
70,"(3-aminopropyl)-1,2-ethylenediamine","2,6-Dimethyl-5-heptenal",=,12.5,mM
70,"1,6-Hexanediamine","2,6-Dimethyl-5-heptenal",=,6.25,mM
70,1.9-diaminononane,"2,6-Dimethyl-5-heptenal",=,1.56,mM
70,"2,2'-(ethylenedioxy)bis(ethylamine)","2,6-Dimethyl-5-heptenal",=,3.12,mM
70,"2,2',2''-triaminotriethylamine","2,6-Dimethyl-5-heptenal",=,3.12,mM
70,Spermidine,"2,6-Dimethyl-5-heptenal",=,6.25,mM
70,"1,5-diamino-3-azapentane","2,6-Dimethyl-5-heptenal",=,6.25,mM
70,"3,3'-Diamino-N-methyldipropylamine","2,6-Dimethyl-5-heptenal",=,12.5,mM
70,Spermine,"2,6-Dimethyl-5-heptenal",=,6.25,mM
70,"1,11-diamino-3,6,9-trioxaundecane",4-Nitrobenzaldehyde,=,1.56,mM
70,"1,6-Hexanediamine",4-Nitrobenzaldehyde,=,3.12,mM
70,"1,11-diamino-3,6,9-trioxaundecane",Hexanal,=,0.39,mM
70,"1,6-Hexanediamine",Hexanal,=,0.048,mM
70,"1,5-diamino-3-azapentane",Hexanal,=,0.78,mM
70,"1,11-diamino-3,6,9-trioxaundecane",Vanillin,=,12.5,mM
70,"1,11-diamino-3,6,9-trioxaundecane",Octyl aldehyde,=,0.024,mM
70,"1,6-Hexanediamine",Octyl aldehyde,=,0.098,mM
70,"1,5-diamino-3-azapentane",Octyl aldehyde,=,0.39,mM
70,"1,6-Hexanediamine",Nonyl aldehyde,=,0.19,mM
70,"1,5-diamino-3-azapentane",Nonyl aldehyde,=,0.098,mM
70,"2,2-bis(2-aminoethoxy)propane",Trans-2-pentenal,=,1.56,mM
70,"1,7-Diaminoheptane",Trans-2-pentenal,=,0.39,mM
70,"1,11-diamino-3,6,9-trioxaundecane",Trans-2-pentenal,=,3.12,mM
70,"1,5-diaminopentane",Trans-2-pentenal,=,1.56,mM
70,"1,4-diaminobutane",Trans-2-pentenal,=,0.19,mM
70,"1,8-diaminooctan",Trans-2-pentenal,=,0.39,mM
70,p-Phenylenediamine,Trans-2-pentenal,>,12.5,mM
70,"(3-aminopropyl)-1,2-ethylenediamine",Trans-2-pentenal,=,6.25,mM
70,"1,6-Hexanediamine",Trans-2-pentenal,=,0.19,mM
70,"1,3-bis(aminomethyl)cyclohexane",Trans-2-pentenal,=,1.56,mM
70,1.9-diaminononane,Trans-2-pentenal,=,0.098,mM
70,"2,2'-(ethylenedioxy)bis(ethylamine)",Trans-2-pentenal,=,3.12,mM
70,"N'-(2-aminoethyl)-N'-methylethane-1,2-diamine",Trans-2-pentenal,=,0.78,mM
70,"1,5-diamino-3-azapentane",Trans-2-pentenal,=,6.25,mM
70,"3,3'-Diamino-N-methyldipropylamine",Trans-2-pentenal,=,3.12,mM
70,"1,11-diamino-3,6,9-trioxaundecane",citronellal,=,0.0061,mM
70,"1,6-Hexanediamine",citronellal,=,0.048,mM
70,"1,5-diamino-3-azapentane",citronellal,=,1.56,mM
70,"1,11-diamino-3,6,9-trioxaundecane",2-Pyridinecarboxaldehyde,=,3.12,mM
70,"1,6-Hexanediamine",2-Pyridinecarboxaldehyde,=,3.12,mM
70,"1,5-diamino-3-azapentane",2-Pyridinecarboxaldehyde,=,12.5,mM
70,"1,11-diamino-3,6,9-trioxaundecane",(E)-hept-2-enal,=,0.049,mM
70,"1,6-Hexanediamine",(E)-hept-2-enal,=,0.048,mM
70,"1,11-diamino-3,6,9-trioxaundecane","(2E,4E)-deca-2,4-dienal",=,0.049,mM
70,"1,6-Hexanediamine","(2E,4E)-deca-2,4-dienal",=,0.19,mM
70,"1,5-diamino-3-azapentane","(2E,4E)-deca-2,4-dienal",=,0.75,mM
70,"1,11-diamino-3,6,9-trioxaundecane",Cinnamaldehyde,=,0.19,mM
70,"1,6-Hexanediamine",Cinnamaldehyde,=,0.39,mM
70,"1,11-diamino-3,6,9-trioxaundecane",p-Bromo benzaldehyde,=,6.25,mM
70,"1,6-Hexanediamine",p-Bromo benzaldehyde,=,6.25,mM
70,"1,5-diamino-3-azapentane",p-Bromo benzaldehyde,=,3.12,mM
70,"1,6-Hexanediamine",(E)-non-2-enal,=,0.098,mM
70,"1,5-diamino-3-azapentane",(E)-non-2-enal,=,0.38,mM
70,"1,11-diamino-3,6,9-trioxaundecane","(2E)-nona-2,6-dienal",=,0.098,mM
70,"1,6-Hexanediamine","(2E)-nona-2,6-dienal",=,0.19,mM
70,"1,5-diamino-3-azapentane","(2E)-nona-2,6-dienal",=,0.19,mM
70,"1,11-diamino-3,6,9-trioxaundecane",Citral,=,0.098,mM
70,"1,6-Hexanediamine",Citral,=,0.19,mM
70,"1,5-diamino-3-azapentane",Citral,=,0.19,mM
70,"1,6-Hexanediamine",(E)-hex-2-enal,=,0.39,mM
70,"1,5-diamino-3-azapentane",(E)-hex-2-enal,=,3,mM
70,"1,11-diamino-3,6,9-trioxaundecane",Formaldehyde,=,3.12,mM
70,"1,5-diamino-3-azapentane",Formaldehyde,=,12.5,mM
71,"N-bis-(2-amino-ethyl)-ethane-1,2-diamine",(E)-2-Octenal,=,0.196,mM
71,"2,2-bis(2-aminoethoxy)propane",(E)-2-Octenal,=,0.098,mM
71,(Z)-[bis(2-aminoethyl)amino]-hydroxyimino-oxidoazanium,(E)-2-Octenal,=,0.098,mM
71,"1,7-Diaminoheptane",(E)-2-Octenal,=,0.049,mM
71,"2,2'-diaminodiethyl ether",(E)-2-Octenal,=,0.098,mM
71,"1,4-diaminobutane",(E)-2-Octenal,=,0.098,mM
71,"1,8-diaminooctan",(E)-2-Octenal,=,0.098,mM
71,Polyethylenimine linear,(E)-2-Octenal,=,0.38,mM
71,"3,7-diazanonane-1,9-diamine",(E)-2-Octenal,=,0.196,mM
71,"(3-aminopropyl)-1,2-ethylenediamine",(E)-2-Octenal,=,0.39,mM
71,"1,3-bis(aminomethyl)cyclohexane",(E)-2-Octenal,=,0.39,mM
71,"2,2'-(ethylenedioxy)bis(ethylamine)",(E)-2-Octenal,=,0.049,mM
71,"2,2',2''-triaminotriethylamine",(E)-2-Octenal,=,0.098,mM
71,"N'-(2-aminoethyl)-N'-methylethane-1,2-diamine",(E)-2-Octenal,=,0.049,mM
71,Bis(3-aminopropyl)amine,(E)-2-Octenal,=,0.75,mM
71,Spermine,(E)-2-Octenal,=,0.75,mM
71,"1,11-diamino-3,6,9-trioxaundecane",1H-Imidazole-2-carboxaldehyde,=,0.39,mM
71,"1,6-Hexanediamine",1H-Imidazole-2-carboxaldehyde,=,3.12,mM
71,"1,5-diamino-3-azapentane",1H-Imidazole-2-carboxaldehyde,=,0.78,mM
71,"1,11-diamino-3,6,9-trioxaundecane",4-Ethynylbenzaldehyde,=,3.12,mM
71,"1,5-diamino-3-azapentane",4-Ethynylbenzaldehyde,>,12.5,mM
71,"1,11-diamino-3,6,9-trioxaundecane","3,4-Dihydroxybenzaldehyde",=,6.25,mM
71,"1,6-Hexanediamine","3,4-Dihydroxybenzaldehyde",=,6.25,mM
71,"1,11-diamino-3,6,9-trioxaundecane",(E)-Dec-2-enal,=,0.024,mM
71,"1,6-Hexanediamine",(E)-Dec-2-enal,=,0.098,mM
71,"1,5-diamino-3-azapentane",(E)-Dec-2-enal,=,1.5,mM
71,"N-bis-(2-amino-ethyl)-ethane-1,2-diamine","2,6-Dimethyl-5-heptenal",=,3.12,mM
71,"2,2-bis(2-aminoethoxy)propane","2,6-Dimethyl-5-heptenal",>,12.5,mM
71,(Z)-[bis(2-aminoethyl)amino]-hydroxyimino-oxidoazanium,"2,6-Dimethyl-5-heptenal",=,6.25,mM
71,"2,2'-diaminodiethyl ether","2,6-Dimethyl-5-heptenal",>,12.5,mM
71,"1,11-diamino-3,6,9-trioxaundecane","2,6-Dimethyl-5-heptenal",=,12.5,mM
71,"1,5-diaminopentane","2,6-Dimethyl-5-heptenal",=,6.25,mM
71,"1,4-diaminobutane","2,6-Dimethyl-5-heptenal",=,3.12,mM
71,"1,8-diaminooctan","2,6-Dimethyl-5-heptenal",=,1.56,mM
71,p-Phenylenediamine,"2,6-Dimethyl-5-heptenal",=,1.56,mM
71,"3,7-diazanonane-1,9-diamine","2,6-Dimethyl-5-heptenal",=,6.25,mM
71,"(3-aminopropyl)-1,2-ethylenediamine","2,6-Dimethyl-5-heptenal",=,12.5,mM
71,"1,6-Hexanediamine","2,6-Dimethyl-5-heptenal",=,6.25,mM
71,"1,3-di(aminomethyl)benzene","2,6-Dimethyl-5-heptenal",=,12.5,mM
71,"1,3-bis(aminomethyl)cyclohexane","2,6-Dimethyl-5-heptenal",=,12.5,mM
71,1.9-diaminononane,"2,6-Dimethyl-5-heptenal",=,1.56,mM
71,"2,2',2''-triaminotriethylamine","2,6-Dimethyl-5-heptenal",=,3.12,mM
71,"N'-(2-aminoethyl)-N'-methylethane-1,2-diamine","2,6-Dimethyl-5-heptenal",>,12.5,mM
71,Spermidine,"2,6-Dimethyl-5-heptenal",=,6.25,mM
71,"1,5-diamino-3-azapentane","2,6-Dimethyl-5-heptenal",=,6.25,mM
71,"3,3'-Diamino-N-methyldipropylamine","2,6-Dimethyl-5-heptenal",=,12.5,mM
71,Spermine,"2,6-Dimethyl-5-heptenal",=,6.25,mM
71,"1,11-diamino-3,6,9-trioxaundecane",4-Nitrobenzaldehyde,=,1.56,mM
71,"1,5-diamino-3-azapentane",4-Nitrobenzaldehyde,=,3.12,mM
71,"1,11-diamino-3,6,9-trioxaundecane",Hexanal,=,0.39,mM
71,"1,6-Hexanediamine",Hexanal,=,0.048,mM
71,"1,5-diamino-3-azapentane",Hexanal,=,0.78,mM
71,"1,11-diamino-3,6,9-trioxaundecane",Vanillin,=,12.5,mM
71,"1,5-diamino-3-azapentane",Vanillin,=,1.5,mM
71,"1,11-diamino-3,6,9-trioxaundecane",Octyl aldehyde,=,0.024,mM
71,"1,6-Hexanediamine",Octyl aldehyde,=,0.098,mM
71,"1,5-diamino-3-azapentane",Octyl aldehyde,=,0.39,mM
71,"1,5-diamino-3-azapentane",Nonyl aldehyde,=,0.098,mM
71,"N-bis-(2-amino-ethyl)-ethane-1,2-diamine",Trans-2-pentenal,=,6.25,mM
71,"2,2-bis(2-aminoethoxy)propane",Trans-2-pentenal,=,1.56,mM
71,(Z)-[bis(2-aminoethyl)amino]-hydroxyimino-oxidoazanium,Trans-2-pentenal,=,0.39,mM
71,"1,7-Diaminoheptane",Trans-2-pentenal,=,0.39,mM
71,"2,2'-diaminodiethyl ether",Trans-2-pentenal,=,3.12,mM
71,"1,11-diamino-3,6,9-trioxaundecane",Trans-2-pentenal,=,3.12,mM
71,"1,5-diaminopentane",Trans-2-pentenal,=,1.56,mM
71,"1,8-diaminooctan",Trans-2-pentenal,=,0.39,mM
71,p-Phenylenediamine,Trans-2-pentenal,>,12.5,mM
71,"3,7-diazanonane-1,9-diamine",Trans-2-pentenal,=,6.25,mM
71,"(3-aminopropyl)-1,2-ethylenediamine",Trans-2-pentenal,=,6.25,mM
71,"1,6-Hexanediamine",Trans-2-pentenal,=,0.19,mM
71,"1,3-bis(aminomethyl)cyclohexane",Trans-2-pentenal,=,1.56,mM
71,"2,2'-(ethylenedioxy)bis(ethylamine)",Trans-2-pentenal,=,3.12,mM
71,"N'-(2-aminoethyl)-N'-methylethane-1,2-diamine",Trans-2-pentenal,=,0.78,mM
71,"3,3'-Diamino-N-methyldipropylamine",Trans-2-pentenal,=,3.12,mM
71,"1,11-diamino-3,6,9-trioxaundecane",citronellal,=,0.0061,mM
71,"1,5-diamino-3-azapentane",citronellal,=,1.56,mM
71,"1,11-diamino-3,6,9-trioxaundecane",2-Pyridinecarboxaldehyde,=,3.12,mM
71,"1,5-diamino-3-azapentane",2-Pyridinecarboxaldehyde,=,12.5,mM
71,"1,11-diamino-3,6,9-trioxaundecane",(E)-hept-2-enal,=,0.049,mM
71,"1,6-Hexanediamine",(E)-hept-2-enal,=,0.048,mM
71,"1,5-diamino-3-azapentane",(E)-hept-2-enal,=,1.5,mM
71,"1,11-diamino-3,6,9-trioxaundecane","(2E,4E)-deca-2,4-dienal",=,0.049,mM
71,"1,5-diamino-3-azapentane","(2E,4E)-deca-2,4-dienal",=,0.75,mM
71,"1,11-diamino-3,6,9-trioxaundecane",Cinnamaldehyde,=,0.19,mM
71,"1,6-Hexanediamine",Cinnamaldehyde,=,0.39,mM
71,"1,5-diamino-3-azapentane",Cinnamaldehyde,=,3,mM
71,"1,11-diamino-3,6,9-trioxaundecane",p-Bromo benzaldehyde,=,6.25,mM
71,"1,6-Hexanediamine",p-Bromo benzaldehyde,=,6.25,mM
71,"1,5-diamino-3-azapentane",p-Bromo benzaldehyde,=,3.12,mM
71,"1,6-Hexanediamine",(E)-non-2-enal,=,0.098,mM
71,"1,5-diamino-3-azapentane",(E)-non-2-enal,=,0.38,mM
71,"1,11-diamino-3,6,9-trioxaundecane","(2E)-nona-2,6-dienal",=,0.098,mM
71,"1,6-Hexanediamine","(2E)-nona-2,6-dienal",=,0.19,mM
71,"1,5-diamino-3-azapentane","(2E)-nona-2,6-dienal",=,0.19,mM
71,"1,11-diamino-3,6,9-trioxaundecane",Citral,=,0.098,mM
71,"1,6-Hexanediamine",Citral,=,0.19,mM
71,"1,5-diamino-3-azapentane",Citral,=,0.19,mM
71,"1,11-diamino-3,6,9-trioxaundecane",(E)-hex-2-enal,=,0.19,mM
71,"1,5-diamino-3-azapentane",(E)-hex-2-enal,=,3,mM
71,"1,11-diamino-3,6,9-trioxaundecane",Formaldehyde,=,3.12,mM
72,"N-bis-(2-amino-ethyl)-ethane-1,2-diamine",(E)-2-Octenal,=,0.196,mM
72,"2,2-bis(2-aminoethoxy)propane",(E)-2-Octenal,=,0.098,mM
72,(Z)-[bis(2-aminoethyl)amino]-hydroxyimino-oxidoazanium,(E)-2-Octenal,=,0.098,mM
72,"1,11-diamino-3,6,9-trioxaundecane",(E)-2-Octenal,=,0.098,mM
72,"1,5-diaminopentane",(E)-2-Octenal,=,0.098,mM
72,"1,4-diaminobutane",(E)-2-Octenal,=,0.098,mM
72,p-Phenylenediamine,(E)-2-Octenal,>,12.5,mM
72,Polyethylenimine linear,(E)-2-Octenal,=,0.38,mM
72,"3,7-diazanonane-1,9-diamine",(E)-2-Octenal,=,0.196,mM
72,"(3-aminopropyl)-1,2-ethylenediamine",(E)-2-Octenal,=,0.39,mM
72,"1,6-Hexanediamine",(E)-2-Octenal,=,0.098,mM
72,"1,3-bis(aminomethyl)cyclohexane",(E)-2-Octenal,=,0.39,mM
72,1.9-diaminononane,(E)-2-Octenal,=,0.098,mM
72,"2,2'-(ethylenedioxy)bis(ethylamine)",(E)-2-Octenal,=,0.049,mM
72,"2,2',2''-triaminotriethylamine",(E)-2-Octenal,=,0.098,mM
72,"N'-(2-aminoethyl)-N'-methylethane-1,2-diamine",(E)-2-Octenal,=,0.049,mM
72,"1,5-diamino-3-azapentane",(E)-2-Octenal,=,0.38,mM
72,Bis(3-aminopropyl)amine,(E)-2-Octenal,=,0.75,mM
72,"1,11-diamino-3,6,9-trioxaundecane",1H-Imidazole-2-carboxaldehyde,=,0.39,mM
72,"1,11-diamino-3,6,9-trioxaundecane",4-Ethynylbenzaldehyde,=,3.12,mM
72,"1,5-diamino-3-azapentane",4-Ethynylbenzaldehyde,>,12.5,mM
72,"1,11-diamino-3,6,9-trioxaundecane",(E)-Dec-2-enal,=,0.024,mM
72,"1,6-Hexanediamine",(E)-Dec-2-enal,=,0.098,mM
72,"1,5-diamino-3-azapentane",(E)-Dec-2-enal,=,1.5,mM
72,"N-bis-(2-amino-ethyl)-ethane-1,2-diamine","2,6-Dimethyl-5-heptenal",=,3.12,mM
72,"2,2-bis(2-aminoethoxy)propane","2,6-Dimethyl-5-heptenal",>,12.5,mM
72,(Z)-[bis(2-aminoethyl)amino]-hydroxyimino-oxidoazanium,"2,6-Dimethyl-5-heptenal",=,6.25,mM
72,"1,7-Diaminoheptane","2,6-Dimethyl-5-heptenal",=,3.12,mM
72,"2,2'-diaminodiethyl ether","2,6-Dimethyl-5-heptenal",>,12.5,mM
72,"1,11-diamino-3,6,9-trioxaundecane","2,6-Dimethyl-5-heptenal",=,12.5,mM
72,"1,5-diaminopentane","2,6-Dimethyl-5-heptenal",=,6.25,mM
72,"1,4-diaminobutane","2,6-Dimethyl-5-heptenal",=,3.12,mM
72,"2,5-Bis(aminomethyl)furan","2,6-Dimethyl-5-heptenal",=,6.25,mM
72,"1,8-diaminooctan","2,6-Dimethyl-5-heptenal",=,1.56,mM
72,p-Phenylenediamine,"2,6-Dimethyl-5-heptenal",=,1.56,mM
72,"3,7-diazanonane-1,9-diamine","2,6-Dimethyl-5-heptenal",=,6.25,mM
72,"(3-aminopropyl)-1,2-ethylenediamine","2,6-Dimethyl-5-heptenal",=,12.5,mM
72,"1,3-di(aminomethyl)benzene","2,6-Dimethyl-5-heptenal",=,12.5,mM
72,"1,3-bis(aminomethyl)cyclohexane","2,6-Dimethyl-5-heptenal",=,12.5,mM
72,1.9-diaminononane,"2,6-Dimethyl-5-heptenal",=,1.56,mM
72,"2,2'-(ethylenedioxy)bis(ethylamine)","2,6-Dimethyl-5-heptenal",=,3.12,mM
72,"2,2',2''-triaminotriethylamine","2,6-Dimethyl-5-heptenal",=,3.12,mM
72,"N'-(2-aminoethyl)-N'-methylethane-1,2-diamine","2,6-Dimethyl-5-heptenal",>,12.5,mM
72,Spermidine,"2,6-Dimethyl-5-heptenal",=,6.25,mM
72,"1,5-diamino-3-azapentane","2,6-Dimethyl-5-heptenal",=,6.25,mM
72,Bis(3-aminopropyl)amine,"2,6-Dimethyl-5-heptenal",=,3.12,mM
72,"3,3'-Diamino-N-methyldipropylamine","2,6-Dimethyl-5-heptenal",=,12.5,mM
72,Spermine,"2,6-Dimethyl-5-heptenal",=,6.25,mM
72,"1,6-Hexanediamine",4-Nitrobenzaldehyde,=,3.12,mM
72,"1,5-diamino-3-azapentane",4-Nitrobenzaldehyde,=,3.12,mM
72,"1,11-diamino-3,6,9-trioxaundecane",Hexanal,=,0.39,mM
72,"1,6-Hexanediamine",Hexanal,=,0.048,mM
72,"1,5-diamino-3-azapentane",Hexanal,=,0.78,mM
72,"1,11-diamino-3,6,9-trioxaundecane",Vanillin,=,12.5,mM
72,"1,6-Hexanediamine",Vanillin,=,6.25,mM
72,"1,5-diamino-3-azapentane",Vanillin,=,1.5,mM
72,"1,6-Hexanediamine",Octyl aldehyde,=,0.098,mM
72,"1,5-diamino-3-azapentane",Octyl aldehyde,=,0.39,mM
72,"N-bis-(2-amino-ethyl)-ethane-1,2-diamine",Trans-2-pentenal,=,6.25,mM
72,"2,2-bis(2-aminoethoxy)propane",Trans-2-pentenal,=,1.56,mM
72,"1,7-Diaminoheptane",Trans-2-pentenal,=,0.39,mM
72,"2,2'-diaminodiethyl ether",Trans-2-pentenal,=,3.12,mM
72,"1,11-diamino-3,6,9-trioxaundecane",Trans-2-pentenal,=,3.12,mM
72,"1,5-diaminopentane",Trans-2-pentenal,=,1.56,mM
72,"1,4-diaminobutane",Trans-2-pentenal,=,0.19,mM
72,"1,8-diaminooctan",Trans-2-pentenal,=,0.39,mM
72,p-Phenylenediamine,Trans-2-pentenal,>,12.5,mM
72,"3,7-diazanonane-1,9-diamine",Trans-2-pentenal,=,6.25,mM
72,"1,6-Hexanediamine",Trans-2-pentenal,=,0.19,mM
72,"2,2'-(ethylenedioxy)bis(ethylamine)",Trans-2-pentenal,=,3.12,mM
72,"N'-(2-aminoethyl)-N'-methylethane-1,2-diamine",Trans-2-pentenal,=,0.78,mM
72,"1,5-diamino-3-azapentane",Trans-2-pentenal,=,6.25,mM
72,Bis(3-aminopropyl)amine,Trans-2-pentenal,=,0.39,mM
72,"3,3'-Diamino-N-methyldipropylamine",Trans-2-pentenal,=,3.12,mM
72,"1,6-Hexanediamine",citronellal,=,0.048,mM
72,"1,5-diamino-3-azapentane",citronellal,=,1.56,mM
72,"1,11-diamino-3,6,9-trioxaundecane",2-Pyridinecarboxaldehyde,=,3.12,mM
72,"1,5-diamino-3-azapentane",2-Pyridinecarboxaldehyde,=,12.5,mM
72,"1,6-Hexanediamine",(E)-hept-2-enal,=,0.048,mM
72,"1,5-diamino-3-azapentane",(E)-hept-2-enal,=,1.5,mM
72,"1,11-diamino-3,6,9-trioxaundecane","(2E,4E)-deca-2,4-dienal",=,0.049,mM
72,"1,6-Hexanediamine","(2E,4E)-deca-2,4-dienal",=,0.19,mM
72,"1,5-diamino-3-azapentane","(2E,4E)-deca-2,4-dienal",=,0.75,mM
72,"1,11-diamino-3,6,9-trioxaundecane",Cinnamaldehyde,=,0.19,mM
72,"1,6-Hexanediamine",Cinnamaldehyde,=,0.39,mM
72,"1,5-diamino-3-azapentane",Cinnamaldehyde,=,3,mM
72,"1,11-diamino-3,6,9-trioxaundecane",p-Bromo benzaldehyde,=,6.25,mM
72,"1,6-Hexanediamine",p-Bromo benzaldehyde,=,6.25,mM
72,"1,6-Hexanediamine",(E)-non-2-enal,=,0.098,mM
72,"1,5-diamino-3-azapentane",(E)-non-2-enal,=,0.38,mM
72,"1,11-diamino-3,6,9-trioxaundecane","(2E)-nona-2,6-dienal",=,0.098,mM
72,"1,6-Hexanediamine","(2E)-nona-2,6-dienal",=,0.19,mM
72,"1,11-diamino-3,6,9-trioxaundecane",Citral,=,0.098,mM
72,"1,6-Hexanediamine",Citral,=,0.19,mM
72,"1,5-diamino-3-azapentane",Citral,=,0.19,mM
72,"1,11-diamino-3,6,9-trioxaundecane",(E)-hex-2-enal,=,0.19,mM
72,"1,6-Hexanediamine",(E)-hex-2-enal,=,0.39,mM
72,"1,5-diamino-3-azapentane",(E)-hex-2-enal,=,3,mM
72,"1,11-diamino-3,6,9-trioxaundecane",Formaldehyde,=,3.12,mM
72,"1,5-diamino-3-azapentane",Formaldehyde,=,12.5,mM
73,"N-bis-(2-amino-ethyl)-ethane-1,2-diamine",(E)-2-Octenal,=,0.196,mM
73,"2,2-bis(2-aminoethoxy)propane",(E)-2-Octenal,=,0.098,mM
73,(Z)-[bis(2-aminoethyl)amino]-hydroxyimino-oxidoazanium,(E)-2-Octenal,=,0.098,mM
73,"2,2'-diaminodiethyl ether",(E)-2-Octenal,=,0.098,mM
73,Polyethylenimine linear,(E)-2-Octenal,=,0.38,mM
73,"3,7-diazanonane-1,9-diamine",(E)-2-Octenal,=,0.196,mM
73,"(3-aminopropyl)-1,2-ethylenediamine",(E)-2-Octenal,=,0.39,mM
73,"1,6-Hexanediamine",(E)-2-Octenal,=,0.098,mM
73,"1,3-bis(aminomethyl)cyclohexane",(E)-2-Octenal,=,0.39,mM
73,1.9-diaminononane,(E)-2-Octenal,=,0.098,mM
73,"2,2',2''-triaminotriethylamine",(E)-2-Octenal,=,0.098,mM
73,"N'-(2-aminoethyl)-N'-methylethane-1,2-diamine",(E)-2-Octenal,=,0.049,mM
73,Bis(3-aminopropyl)amine,(E)-2-Octenal,=,0.75,mM
73,"3,3'-Diamino-N-methyldipropylamine",(E)-2-Octenal,=,0.098,mM
73,"1,11-diamino-3,6,9-trioxaundecane",1H-Imidazole-2-carboxaldehyde,=,0.39,mM
73,"1,6-Hexanediamine",1H-Imidazole-2-carboxaldehyde,=,3.12,mM
73,"1,5-diamino-3-azapentane",1H-Imidazole-2-carboxaldehyde,=,0.78,mM
73,"1,11-diamino-3,6,9-trioxaundecane",4-Ethynylbenzaldehyde,=,3.12,mM
73,"1,11-diamino-3,6,9-trioxaundecane","3,4-Dihydroxybenzaldehyde",=,6.25,mM
73,"1,6-Hexanediamine","3,4-Dihydroxybenzaldehyde",=,6.25,mM
73,"1,6-Hexanediamine",(E)-Dec-2-enal,=,0.098,mM
73,"1,5-diamino-3-azapentane",(E)-Dec-2-enal,=,1.5,mM
73,"N-bis-(2-amino-ethyl)-ethane-1,2-diamine","2,6-Dimethyl-5-heptenal",=,3.12,mM
73,"2,2-bis(2-aminoethoxy)propane","2,6-Dimethyl-5-heptenal",>,12.5,mM
73,(Z)-[bis(2-aminoethyl)amino]-hydroxyimino-oxidoazanium,"2,6-Dimethyl-5-heptenal",=,6.25,mM
73,cystamine dihydrochloride,"2,6-Dimethyl-5-heptenal",=,6.25,mM
73,"1,7-Diaminoheptane","2,6-Dimethyl-5-heptenal",=,3.12,mM
73,"2,2'-diaminodiethyl ether","2,6-Dimethyl-5-heptenal",>,12.5,mM
73,"1,11-diamino-3,6,9-trioxaundecane","2,6-Dimethyl-5-heptenal",=,12.5,mM
73,"1,5-diaminopentane","2,6-Dimethyl-5-heptenal",=,6.25,mM
73,"1,4-diaminobutane","2,6-Dimethyl-5-heptenal",=,3.12,mM
73,"2,5-Bis(aminomethyl)furan","2,6-Dimethyl-5-heptenal",=,6.25,mM
73,"1,8-diaminooctan","2,6-Dimethyl-5-heptenal",=,1.56,mM
73,p-Phenylenediamine,"2,6-Dimethyl-5-heptenal",=,1.56,mM
73,"3,7-diazanonane-1,9-diamine","2,6-Dimethyl-5-heptenal",=,6.25,mM
73,"(3-aminopropyl)-1,2-ethylenediamine","2,6-Dimethyl-5-heptenal",=,12.5,mM
73,"1,6-Hexanediamine","2,6-Dimethyl-5-heptenal",=,6.25,mM
73,"1,3-di(aminomethyl)benzene","2,6-Dimethyl-5-heptenal",=,12.5,mM
73,"1,3-bis(aminomethyl)cyclohexane","2,6-Dimethyl-5-heptenal",=,12.5,mM
73,1.9-diaminononane,"2,6-Dimethyl-5-heptenal",=,1.56,mM
73,"2,2'-(ethylenedioxy)bis(ethylamine)","2,6-Dimethyl-5-heptenal",=,3.12,mM
73,"2,2',2''-triaminotriethylamine","2,6-Dimethyl-5-heptenal",=,3.12,mM
73,"N'-(2-aminoethyl)-N'-methylethane-1,2-diamine","2,6-Dimethyl-5-heptenal",>,12.5,mM
73,"1,5-diamino-3-azapentane","2,6-Dimethyl-5-heptenal",=,6.25,mM
73,Bis(3-aminopropyl)amine,"2,6-Dimethyl-5-heptenal",=,3.12,mM
73,"3,3'-Diamino-N-methyldipropylamine","2,6-Dimethyl-5-heptenal",=,12.5,mM
73,Spermine,"2,6-Dimethyl-5-heptenal",=,6.25,mM
73,"1,6-Hexanediamine",4-Nitrobenzaldehyde,=,3.12,mM
73,"1,5-diamino-3-azapentane",4-Nitrobenzaldehyde,=,3.12,mM
73,"1,11-diamino-3,6,9-trioxaundecane",Hexanal,=,0.39,mM
73,"1,6-Hexanediamine",Hexanal,=,0.048,mM
73,"1,5-diamino-3-azapentane",Hexanal,=,0.78,mM
73,"1,11-diamino-3,6,9-trioxaundecane",Vanillin,=,12.5,mM
73,"1,6-Hexanediamine",Vanillin,=,6.25,mM
73,"1,5-diamino-3-azapentane",Vanillin,=,1.5,mM
73,"1,11-diamino-3,6,9-trioxaundecane",Octyl aldehyde,=,0.024,mM
73,"1,5-diamino-3-azapentane",Octyl aldehyde,=,0.39,mM
73,"1,6-Hexanediamine",Nonyl aldehyde,=,0.19,mM
73,"1,5-diamino-3-azapentane",Nonyl aldehyde,=,0.098,mM
73,"N-bis-(2-amino-ethyl)-ethane-1,2-diamine",Trans-2-pentenal,=,6.25,mM
73,(Z)-[bis(2-aminoethyl)amino]-hydroxyimino-oxidoazanium,Trans-2-pentenal,=,0.39,mM
73,"1,7-Diaminoheptane",Trans-2-pentenal,=,0.39,mM
73,"2,2'-diaminodiethyl ether",Trans-2-pentenal,=,3.12,mM
73,"1,11-diamino-3,6,9-trioxaundecane",Trans-2-pentenal,=,3.12,mM
73,"1,5-diaminopentane",Trans-2-pentenal,=,1.56,mM
73,"1,4-diaminobutane",Trans-2-pentenal,=,0.19,mM
73,"1,8-diaminooctan",Trans-2-pentenal,=,0.39,mM
73,p-Phenylenediamine,Trans-2-pentenal,>,12.5,mM
73,"3,7-diazanonane-1,9-diamine",Trans-2-pentenal,=,6.25,mM
73,"(3-aminopropyl)-1,2-ethylenediamine",Trans-2-pentenal,=,6.25,mM
73,"1,6-Hexanediamine",Trans-2-pentenal,=,0.19,mM
73,"1,3-bis(aminomethyl)cyclohexane",Trans-2-pentenal,=,1.56,mM
73,1.9-diaminononane,Trans-2-pentenal,=,0.098,mM
73,"2,2'-(ethylenedioxy)bis(ethylamine)",Trans-2-pentenal,=,3.12,mM
73,"N'-(2-aminoethyl)-N'-methylethane-1,2-diamine",Trans-2-pentenal,=,0.78,mM
73,"1,5-diamino-3-azapentane",Trans-2-pentenal,=,6.25,mM
73,Bis(3-aminopropyl)amine,Trans-2-pentenal,=,0.39,mM
73,"3,3'-Diamino-N-methyldipropylamine",Trans-2-pentenal,=,3.12,mM
73,"1,11-diamino-3,6,9-trioxaundecane",citronellal,=,0.0061,mM
73,"1,6-Hexanediamine",citronellal,=,0.048,mM
73,"1,6-Hexanediamine",2-Pyridinecarboxaldehyde,=,3.12,mM
73,"1,5-diamino-3-azapentane",2-Pyridinecarboxaldehyde,=,12.5,mM
73,"1,11-diamino-3,6,9-trioxaundecane",(E)-hept-2-enal,=,0.049,mM
73,"1,6-Hexanediamine",(E)-hept-2-enal,=,0.048,mM
73,"1,11-diamino-3,6,9-trioxaundecane","(2E,4E)-deca-2,4-dienal",=,0.049,mM
73,"1,6-Hexanediamine","(2E,4E)-deca-2,4-dienal",=,0.19,mM
73,"1,11-diamino-3,6,9-trioxaundecane",Cinnamaldehyde,=,0.19,mM
73,"1,6-Hexanediamine",Cinnamaldehyde,=,0.39,mM
73,"1,5-diamino-3-azapentane",Cinnamaldehyde,=,3,mM
73,"1,11-diamino-3,6,9-trioxaundecane",p-Bromo benzaldehyde,=,6.25,mM
73,"1,6-Hexanediamine",p-Bromo benzaldehyde,=,6.25,mM
73,"1,11-diamino-3,6,9-trioxaundecane",(E)-non-2-enal,=,0.048,mM
73,"1,5-diamino-3-azapentane",(E)-non-2-enal,=,0.38,mM
73,"1,11-diamino-3,6,9-trioxaundecane","(2E)-nona-2,6-dienal",=,0.098,mM
73,"1,11-diamino-3,6,9-trioxaundecane",Citral,=,0.098,mM
73,"1,6-Hexanediamine",Citral,=,0.19,mM
73,"1,11-diamino-3,6,9-trioxaundecane",(E)-hex-2-enal,=,0.19,mM
73,"1,5-diamino-3-azapentane",(E)-hex-2-enal,=,3,mM
73,"1,11-diamino-3,6,9-trioxaundecane",Formaldehyde,=,3.12,mM
73,"1,5-diamino-3-azapentane",Formaldehyde,=,12.5,mM
74,"N-bis-(2-amino-ethyl)-ethane-1,2-diamine",(E)-2-Octenal,=,0.196,mM
74,"2,2-bis(2-aminoethoxy)propane",(E)-2-Octenal,=,0.098,mM
74,(Z)-[bis(2-aminoethyl)amino]-hydroxyimino-oxidoazanium,(E)-2-Octenal,=,0.098,mM
74,"2,2'-diaminodiethyl ether",(E)-2-Octenal,=,0.098,mM
74,"1,5-diaminopentane",(E)-2-Octenal,=,0.098,mM
74,"1,4-diaminobutane",(E)-2-Octenal,=,0.098,mM
74,"1,8-diaminooctan",(E)-2-Octenal,=,0.098,mM
74,p-Phenylenediamine,(E)-2-Octenal,>,12.5,mM
74,"3,7-diazanonane-1,9-diamine",(E)-2-Octenal,=,0.196,mM
74,"(3-aminopropyl)-1,2-ethylenediamine",(E)-2-Octenal,=,0.39,mM
74,"1,6-Hexanediamine",(E)-2-Octenal,=,0.098,mM
74,1.9-diaminononane,(E)-2-Octenal,=,0.098,mM
74,"2,2'-(ethylenedioxy)bis(ethylamine)",(E)-2-Octenal,=,0.049,mM
74,"2,2',2''-triaminotriethylamine",(E)-2-Octenal,=,0.098,mM
74,"N'-(2-aminoethyl)-N'-methylethane-1,2-diamine",(E)-2-Octenal,=,0.049,mM
74,"3,3'-Diamino-N-methyldipropylamine",(E)-2-Octenal,=,0.098,mM
74,Spermine,(E)-2-Octenal,=,0.75,mM
74,"1,6-Hexanediamine",1H-Imidazole-2-carboxaldehyde,=,3.12,mM
74,"1,5-diamino-3-azapentane",1H-Imidazole-2-carboxaldehyde,=,0.78,mM
74,"1,11-diamino-3,6,9-trioxaundecane","3,4-Dihydroxybenzaldehyde",=,6.25,mM
74,"1,6-Hexanediamine","3,4-Dihydroxybenzaldehyde",=,6.25,mM
74,"1,11-diamino-3,6,9-trioxaundecane",(E)-Dec-2-enal,=,0.024,mM
74,"1,5-diamino-3-azapentane",(E)-Dec-2-enal,=,1.5,mM
74,"N-bis-(2-amino-ethyl)-ethane-1,2-diamine","2,6-Dimethyl-5-heptenal",=,3.12,mM
74,"2,2-bis(2-aminoethoxy)propane","2,6-Dimethyl-5-heptenal",>,12.5,mM
74,(Z)-[bis(2-aminoethyl)amino]-hydroxyimino-oxidoazanium,"2,6-Dimethyl-5-heptenal",=,6.25,mM
74,cystamine dihydrochloride,"2,6-Dimethyl-5-heptenal",=,6.25,mM
74,"1,7-Diaminoheptane","2,6-Dimethyl-5-heptenal",=,3.12,mM
74,"2,2'-diaminodiethyl ether","2,6-Dimethyl-5-heptenal",>,12.5,mM
74,"1,11-diamino-3,6,9-trioxaundecane","2,6-Dimethyl-5-heptenal",=,12.5,mM
74,"1,5-diaminopentane","2,6-Dimethyl-5-heptenal",=,6.25,mM
74,"1,4-diaminobutane","2,6-Dimethyl-5-heptenal",=,3.12,mM
74,"2,5-Bis(aminomethyl)furan","2,6-Dimethyl-5-heptenal",=,6.25,mM
74,"1,8-diaminooctan","2,6-Dimethyl-5-heptenal",=,1.56,mM
74,p-Phenylenediamine,"2,6-Dimethyl-5-heptenal",=,1.56,mM
74,"3,7-diazanonane-1,9-diamine","2,6-Dimethyl-5-heptenal",=,6.25,mM
74,"(3-aminopropyl)-1,2-ethylenediamine","2,6-Dimethyl-5-heptenal",=,12.5,mM
74,"1,6-Hexanediamine","2,6-Dimethyl-5-heptenal",=,6.25,mM
74,"1,3-bis(aminomethyl)cyclohexane","2,6-Dimethyl-5-heptenal",=,12.5,mM
74,1.9-diaminononane,"2,6-Dimethyl-5-heptenal",=,1.56,mM
74,"2,2',2''-triaminotriethylamine","2,6-Dimethyl-5-heptenal",=,3.12,mM
74,"1,5-diamino-3-azapentane","2,6-Dimethyl-5-heptenal",=,6.25,mM
74,Bis(3-aminopropyl)amine,"2,6-Dimethyl-5-heptenal",=,3.12,mM
74,Spermine,"2,6-Dimethyl-5-heptenal",=,6.25,mM
74,"1,6-Hexanediamine",4-Nitrobenzaldehyde,=,3.12,mM
74,"1,5-diamino-3-azapentane",4-Nitrobenzaldehyde,=,3.12,mM
74,"1,6-Hexanediamine",Hexanal,=,0.048,mM
74,"1,5-diamino-3-azapentane",Hexanal,=,0.78,mM
74,"1,6-Hexanediamine",Vanillin,=,6.25,mM
74,"1,5-diamino-3-azapentane",Vanillin,=,1.5,mM
74,"1,11-diamino-3,6,9-trioxaundecane",Octyl aldehyde,=,0.024,mM
74,"1,6-Hexanediamine",Octyl aldehyde,=,0.098,mM
74,"1,5-diamino-3-azapentane",Octyl aldehyde,=,0.39,mM
74,"1,6-Hexanediamine",Nonyl aldehyde,=,0.19,mM
74,"N-bis-(2-amino-ethyl)-ethane-1,2-diamine",Trans-2-pentenal,=,6.25,mM
74,"2,2-bis(2-aminoethoxy)propane",Trans-2-pentenal,=,1.56,mM
74,(Z)-[bis(2-aminoethyl)amino]-hydroxyimino-oxidoazanium,Trans-2-pentenal,=,0.39,mM
74,"1,7-Diaminoheptane",Trans-2-pentenal,=,0.39,mM
74,"1,11-diamino-3,6,9-trioxaundecane",Trans-2-pentenal,=,3.12,mM
74,"1,5-diaminopentane",Trans-2-pentenal,=,1.56,mM
74,"1,8-diaminooctan",Trans-2-pentenal,=,0.39,mM
74,p-Phenylenediamine,Trans-2-pentenal,>,12.5,mM
74,"3,7-diazanonane-1,9-diamine",Trans-2-pentenal,=,6.25,mM
74,"(3-aminopropyl)-1,2-ethylenediamine",Trans-2-pentenal,=,6.25,mM
74,"1,6-Hexanediamine",Trans-2-pentenal,=,0.19,mM
74,"1,3-bis(aminomethyl)cyclohexane",Trans-2-pentenal,=,1.56,mM
74,1.9-diaminononane,Trans-2-pentenal,=,0.098,mM
74,"2,2'-(ethylenedioxy)bis(ethylamine)",Trans-2-pentenal,=,3.12,mM
74,"N'-(2-aminoethyl)-N'-methylethane-1,2-diamine",Trans-2-pentenal,=,0.78,mM
74,"1,5-diamino-3-azapentane",Trans-2-pentenal,=,6.25,mM
74,Bis(3-aminopropyl)amine,Trans-2-pentenal,=,0.39,mM
74,"3,3'-Diamino-N-methyldipropylamine",Trans-2-pentenal,=,3.12,mM
74,"1,11-diamino-3,6,9-trioxaundecane",citronellal,=,0.0061,mM
74,"1,6-Hexanediamine",citronellal,=,0.048,mM
74,"1,5-diamino-3-azapentane",citronellal,=,1.56,mM
74,"1,11-diamino-3,6,9-trioxaundecane",2-Pyridinecarboxaldehyde,=,3.12,mM
74,"1,6-Hexanediamine",2-Pyridinecarboxaldehyde,=,3.12,mM
74,"1,5-diamino-3-azapentane",2-Pyridinecarboxaldehyde,=,12.5,mM
74,"1,6-Hexanediamine",(E)-hept-2-enal,=,0.048,mM
74,"1,5-diamino-3-azapentane",(E)-hept-2-enal,=,1.5,mM
74,"1,11-diamino-3,6,9-trioxaundecane","(2E,4E)-deca-2,4-dienal",=,0.049,mM
74,"1,6-Hexanediamine","(2E,4E)-deca-2,4-dienal",=,0.19,mM
74,"1,11-diamino-3,6,9-trioxaundecane",Cinnamaldehyde,=,0.19,mM
74,"1,6-Hexanediamine",Cinnamaldehyde,=,0.39,mM
74,"1,5-diamino-3-azapentane",Cinnamaldehyde,=,3,mM
74,"1,11-diamino-3,6,9-trioxaundecane",p-Bromo benzaldehyde,=,6.25,mM
74,"1,6-Hexanediamine",p-Bromo benzaldehyde,=,6.25,mM
74,"1,5-diamino-3-azapentane",p-Bromo benzaldehyde,=,3.12,mM
74,"1,11-diamino-3,6,9-trioxaundecane",(E)-non-2-enal,=,0.048,mM
74,"1,6-Hexanediamine",(E)-non-2-enal,=,0.098,mM
74,"1,5-diamino-3-azapentane",(E)-non-2-enal,=,0.38,mM
74,"1,11-diamino-3,6,9-trioxaundecane","(2E)-nona-2,6-dienal",=,0.098,mM
74,"1,6-Hexanediamine","(2E)-nona-2,6-dienal",=,0.19,mM
74,"1,5-diamino-3-azapentane","(2E)-nona-2,6-dienal",=,0.19,mM
74,"1,6-Hexanediamine",Citral,=,0.19,mM
74,"1,5-diamino-3-azapentane",Citral,=,0.19,mM
74,"1,6-Hexanediamine",(E)-hex-2-enal,=,0.39,mM
74,"1,5-diamino-3-azapentane",(E)-hex-2-enal,=,3,mM
74,"1,11-diamino-3,6,9-trioxaundecane",Formaldehyde,=,3.12,mM
74,"1,5-diamino-3-azapentane",Formaldehyde,=,12.5,mM
75,(Z)-[bis(2-aminoethyl)amino]-hydroxyimino-oxidoazanium,(E)-2-Octenal,=,0.098,mM
75,"1,7-Diaminoheptane",(E)-2-Octenal,=,0.049,mM
75,"2,2'-diaminodiethyl ether",(E)-2-Octenal,=,0.098,mM
75,"1,11-diamino-3,6,9-trioxaundecane",(E)-2-Octenal,=,0.098,mM
75,"1,5-diaminopentane",(E)-2-Octenal,=,0.098,mM
75,"1,4-diaminobutane",(E)-2-Octenal,=,0.098,mM
75,"1,8-diaminooctan",(E)-2-Octenal,=,0.098,mM
75,Polyethylenimine linear,(E)-2-Octenal,=,0.38,mM
75,"3,7-diazanonane-1,9-diamine",(E)-2-Octenal,=,0.196,mM
75,"(3-aminopropyl)-1,2-ethylenediamine",(E)-2-Octenal,=,0.39,mM
75,"1,6-Hexanediamine",(E)-2-Octenal,=,0.098,mM
75,"1,3-bis(aminomethyl)cyclohexane",(E)-2-Octenal,=,0.39,mM
75,1.9-diaminononane,(E)-2-Octenal,=,0.098,mM
75,"2,2'-(ethylenedioxy)bis(ethylamine)",(E)-2-Octenal,=,0.049,mM
75,"2,2',2''-triaminotriethylamine",(E)-2-Octenal,=,0.098,mM
75,"1,5-diamino-3-azapentane",(E)-2-Octenal,=,0.38,mM
75,"3,3'-Diamino-N-methyldipropylamine",(E)-2-Octenal,=,0.098,mM
75,Spermine,(E)-2-Octenal,=,0.75,mM
75,"1,11-diamino-3,6,9-trioxaundecane",1H-Imidazole-2-carboxaldehyde,=,0.39,mM
75,"1,6-Hexanediamine",1H-Imidazole-2-carboxaldehyde,=,3.12,mM
75,"1,5-diamino-3-azapentane",1H-Imidazole-2-carboxaldehyde,=,0.78,mM
75,"1,11-diamino-3,6,9-trioxaundecane",4-Ethynylbenzaldehyde,=,3.12,mM
75,"1,5-diamino-3-azapentane",4-Ethynylbenzaldehyde,>,12.5,mM
75,"1,11-diamino-3,6,9-trioxaundecane","3,4-Dihydroxybenzaldehyde",=,6.25,mM
75,"1,6-Hexanediamine","3,4-Dihydroxybenzaldehyde",=,6.25,mM
75,"1,11-diamino-3,6,9-trioxaundecane",(E)-Dec-2-enal,=,0.024,mM
75,"1,6-Hexanediamine",(E)-Dec-2-enal,=,0.098,mM
75,"2,2-bis(2-aminoethoxy)propane","2,6-Dimethyl-5-heptenal",>,12.5,mM
75,(Z)-[bis(2-aminoethyl)amino]-hydroxyimino-oxidoazanium,"2,6-Dimethyl-5-heptenal",=,6.25,mM
75,cystamine dihydrochloride,"2,6-Dimethyl-5-heptenal",=,6.25,mM
75,"1,7-Diaminoheptane","2,6-Dimethyl-5-heptenal",=,3.12,mM
75,"2,2'-diaminodiethyl ether","2,6-Dimethyl-5-heptenal",>,12.5,mM
75,"1,11-diamino-3,6,9-trioxaundecane","2,6-Dimethyl-5-heptenal",=,12.5,mM
75,"1,4-diaminobutane","2,6-Dimethyl-5-heptenal",=,3.12,mM
75,"2,5-Bis(aminomethyl)furan","2,6-Dimethyl-5-heptenal",=,6.25,mM
75,"1,8-diaminooctan","2,6-Dimethyl-5-heptenal",=,1.56,mM
75,"3,7-diazanonane-1,9-diamine","2,6-Dimethyl-5-heptenal",=,6.25,mM
75,"(3-aminopropyl)-1,2-ethylenediamine","2,6-Dimethyl-5-heptenal",=,12.5,mM
75,"1,6-Hexanediamine","2,6-Dimethyl-5-heptenal",=,6.25,mM
75,"1,3-bis(aminomethyl)cyclohexane","2,6-Dimethyl-5-heptenal",=,12.5,mM
75,"2,2'-(ethylenedioxy)bis(ethylamine)","2,6-Dimethyl-5-heptenal",=,3.12,mM
75,"2,2',2''-triaminotriethylamine","2,6-Dimethyl-5-heptenal",=,3.12,mM
75,"N'-(2-aminoethyl)-N'-methylethane-1,2-diamine","2,6-Dimethyl-5-heptenal",>,12.5,mM
75,Spermidine,"2,6-Dimethyl-5-heptenal",=,6.25,mM
75,"1,5-diamino-3-azapentane","2,6-Dimethyl-5-heptenal",=,6.25,mM
75,Bis(3-aminopropyl)amine,"2,6-Dimethyl-5-heptenal",=,3.12,mM
75,"3,3'-Diamino-N-methyldipropylamine","2,6-Dimethyl-5-heptenal",=,12.5,mM
75,Spermine,"2,6-Dimethyl-5-heptenal",=,6.25,mM
75,"1,11-diamino-3,6,9-trioxaundecane",4-Nitrobenzaldehyde,=,1.56,mM
75,"1,6-Hexanediamine",4-Nitrobenzaldehyde,=,3.12,mM
75,"1,11-diamino-3,6,9-trioxaundecane",Hexanal,=,0.39,mM
75,"1,6-Hexanediamine",Hexanal,=,0.048,mM
75,"1,5-diamino-3-azapentane",Hexanal,=,0.78,mM
75,"1,11-diamino-3,6,9-trioxaundecane",Vanillin,=,12.5,mM
75,"1,6-Hexanediamine",Vanillin,=,6.25,mM
75,"1,5-diamino-3-azapentane",Vanillin,=,1.5,mM
75,"1,11-diamino-3,6,9-trioxaundecane",Octyl aldehyde,=,0.024,mM
75,"1,5-diamino-3-azapentane",Nonyl aldehyde,=,0.098,mM
75,"N-bis-(2-amino-ethyl)-ethane-1,2-diamine",Trans-2-pentenal,=,6.25,mM
75,"2,2-bis(2-aminoethoxy)propane",Trans-2-pentenal,=,1.56,mM
75,(Z)-[bis(2-aminoethyl)amino]-hydroxyimino-oxidoazanium,Trans-2-pentenal,=,0.39,mM
75,"2,2'-diaminodiethyl ether",Trans-2-pentenal,=,3.12,mM
75,"1,5-diaminopentane",Trans-2-pentenal,=,1.56,mM
75,"1,4-diaminobutane",Trans-2-pentenal,=,0.19,mM
75,"1,8-diaminooctan",Trans-2-pentenal,=,0.39,mM
75,p-Phenylenediamine,Trans-2-pentenal,>,12.5,mM
75,"3,7-diazanonane-1,9-diamine",Trans-2-pentenal,=,6.25,mM
75,"1,6-Hexanediamine",Trans-2-pentenal,=,0.19,mM
75,"1,3-bis(aminomethyl)cyclohexane",Trans-2-pentenal,=,1.56,mM
75,1.9-diaminononane,Trans-2-pentenal,=,0.098,mM
75,"2,2'-(ethylenedioxy)bis(ethylamine)",Trans-2-pentenal,=,3.12,mM
75,"N'-(2-aminoethyl)-N'-methylethane-1,2-diamine",Trans-2-pentenal,=,0.78,mM
75,"1,11-diamino-3,6,9-trioxaundecane",citronellal,=,0.0061,mM
75,"1,6-Hexanediamine",citronellal,=,0.048,mM
75,"1,5-diamino-3-azapentane",citronellal,=,1.56,mM
75,"1,6-Hexanediamine",2-Pyridinecarboxaldehyde,=,3.12,mM
75,"1,5-diamino-3-azapentane",2-Pyridinecarboxaldehyde,=,12.5,mM
75,"1,6-Hexanediamine",(E)-hept-2-enal,=,0.048,mM
75,"1,5-diamino-3-azapentane",(E)-hept-2-enal,=,1.5,mM
75,"1,6-Hexanediamine","(2E,4E)-deca-2,4-dienal",=,0.19,mM
75,"1,5-diamino-3-azapentane","(2E,4E)-deca-2,4-dienal",=,0.75,mM
75,"1,11-diamino-3,6,9-trioxaundecane",Cinnamaldehyde,=,0.19,mM
75,"1,6-Hexanediamine",Cinnamaldehyde,=,0.39,mM
75,"1,5-diamino-3-azapentane",Cinnamaldehyde,=,3,mM
75,"1,11-diamino-3,6,9-trioxaundecane",p-Bromo benzaldehyde,=,6.25,mM
75,"1,6-Hexanediamine",p-Bromo benzaldehyde,=,6.25,mM
75,"1,5-diamino-3-azapentane",p-Bromo benzaldehyde,=,3.12,mM
75,"1,6-Hexanediamine",(E)-non-2-enal,=,0.098,mM
75,"1,5-diamino-3-azapentane",(E)-non-2-enal,=,0.38,mM
75,"1,11-diamino-3,6,9-trioxaundecane","(2E)-nona-2,6-dienal",=,0.098,mM
75,"1,6-Hexanediamine","(2E)-nona-2,6-dienal",=,0.19,mM
75,"1,5-diamino-3-azapentane","(2E)-nona-2,6-dienal",=,0.19,mM
75,"1,11-diamino-3,6,9-trioxaundecane",Citral,=,0.098,mM
75,"1,6-Hexanediamine",Citral,=,0.19,mM
75,"1,5-diamino-3-azapentane",Citral,=,0.19,mM
75,"1,11-diamino-3,6,9-trioxaundecane",(E)-hex-2-enal,=,0.19,mM
75,"1,6-Hexanediamine",(E)-hex-2-enal,=,0.39,mM
75,"1,5-diamino-3-azapentane",(E)-hex-2-enal,=,3,mM
75,"1,11-diamino-3,6,9-trioxaundecane",Formaldehyde,=,3.12,mM
75,"1,5-diamino-3-azapentane",Formaldehyde,=,12.5,mM
76,"N-bis-(2-amino-ethyl)-ethane-1,2-diamine",(E)-2-Octenal,=,0.196,mM
76,"2,2-bis(2-aminoethoxy)propane",(E)-2-Octenal,=,0.098,mM
76,(Z)-[bis(2-aminoethyl)amino]-hydroxyimino-oxidoazanium,(E)-2-Octenal,=,0.098,mM
76,"2,2'-diaminodiethyl ether",(E)-2-Octenal,=,0.098,mM
76,"1,11-diamino-3,6,9-trioxaundecane",(E)-2-Octenal,=,0.098,mM
76,"1,5-diaminopentane",(E)-2-Octenal,=,0.098,mM
76,"1,4-diaminobutane",(E)-2-Octenal,=,0.098,mM
76,"1,8-diaminooctan",(E)-2-Octenal,=,0.098,mM
76,p-Phenylenediamine,(E)-2-Octenal,>,12.5,mM
76,Polyethylenimine linear,(E)-2-Octenal,=,0.38,mM
76,"3,7-diazanonane-1,9-diamine",(E)-2-Octenal,=,0.196,mM
76,"1,6-Hexanediamine",(E)-2-Octenal,=,0.098,mM
76,"1,3-bis(aminomethyl)cyclohexane",(E)-2-Octenal,=,0.39,mM
76,1.9-diaminononane,(E)-2-Octenal,=,0.098,mM
76,"2,2'-(ethylenedioxy)bis(ethylamine)",(E)-2-Octenal,=,0.049,mM
76,"2,2',2''-triaminotriethylamine",(E)-2-Octenal,=,0.098,mM
76,"1,5-diamino-3-azapentane",(E)-2-Octenal,=,0.38,mM
76,Bis(3-aminopropyl)amine,(E)-2-Octenal,=,0.75,mM
76,"3,3'-Diamino-N-methyldipropylamine",(E)-2-Octenal,=,0.098,mM
76,Spermine,(E)-2-Octenal,=,0.75,mM
76,"1,11-diamino-3,6,9-trioxaundecane",1H-Imidazole-2-carboxaldehyde,=,0.39,mM
76,"1,11-diamino-3,6,9-trioxaundecane",4-Ethynylbenzaldehyde,=,3.12,mM
76,"1,5-diamino-3-azapentane",4-Ethynylbenzaldehyde,>,12.5,mM
76,"1,11-diamino-3,6,9-trioxaundecane","3,4-Dihydroxybenzaldehyde",=,6.25,mM
76,"1,11-diamino-3,6,9-trioxaundecane",(E)-Dec-2-enal,=,0.024,mM
76,"1,6-Hexanediamine",(E)-Dec-2-enal,=,0.098,mM
76,"1,5-diamino-3-azapentane",(E)-Dec-2-enal,=,1.5,mM
76,"N-bis-(2-amino-ethyl)-ethane-1,2-diamine","2,6-Dimethyl-5-heptenal",=,3.12,mM
76,"2,2-bis(2-aminoethoxy)propane","2,6-Dimethyl-5-heptenal",>,12.5,mM
76,(Z)-[bis(2-aminoethyl)amino]-hydroxyimino-oxidoazanium,"2,6-Dimethyl-5-heptenal",=,6.25,mM
76,cystamine dihydrochloride,"2,6-Dimethyl-5-heptenal",=,6.25,mM
76,"1,7-Diaminoheptane","2,6-Dimethyl-5-heptenal",=,3.12,mM
76,"2,2'-diaminodiethyl ether","2,6-Dimethyl-5-heptenal",>,12.5,mM
76,"1,11-diamino-3,6,9-trioxaundecane","2,6-Dimethyl-5-heptenal",=,12.5,mM
76,"1,5-diaminopentane","2,6-Dimethyl-5-heptenal",=,6.25,mM
76,"1,8-diaminooctan","2,6-Dimethyl-5-heptenal",=,1.56,mM
76,p-Phenylenediamine,"2,6-Dimethyl-5-heptenal",=,1.56,mM
76,"3,7-diazanonane-1,9-diamine","2,6-Dimethyl-5-heptenal",=,6.25,mM
76,"(3-aminopropyl)-1,2-ethylenediamine","2,6-Dimethyl-5-heptenal",=,12.5,mM
76,"1,6-Hexanediamine","2,6-Dimethyl-5-heptenal",=,6.25,mM
76,"1,3-di(aminomethyl)benzene","2,6-Dimethyl-5-heptenal",=,12.5,mM
76,1.9-diaminononane,"2,6-Dimethyl-5-heptenal",=,1.56,mM
76,"2,2',2''-triaminotriethylamine","2,6-Dimethyl-5-heptenal",=,3.12,mM
76,"N'-(2-aminoethyl)-N'-methylethane-1,2-diamine","2,6-Dimethyl-5-heptenal",>,12.5,mM
76,Spermidine,"2,6-Dimethyl-5-heptenal",=,6.25,mM
76,"1,5-diamino-3-azapentane","2,6-Dimethyl-5-heptenal",=,6.25,mM
76,Bis(3-aminopropyl)amine,"2,6-Dimethyl-5-heptenal",=,3.12,mM
76,"3,3'-Diamino-N-methyldipropylamine","2,6-Dimethyl-5-heptenal",=,12.5,mM
76,Spermine,"2,6-Dimethyl-5-heptenal",=,6.25,mM
76,"1,11-diamino-3,6,9-trioxaundecane",4-Nitrobenzaldehyde,=,1.56,mM
76,"1,6-Hexanediamine",4-Nitrobenzaldehyde,=,3.12,mM
76,"1,5-diamino-3-azapentane",4-Nitrobenzaldehyde,=,3.12,mM
76,"1,11-diamino-3,6,9-trioxaundecane",Hexanal,=,0.39,mM
76,"1,5-diamino-3-azapentane",Hexanal,=,0.78,mM
76,"1,11-diamino-3,6,9-trioxaundecane",Vanillin,=,12.5,mM
76,"1,6-Hexanediamine",Vanillin,=,6.25,mM
76,"1,5-diamino-3-azapentane",Vanillin,=,1.5,mM
76,"1,11-diamino-3,6,9-trioxaundecane",Octyl aldehyde,=,0.024,mM
76,"1,6-Hexanediamine",Octyl aldehyde,=,0.098,mM
76,"1,5-diamino-3-azapentane",Octyl aldehyde,=,0.39,mM
76,"N-bis-(2-amino-ethyl)-ethane-1,2-diamine",Trans-2-pentenal,=,6.25,mM
76,"2,2-bis(2-aminoethoxy)propane",Trans-2-pentenal,=,1.56,mM
76,(Z)-[bis(2-aminoethyl)amino]-hydroxyimino-oxidoazanium,Trans-2-pentenal,=,0.39,mM
76,"1,7-Diaminoheptane",Trans-2-pentenal,=,0.39,mM
76,"1,11-diamino-3,6,9-trioxaundecane",Trans-2-pentenal,=,3.12,mM
76,"1,5-diaminopentane",Trans-2-pentenal,=,1.56,mM
76,"1,8-diaminooctan",Trans-2-pentenal,=,0.39,mM
76,p-Phenylenediamine,Trans-2-pentenal,>,12.5,mM
76,"1,6-Hexanediamine",Trans-2-pentenal,=,0.19,mM
76,"1,3-bis(aminomethyl)cyclohexane",Trans-2-pentenal,=,1.56,mM
76,1.9-diaminononane,Trans-2-pentenal,=,0.098,mM
76,"2,2'-(ethylenedioxy)bis(ethylamine)",Trans-2-pentenal,=,3.12,mM
76,"N'-(2-aminoethyl)-N'-methylethane-1,2-diamine",Trans-2-pentenal,=,0.78,mM
76,"1,5-diamino-3-azapentane",Trans-2-pentenal,=,6.25,mM
76,"1,11-diamino-3,6,9-trioxaundecane",citronellal,=,0.0061,mM
76,"1,5-diamino-3-azapentane",citronellal,=,1.56,mM
76,"1,11-diamino-3,6,9-trioxaundecane",2-Pyridinecarboxaldehyde,=,3.12,mM
76,"1,5-diamino-3-azapentane",2-Pyridinecarboxaldehyde,=,12.5,mM
76,"1,11-diamino-3,6,9-trioxaundecane",(E)-hept-2-enal,=,0.049,mM
76,"1,6-Hexanediamine",(E)-hept-2-enal,=,0.048,mM
76,"1,5-diamino-3-azapentane",(E)-hept-2-enal,=,1.5,mM
76,"1,6-Hexanediamine","(2E,4E)-deca-2,4-dienal",=,0.19,mM
76,"1,5-diamino-3-azapentane","(2E,4E)-deca-2,4-dienal",=,0.75,mM
76,"1,11-diamino-3,6,9-trioxaundecane",Cinnamaldehyde,=,0.19,mM
76,"1,6-Hexanediamine",Cinnamaldehyde,=,0.39,mM
76,"1,11-diamino-3,6,9-trioxaundecane",p-Bromo benzaldehyde,=,6.25,mM
76,"1,6-Hexanediamine",p-Bromo benzaldehyde,=,6.25,mM
76,"1,5-diamino-3-azapentane",p-Bromo benzaldehyde,=,3.12,mM
76,"1,11-diamino-3,6,9-trioxaundecane",(E)-non-2-enal,=,0.048,mM
76,"1,6-Hexanediamine",(E)-non-2-enal,=,0.098,mM
76,"1,5-diamino-3-azapentane",(E)-non-2-enal,=,0.38,mM
76,"1,11-diamino-3,6,9-trioxaundecane","(2E)-nona-2,6-dienal",=,0.098,mM
76,"1,6-Hexanediamine","(2E)-nona-2,6-dienal",=,0.19,mM
76,"1,5-diamino-3-azapentane","(2E)-nona-2,6-dienal",=,0.19,mM
76,"1,11-diamino-3,6,9-trioxaundecane",Citral,=,0.098,mM
76,"1,6-Hexanediamine",Citral,=,0.19,mM
76,"1,5-diamino-3-azapentane",Citral,=,0.19,mM
76,"1,11-diamino-3,6,9-trioxaundecane",(E)-hex-2-enal,=,0.19,mM
76,"1,6-Hexanediamine",(E)-hex-2-enal,=,0.39,mM
76,"1,5-diamino-3-azapentane",(E)-hex-2-enal,=,3,mM
77,"N-bis-(2-amino-ethyl)-ethane-1,2-diamine",(E)-2-Octenal,=,0.196,mM
77,"2,2-bis(2-aminoethoxy)propane",(E)-2-Octenal,=,0.098,mM
77,"1,7-Diaminoheptane",(E)-2-Octenal,=,0.049,mM
77,"2,2'-diaminodiethyl ether",(E)-2-Octenal,=,0.098,mM
77,"1,11-diamino-3,6,9-trioxaundecane",(E)-2-Octenal,=,0.098,mM
77,"1,5-diaminopentane",(E)-2-Octenal,=,0.098,mM
77,"1,4-diaminobutane",(E)-2-Octenal,=,0.098,mM
77,"1,8-diaminooctan",(E)-2-Octenal,=,0.098,mM
77,Polyethylenimine linear,(E)-2-Octenal,=,0.38,mM
77,"3,7-diazanonane-1,9-diamine",(E)-2-Octenal,=,0.196,mM
77,"1,6-Hexanediamine",(E)-2-Octenal,=,0.098,mM
77,"1,3-bis(aminomethyl)cyclohexane",(E)-2-Octenal,=,0.39,mM
77,1.9-diaminononane,(E)-2-Octenal,=,0.098,mM
77,"2,2'-(ethylenedioxy)bis(ethylamine)",(E)-2-Octenal,=,0.049,mM
77,"2,2',2''-triaminotriethylamine",(E)-2-Octenal,=,0.098,mM
77,"N'-(2-aminoethyl)-N'-methylethane-1,2-diamine",(E)-2-Octenal,=,0.049,mM
77,"1,5-diamino-3-azapentane",(E)-2-Octenal,=,0.38,mM
77,Bis(3-aminopropyl)amine,(E)-2-Octenal,=,0.75,mM
77,"3,3'-Diamino-N-methyldipropylamine",(E)-2-Octenal,=,0.098,mM
77,"1,11-diamino-3,6,9-trioxaundecane",1H-Imidazole-2-carboxaldehyde,=,0.39,mM
77,"1,6-Hexanediamine",1H-Imidazole-2-carboxaldehyde,=,3.12,mM
77,"1,11-diamino-3,6,9-trioxaundecane",4-Ethynylbenzaldehyde,=,3.12,mM
77,"1,5-diamino-3-azapentane",4-Ethynylbenzaldehyde,>,12.5,mM
77,"1,6-Hexanediamine","3,4-Dihydroxybenzaldehyde",=,6.25,mM
77,"1,11-diamino-3,6,9-trioxaundecane",(E)-Dec-2-enal,=,0.024,mM
77,"1,6-Hexanediamine",(E)-Dec-2-enal,=,0.098,mM
77,(Z)-[bis(2-aminoethyl)amino]-hydroxyimino-oxidoazanium,"2,6-Dimethyl-5-heptenal",=,6.25,mM
77,cystamine dihydrochloride,"2,6-Dimethyl-5-heptenal",=,6.25,mM
77,"1,7-Diaminoheptane","2,6-Dimethyl-5-heptenal",=,3.12,mM
77,"2,2'-diaminodiethyl ether","2,6-Dimethyl-5-heptenal",>,12.5,mM
77,"1,11-diamino-3,6,9-trioxaundecane","2,6-Dimethyl-5-heptenal",=,12.5,mM
77,"1,5-diaminopentane","2,6-Dimethyl-5-heptenal",=,6.25,mM
77,"1,4-diaminobutane","2,6-Dimethyl-5-heptenal",=,3.12,mM
77,"2,5-Bis(aminomethyl)furan","2,6-Dimethyl-5-heptenal",=,6.25,mM
77,"1,8-diaminooctan","2,6-Dimethyl-5-heptenal",=,1.56,mM
77,p-Phenylenediamine,"2,6-Dimethyl-5-heptenal",=,1.56,mM
77,"3,7-diazanonane-1,9-diamine","2,6-Dimethyl-5-heptenal",=,6.25,mM
77,"1,6-Hexanediamine","2,6-Dimethyl-5-heptenal",=,6.25,mM
77,1.9-diaminononane,"2,6-Dimethyl-5-heptenal",=,1.56,mM
77,"2,2'-(ethylenedioxy)bis(ethylamine)","2,6-Dimethyl-5-heptenal",=,3.12,mM
77,"2,2',2''-triaminotriethylamine","2,6-Dimethyl-5-heptenal",=,3.12,mM
77,"N'-(2-aminoethyl)-N'-methylethane-1,2-diamine","2,6-Dimethyl-5-heptenal",>,12.5,mM
77,Spermidine,"2,6-Dimethyl-5-heptenal",=,6.25,mM
77,"1,5-diamino-3-azapentane","2,6-Dimethyl-5-heptenal",=,6.25,mM
77,Bis(3-aminopropyl)amine,"2,6-Dimethyl-5-heptenal",=,3.12,mM
77,"3,3'-Diamino-N-methyldipropylamine","2,6-Dimethyl-5-heptenal",=,12.5,mM
77,Spermine,"2,6-Dimethyl-5-heptenal",=,6.25,mM
77,"1,11-diamino-3,6,9-trioxaundecane",4-Nitrobenzaldehyde,=,1.56,mM
77,"1,6-Hexanediamine",4-Nitrobenzaldehyde,=,3.12,mM
77,"1,11-diamino-3,6,9-trioxaundecane",Hexanal,=,0.39,mM
77,"1,6-Hexanediamine",Hexanal,=,0.048,mM
77,"1,5-diamino-3-azapentane",Hexanal,=,0.78,mM
77,"1,11-diamino-3,6,9-trioxaundecane",Vanillin,=,12.5,mM
77,"1,6-Hexanediamine",Vanillin,=,6.25,mM
77,"1,5-diamino-3-azapentane",Vanillin,=,1.5,mM
77,"1,11-diamino-3,6,9-trioxaundecane",Octyl aldehyde,=,0.024,mM
77,"1,6-Hexanediamine",Octyl aldehyde,=,0.098,mM
77,"1,6-Hexanediamine",Nonyl aldehyde,=,0.19,mM
77,"1,5-diamino-3-azapentane",Nonyl aldehyde,=,0.098,mM
77,"N-bis-(2-amino-ethyl)-ethane-1,2-diamine",Trans-2-pentenal,=,6.25,mM
77,"1,7-Diaminoheptane",Trans-2-pentenal,=,0.39,mM
77,"2,2'-diaminodiethyl ether",Trans-2-pentenal,=,3.12,mM
77,"1,11-diamino-3,6,9-trioxaundecane",Trans-2-pentenal,=,3.12,mM
77,"1,5-diaminopentane",Trans-2-pentenal,=,1.56,mM
77,"1,8-diaminooctan",Trans-2-pentenal,=,0.39,mM
77,p-Phenylenediamine,Trans-2-pentenal,>,12.5,mM
77,"3,7-diazanonane-1,9-diamine",Trans-2-pentenal,=,6.25,mM
77,"1,6-Hexanediamine",Trans-2-pentenal,=,0.19,mM
77,"1,3-bis(aminomethyl)cyclohexane",Trans-2-pentenal,=,1.56,mM
77,1.9-diaminononane,Trans-2-pentenal,=,0.098,mM
77,"2,2'-(ethylenedioxy)bis(ethylamine)",Trans-2-pentenal,=,3.12,mM
77,"N'-(2-aminoethyl)-N'-methylethane-1,2-diamine",Trans-2-pentenal,=,0.78,mM
77,"1,5-diamino-3-azapentane",Trans-2-pentenal,=,6.25,mM
77,"3,3'-Diamino-N-methyldipropylamine",Trans-2-pentenal,=,3.12,mM
77,"1,11-diamino-3,6,9-trioxaundecane",citronellal,=,0.0061,mM
77,"1,6-Hexanediamine",citronellal,=,0.048,mM
77,"1,5-diamino-3-azapentane",citronellal,=,1.56,mM
77,"1,11-diamino-3,6,9-trioxaundecane",2-Pyridinecarboxaldehyde,=,3.12,mM
77,"1,6-Hexanediamine",2-Pyridinecarboxaldehyde,=,3.12,mM
77,"1,5-diamino-3-azapentane",2-Pyridinecarboxaldehyde,=,12.5,mM
77,"1,5-diamino-3-azapentane",(E)-hept-2-enal,=,1.5,mM
77,"1,11-diamino-3,6,9-trioxaundecane","(2E,4E)-deca-2,4-dienal",=,0.049,mM
77,"1,6-Hexanediamine","(2E,4E)-deca-2,4-dienal",=,0.19,mM
77,"1,5-diamino-3-azapentane","(2E,4E)-deca-2,4-dienal",=,0.75,mM
77,"1,11-diamino-3,6,9-trioxaundecane",Cinnamaldehyde,=,0.19,mM
77,"1,6-Hexanediamine",Cinnamaldehyde,=,0.39,mM
77,"1,5-diamino-3-azapentane",Cinnamaldehyde,=,3,mM
77,"1,11-diamino-3,6,9-trioxaundecane",p-Bromo benzaldehyde,=,6.25,mM
77,"1,6-Hexanediamine",p-Bromo benzaldehyde,=,6.25,mM
77,"1,11-diamino-3,6,9-trioxaundecane",(E)-non-2-enal,=,0.048,mM
77,"1,6-Hexanediamine",(E)-non-2-enal,=,0.098,mM
77,"1,5-diamino-3-azapentane",(E)-non-2-enal,=,0.38,mM
77,"1,6-Hexanediamine","(2E)-nona-2,6-dienal",=,0.19,mM
77,"1,5-diamino-3-azapentane","(2E)-nona-2,6-dienal",=,0.19,mM
77,"1,11-diamino-3,6,9-trioxaundecane",Citral,=,0.098,mM
77,"1,6-Hexanediamine",Citral,=,0.19,mM
77,"1,11-diamino-3,6,9-trioxaundecane",(E)-hex-2-enal,=,0.19,mM
77,"1,5-diamino-3-azapentane",(E)-hex-2-enal,=,3,mM
77,"1,11-diamino-3,6,9-trioxaundecane",Formaldehyde,=,3.12,mM
77,"1,5-diamino-3-azapentane",Formaldehyde,=,12.5,mM
78,"N-bis-(2-amino-ethyl)-ethane-1,2-diamine",(E)-2-Octenal,=,0.196,mM
78,"2,2-bis(2-aminoethoxy)propane",(E)-2-Octenal,=,0.098,mM
78,"1,11-diamino-3,6,9-trioxaundecane",(E)-2-Octenal,=,0.098,mM
78,"1,5-diaminopentane",(E)-2-Octenal,=,0.098,mM
78,"1,4-diaminobutane",(E)-2-Octenal,=,0.098,mM
78,"1,8-diaminooctan",(E)-2-Octenal,=,0.098,mM
78,p-Phenylenediamine,(E)-2-Octenal,>,12.5,mM
78,Polyethylenimine linear,(E)-2-Octenal,=,0.38,mM
78,"3,7-diazanonane-1,9-diamine",(E)-2-Octenal,=,0.196,mM
78,"(3-aminopropyl)-1,2-ethylenediamine",(E)-2-Octenal,=,0.39,mM
78,"1,6-Hexanediamine",(E)-2-Octenal,=,0.098,mM
78,"1,3-bis(aminomethyl)cyclohexane",(E)-2-Octenal,=,0.39,mM
78,1.9-diaminononane,(E)-2-Octenal,=,0.098,mM
78,"2,2',2''-triaminotriethylamine",(E)-2-Octenal,=,0.098,mM
78,"N'-(2-aminoethyl)-N'-methylethane-1,2-diamine",(E)-2-Octenal,=,0.049,mM
78,"1,5-diamino-3-azapentane",(E)-2-Octenal,=,0.38,mM
78,Bis(3-aminopropyl)amine,(E)-2-Octenal,=,0.75,mM
78,Spermine,(E)-2-Octenal,=,0.75,mM
78,"1,11-diamino-3,6,9-trioxaundecane",1H-Imidazole-2-carboxaldehyde,=,0.39,mM
78,"1,6-Hexanediamine",1H-Imidazole-2-carboxaldehyde,=,3.12,mM
78,"1,5-diamino-3-azapentane",1H-Imidazole-2-carboxaldehyde,=,0.78,mM
78,"1,11-diamino-3,6,9-trioxaundecane",4-Ethynylbenzaldehyde,=,3.12,mM
78,"1,11-diamino-3,6,9-trioxaundecane","3,4-Dihydroxybenzaldehyde",=,6.25,mM
78,"1,6-Hexanediamine","3,4-Dihydroxybenzaldehyde",=,6.25,mM
78,"1,11-diamino-3,6,9-trioxaundecane",(E)-Dec-2-enal,=,0.024,mM
78,"1,6-Hexanediamine",(E)-Dec-2-enal,=,0.098,mM
78,"1,5-diamino-3-azapentane",(E)-Dec-2-enal,=,1.5,mM
78,"N-bis-(2-amino-ethyl)-ethane-1,2-diamine","2,6-Dimethyl-5-heptenal",=,3.12,mM
78,"2,2-bis(2-aminoethoxy)propane","2,6-Dimethyl-5-heptenal",>,12.5,mM
78,(Z)-[bis(2-aminoethyl)amino]-hydroxyimino-oxidoazanium,"2,6-Dimethyl-5-heptenal",=,6.25,mM
78,cystamine dihydrochloride,"2,6-Dimethyl-5-heptenal",=,6.25,mM
78,"1,11-diamino-3,6,9-trioxaundecane","2,6-Dimethyl-5-heptenal",=,12.5,mM
78,"1,5-diaminopentane","2,6-Dimethyl-5-heptenal",=,6.25,mM
78,"1,4-diaminobutane","2,6-Dimethyl-5-heptenal",=,3.12,mM
78,"2,5-Bis(aminomethyl)furan","2,6-Dimethyl-5-heptenal",=,6.25,mM
78,"1,8-diaminooctan","2,6-Dimethyl-5-heptenal",=,1.56,mM
78,p-Phenylenediamine,"2,6-Dimethyl-5-heptenal",=,1.56,mM
78,"3,7-diazanonane-1,9-diamine","2,6-Dimethyl-5-heptenal",=,6.25,mM
78,"(3-aminopropyl)-1,2-ethylenediamine","2,6-Dimethyl-5-heptenal",=,12.5,mM
78,"1,6-Hexanediamine","2,6-Dimethyl-5-heptenal",=,6.25,mM
78,"1,3-di(aminomethyl)benzene","2,6-Dimethyl-5-heptenal",=,12.5,mM
78,"1,3-bis(aminomethyl)cyclohexane","2,6-Dimethyl-5-heptenal",=,12.5,mM
78,"2,2'-(ethylenedioxy)bis(ethylamine)","2,6-Dimethyl-5-heptenal",=,3.12,mM
78,"2,2',2''-triaminotriethylamine","2,6-Dimethyl-5-heptenal",=,3.12,mM
78,Spermidine,"2,6-Dimethyl-5-heptenal",=,6.25,mM
78,Bis(3-aminopropyl)amine,"2,6-Dimethyl-5-heptenal",=,3.12,mM
78,"3,3'-Diamino-N-methyldipropylamine","2,6-Dimethyl-5-heptenal",=,12.5,mM
78,Spermine,"2,6-Dimethyl-5-heptenal",=,6.25,mM
78,"1,11-diamino-3,6,9-trioxaundecane",4-Nitrobenzaldehyde,=,1.56,mM
78,"1,6-Hexanediamine",4-Nitrobenzaldehyde,=,3.12,mM
78,"1,5-diamino-3-azapentane",4-Nitrobenzaldehyde,=,3.12,mM
78,"1,6-Hexanediamine",Hexanal,=,0.048,mM
78,"1,11-diamino-3,6,9-trioxaundecane",Vanillin,=,12.5,mM
78,"1,6-Hexanediamine",Vanillin,=,6.25,mM
78,"1,5-diamino-3-azapentane",Vanillin,=,1.5,mM
78,"1,11-diamino-3,6,9-trioxaundecane",Octyl aldehyde,=,0.024,mM
78,"1,6-Hexanediamine",Octyl aldehyde,=,0.098,mM
78,"1,5-diamino-3-azapentane",Octyl aldehyde,=,0.39,mM
78,"N-bis-(2-amino-ethyl)-ethane-1,2-diamine",Trans-2-pentenal,=,6.25,mM
78,(Z)-[bis(2-aminoethyl)amino]-hydroxyimino-oxidoazanium,Trans-2-pentenal,=,0.39,mM
78,"2,2'-diaminodiethyl ether",Trans-2-pentenal,=,3.12,mM
78,"1,11-diamino-3,6,9-trioxaundecane",Trans-2-pentenal,=,3.12,mM
78,"1,4-diaminobutane",Trans-2-pentenal,=,0.19,mM
78,"1,8-diaminooctan",Trans-2-pentenal,=,0.39,mM
78,p-Phenylenediamine,Trans-2-pentenal,>,12.5,mM
78,"(3-aminopropyl)-1,2-ethylenediamine",Trans-2-pentenal,=,6.25,mM
78,"1,6-Hexanediamine",Trans-2-pentenal,=,0.19,mM
78,"1,3-bis(aminomethyl)cyclohexane",Trans-2-pentenal,=,1.56,mM
78,1.9-diaminononane,Trans-2-pentenal,=,0.098,mM
78,"2,2'-(ethylenedioxy)bis(ethylamine)",Trans-2-pentenal,=,3.12,mM
78,Bis(3-aminopropyl)amine,Trans-2-pentenal,=,0.39,mM
78,"1,11-diamino-3,6,9-trioxaundecane",citronellal,=,0.0061,mM
78,"1,6-Hexanediamine",citronellal,=,0.048,mM
78,"1,5-diamino-3-azapentane",citronellal,=,1.56,mM
78,"1,11-diamino-3,6,9-trioxaundecane",2-Pyridinecarboxaldehyde,=,3.12,mM
78,"1,5-diamino-3-azapentane",2-Pyridinecarboxaldehyde,=,12.5,mM
78,"1,11-diamino-3,6,9-trioxaundecane",(E)-hept-2-enal,=,0.049,mM
78,"1,6-Hexanediamine",(E)-hept-2-enal,=,0.048,mM
78,"1,5-diamino-3-azapentane",(E)-hept-2-enal,=,1.5,mM
78,"1,11-diamino-3,6,9-trioxaundecane","(2E,4E)-deca-2,4-dienal",=,0.049,mM
78,"1,6-Hexanediamine","(2E,4E)-deca-2,4-dienal",=,0.19,mM
78,"1,5-diamino-3-azapentane","(2E,4E)-deca-2,4-dienal",=,0.75,mM
78,"1,11-diamino-3,6,9-trioxaundecane",Cinnamaldehyde,=,0.19,mM
78,"1,6-Hexanediamine",Cinnamaldehyde,=,0.39,mM
78,"1,5-diamino-3-azapentane",Cinnamaldehyde,=,3,mM
78,"1,11-diamino-3,6,9-trioxaundecane",p-Bromo benzaldehyde,=,6.25,mM
78,"1,6-Hexanediamine",p-Bromo benzaldehyde,=,6.25,mM
78,"1,5-diamino-3-azapentane",p-Bromo benzaldehyde,=,3.12,mM
78,"1,6-Hexanediamine",(E)-non-2-enal,=,0.098,mM
78,"1,5-diamino-3-azapentane",(E)-non-2-enal,=,0.38,mM
78,"1,11-diamino-3,6,9-trioxaundecane","(2E)-nona-2,6-dienal",=,0.098,mM
78,"1,5-diamino-3-azapentane","(2E)-nona-2,6-dienal",=,0.19,mM
78,"1,11-diamino-3,6,9-trioxaundecane",Citral,=,0.098,mM
78,"1,6-Hexanediamine",Citral,=,0.19,mM
78,"1,5-diamino-3-azapentane",Citral,=,0.19,mM
78,"1,11-diamino-3,6,9-trioxaundecane",(E)-hex-2-enal,=,0.19,mM
78,"1,6-Hexanediamine",(E)-hex-2-enal,=,0.39,mM
78,"1,5-diamino-3-azapentane",(E)-hex-2-enal,=,3,mM
78,"1,11-diamino-3,6,9-trioxaundecane",Formaldehyde,=,3.12,mM
78,"1,5-diamino-3-azapentane",Formaldehyde,=,12.5,mM
79,"N-bis-(2-amino-ethyl)-ethane-1,2-diamine",(E)-2-Octenal,=,0.196,mM
79,"2,2-bis(2-aminoethoxy)propane",(E)-2-Octenal,=,0.098,mM
79,(Z)-[bis(2-aminoethyl)amino]-hydroxyimino-oxidoazanium,(E)-2-Octenal,=,0.098,mM
79,"1,7-Diaminoheptane",(E)-2-Octenal,=,0.049,mM
79,"2,2'-diaminodiethyl ether",(E)-2-Octenal,=,0.098,mM
79,"1,11-diamino-3,6,9-trioxaundecane",(E)-2-Octenal,=,0.098,mM
79,"1,5-diaminopentane",(E)-2-Octenal,=,0.098,mM
79,"1,4-diaminobutane",(E)-2-Octenal,=,0.098,mM
79,"1,8-diaminooctan",(E)-2-Octenal,=,0.098,mM
79,p-Phenylenediamine,(E)-2-Octenal,>,12.5,mM
79,Polyethylenimine linear,(E)-2-Octenal,=,0.38,mM
79,"3,7-diazanonane-1,9-diamine",(E)-2-Octenal,=,0.196,mM
79,"(3-aminopropyl)-1,2-ethylenediamine",(E)-2-Octenal,=,0.39,mM
79,"1,6-Hexanediamine",(E)-2-Octenal,=,0.098,mM
79,"1,3-bis(aminomethyl)cyclohexane",(E)-2-Octenal,=,0.39,mM
79,"2,2'-(ethylenedioxy)bis(ethylamine)",(E)-2-Octenal,=,0.049,mM
79,"2,2',2''-triaminotriethylamine",(E)-2-Octenal,=,0.098,mM
79,"N'-(2-aminoethyl)-N'-methylethane-1,2-diamine",(E)-2-Octenal,=,0.049,mM
79,"1,5-diamino-3-azapentane",(E)-2-Octenal,=,0.38,mM
79,"3,3'-Diamino-N-methyldipropylamine",(E)-2-Octenal,=,0.098,mM
79,"1,11-diamino-3,6,9-trioxaundecane",1H-Imidazole-2-carboxaldehyde,=,0.39,mM
79,"1,5-diamino-3-azapentane",1H-Imidazole-2-carboxaldehyde,=,0.78,mM
79,"1,11-diamino-3,6,9-trioxaundecane",4-Ethynylbenzaldehyde,=,3.12,mM
79,"1,5-diamino-3-azapentane",4-Ethynylbenzaldehyde,>,12.5,mM
79,"1,6-Hexanediamine","3,4-Dihydroxybenzaldehyde",=,6.25,mM
79,"1,11-diamino-3,6,9-trioxaundecane",(E)-Dec-2-enal,=,0.024,mM
79,"1,6-Hexanediamine",(E)-Dec-2-enal,=,0.098,mM
79,"N-bis-(2-amino-ethyl)-ethane-1,2-diamine","2,6-Dimethyl-5-heptenal",=,3.12,mM
79,"2,2-bis(2-aminoethoxy)propane","2,6-Dimethyl-5-heptenal",>,12.5,mM
79,(Z)-[bis(2-aminoethyl)amino]-hydroxyimino-oxidoazanium,"2,6-Dimethyl-5-heptenal",=,6.25,mM
79,cystamine dihydrochloride,"2,6-Dimethyl-5-heptenal",=,6.25,mM
79,"1,7-Diaminoheptane","2,6-Dimethyl-5-heptenal",=,3.12,mM
79,"2,2'-diaminodiethyl ether","2,6-Dimethyl-5-heptenal",>,12.5,mM
79,"1,11-diamino-3,6,9-trioxaundecane","2,6-Dimethyl-5-heptenal",=,12.5,mM
79,"1,5-diaminopentane","2,6-Dimethyl-5-heptenal",=,6.25,mM
79,"1,4-diaminobutane","2,6-Dimethyl-5-heptenal",=,3.12,mM
79,"2,5-Bis(aminomethyl)furan","2,6-Dimethyl-5-heptenal",=,6.25,mM
79,"1,8-diaminooctan","2,6-Dimethyl-5-heptenal",=,1.56,mM
79,p-Phenylenediamine,"2,6-Dimethyl-5-heptenal",=,1.56,mM
79,"3,7-diazanonane-1,9-diamine","2,6-Dimethyl-5-heptenal",=,6.25,mM
79,"(3-aminopropyl)-1,2-ethylenediamine","2,6-Dimethyl-5-heptenal",=,12.5,mM
79,"1,3-di(aminomethyl)benzene","2,6-Dimethyl-5-heptenal",=,12.5,mM
79,1.9-diaminononane,"2,6-Dimethyl-5-heptenal",=,1.56,mM
79,"2,2'-(ethylenedioxy)bis(ethylamine)","2,6-Dimethyl-5-heptenal",=,3.12,mM
79,"2,2',2''-triaminotriethylamine","2,6-Dimethyl-5-heptenal",=,3.12,mM
79,"1,5-diamino-3-azapentane","2,6-Dimethyl-5-heptenal",=,6.25,mM
79,"3,3'-Diamino-N-methyldipropylamine","2,6-Dimethyl-5-heptenal",=,12.5,mM
79,"1,11-diamino-3,6,9-trioxaundecane",4-Nitrobenzaldehyde,=,1.56,mM
79,"1,6-Hexanediamine",4-Nitrobenzaldehyde,=,3.12,mM
79,"1,5-diamino-3-azapentane",4-Nitrobenzaldehyde,=,3.12,mM
79,"1,11-diamino-3,6,9-trioxaundecane",Hexanal,=,0.39,mM
79,"1,5-diamino-3-azapentane",Hexanal,=,0.78,mM
79,"1,11-diamino-3,6,9-trioxaundecane",Vanillin,=,12.5,mM
79,"1,6-Hexanediamine",Vanillin,=,6.25,mM
79,"1,5-diamino-3-azapentane",Vanillin,=,1.5,mM
79,"1,11-diamino-3,6,9-trioxaundecane",Octyl aldehyde,=,0.024,mM
79,"1,6-Hexanediamine",Octyl aldehyde,=,0.098,mM
79,"1,5-diamino-3-azapentane",Octyl aldehyde,=,0.39,mM
79,"1,5-diamino-3-azapentane",Nonyl aldehyde,=,0.098,mM
79,"N-bis-(2-amino-ethyl)-ethane-1,2-diamine",Trans-2-pentenal,=,6.25,mM
79,(Z)-[bis(2-aminoethyl)amino]-hydroxyimino-oxidoazanium,Trans-2-pentenal,=,0.39,mM
79,"1,7-Diaminoheptane",Trans-2-pentenal,=,0.39,mM
79,"2,2'-diaminodiethyl ether",Trans-2-pentenal,=,3.12,mM
79,"1,11-diamino-3,6,9-trioxaundecane",Trans-2-pentenal,=,3.12,mM
79,"1,5-diaminopentane",Trans-2-pentenal,=,1.56,mM
79,"1,4-diaminobutane",Trans-2-pentenal,=,0.19,mM
79,"1,8-diaminooctan",Trans-2-pentenal,=,0.39,mM
79,p-Phenylenediamine,Trans-2-pentenal,>,12.5,mM
79,"3,7-diazanonane-1,9-diamine",Trans-2-pentenal,=,6.25,mM
79,"(3-aminopropyl)-1,2-ethylenediamine",Trans-2-pentenal,=,6.25,mM
79,"1,6-Hexanediamine",Trans-2-pentenal,=,0.19,mM
79,"1,3-bis(aminomethyl)cyclohexane",Trans-2-pentenal,=,1.56,mM
79,"2,2'-(ethylenedioxy)bis(ethylamine)",Trans-2-pentenal,=,3.12,mM
79,"N'-(2-aminoethyl)-N'-methylethane-1,2-diamine",Trans-2-pentenal,=,0.78,mM
79,"1,5-diamino-3-azapentane",Trans-2-pentenal,=,6.25,mM
79,Bis(3-aminopropyl)amine,Trans-2-pentenal,=,0.39,mM
79,"3,3'-Diamino-N-methyldipropylamine",Trans-2-pentenal,=,3.12,mM
79,"1,11-diamino-3,6,9-trioxaundecane",citronellal,=,0.0061,mM
79,"1,5-diamino-3-azapentane",citronellal,=,1.56,mM
79,"1,11-diamino-3,6,9-trioxaundecane",2-Pyridinecarboxaldehyde,=,3.12,mM
79,"1,5-diamino-3-azapentane",2-Pyridinecarboxaldehyde,=,12.5,mM
79,"1,5-diamino-3-azapentane",(E)-hept-2-enal,=,1.5,mM
79,"1,11-diamino-3,6,9-trioxaundecane","(2E,4E)-deca-2,4-dienal",=,0.049,mM
79,"1,6-Hexanediamine","(2E,4E)-deca-2,4-dienal",=,0.19,mM
79,"1,11-diamino-3,6,9-trioxaundecane",Cinnamaldehyde,=,0.19,mM
79,"1,6-Hexanediamine",Cinnamaldehyde,=,0.39,mM
79,"1,5-diamino-3-azapentane",Cinnamaldehyde,=,3,mM
79,"1,11-diamino-3,6,9-trioxaundecane",p-Bromo benzaldehyde,=,6.25,mM
79,"1,6-Hexanediamine",p-Bromo benzaldehyde,=,6.25,mM
79,"1,5-diamino-3-azapentane",p-Bromo benzaldehyde,=,3.12,mM
79,"1,11-diamino-3,6,9-trioxaundecane",(E)-non-2-enal,=,0.048,mM
79,"1,6-Hexanediamine",(E)-non-2-enal,=,0.098,mM
79,"1,6-Hexanediamine","(2E)-nona-2,6-dienal",=,0.19,mM
79,"1,5-diamino-3-azapentane","(2E)-nona-2,6-dienal",=,0.19,mM
79,"1,11-diamino-3,6,9-trioxaundecane",Citral,=,0.098,mM
79,"1,11-diamino-3,6,9-trioxaundecane",(E)-hex-2-enal,=,0.19,mM
79,"1,6-Hexanediamine",(E)-hex-2-enal,=,0.39,mM
79,"1,5-diamino-3-azapentane",(E)-hex-2-enal,=,3,mM
79,"1,11-diamino-3,6,9-trioxaundecane",Formaldehyde,=,3.12,mM
79,"1,5-diamino-3-azapentane",Formaldehyde,=,12.5,mM
80,"N-bis-(2-amino-ethyl)-ethane-1,2-diamine",(E)-2-Octenal,=,0.196,mM
80,(Z)-[bis(2-aminoethyl)amino]-hydroxyimino-oxidoazanium,(E)-2-Octenal,=,0.098,mM
80,"1,7-Diaminoheptane",(E)-2-Octenal,=,0.049,mM
80,"2,2'-diaminodiethyl ether",(E)-2-Octenal,=,0.098,mM
80,"1,5-diaminopentane",(E)-2-Octenal,=,0.098,mM
80,"1,4-diaminobutane",(E)-2-Octenal,=,0.098,mM
80,"1,8-diaminooctan",(E)-2-Octenal,=,0.098,mM
80,p-Phenylenediamine,(E)-2-Octenal,>,12.5,mM
80,Polyethylenimine linear,(E)-2-Octenal,=,0.38,mM
80,"3,7-diazanonane-1,9-diamine",(E)-2-Octenal,=,0.196,mM
80,"(3-aminopropyl)-1,2-ethylenediamine",(E)-2-Octenal,=,0.39,mM
80,"1,6-Hexanediamine",(E)-2-Octenal,=,0.098,mM
80,"1,3-bis(aminomethyl)cyclohexane",(E)-2-Octenal,=,0.39,mM
80,1.9-diaminononane,(E)-2-Octenal,=,0.098,mM
80,"2,2',2''-triaminotriethylamine",(E)-2-Octenal,=,0.098,mM
80,"N'-(2-aminoethyl)-N'-methylethane-1,2-diamine",(E)-2-Octenal,=,0.049,mM
80,"1,5-diamino-3-azapentane",(E)-2-Octenal,=,0.38,mM
80,Bis(3-aminopropyl)amine,(E)-2-Octenal,=,0.75,mM
80,"3,3'-Diamino-N-methyldipropylamine",(E)-2-Octenal,=,0.098,mM
80,Spermine,(E)-2-Octenal,=,0.75,mM
80,"1,11-diamino-3,6,9-trioxaundecane",1H-Imidazole-2-carboxaldehyde,=,0.39,mM
80,"1,6-Hexanediamine",1H-Imidazole-2-carboxaldehyde,=,3.12,mM
80,"1,11-diamino-3,6,9-trioxaundecane",4-Ethynylbenzaldehyde,=,3.12,mM
80,"1,5-diamino-3-azapentane",4-Ethynylbenzaldehyde,>,12.5,mM
80,"1,6-Hexanediamine","3,4-Dihydroxybenzaldehyde",=,6.25,mM
80,"1,6-Hexanediamine",(E)-Dec-2-enal,=,0.098,mM
80,"1,5-diamino-3-azapentane",(E)-Dec-2-enal,=,1.5,mM
80,"N-bis-(2-amino-ethyl)-ethane-1,2-diamine","2,6-Dimethyl-5-heptenal",=,3.12,mM
80,"2,2-bis(2-aminoethoxy)propane","2,6-Dimethyl-5-heptenal",>,12.5,mM
80,(Z)-[bis(2-aminoethyl)amino]-hydroxyimino-oxidoazanium,"2,6-Dimethyl-5-heptenal",=,6.25,mM
80,"1,7-Diaminoheptane","2,6-Dimethyl-5-heptenal",=,3.12,mM
80,"2,2'-diaminodiethyl ether","2,6-Dimethyl-5-heptenal",>,12.5,mM
80,"1,5-diaminopentane","2,6-Dimethyl-5-heptenal",=,6.25,mM
80,"1,4-diaminobutane","2,6-Dimethyl-5-heptenal",=,3.12,mM
80,"2,5-Bis(aminomethyl)furan","2,6-Dimethyl-5-heptenal",=,6.25,mM
80,"1,8-diaminooctan","2,6-Dimethyl-5-heptenal",=,1.56,mM
80,p-Phenylenediamine,"2,6-Dimethyl-5-heptenal",=,1.56,mM
80,"3,7-diazanonane-1,9-diamine","2,6-Dimethyl-5-heptenal",=,6.25,mM
80,"(3-aminopropyl)-1,2-ethylenediamine","2,6-Dimethyl-5-heptenal",=,12.5,mM
80,"1,3-di(aminomethyl)benzene","2,6-Dimethyl-5-heptenal",=,12.5,mM
80,"1,3-bis(aminomethyl)cyclohexane","2,6-Dimethyl-5-heptenal",=,12.5,mM
80,"2,2'-(ethylenedioxy)bis(ethylamine)","2,6-Dimethyl-5-heptenal",=,3.12,mM
80,"N'-(2-aminoethyl)-N'-methylethane-1,2-diamine","2,6-Dimethyl-5-heptenal",>,12.5,mM
80,"1,5-diamino-3-azapentane","2,6-Dimethyl-5-heptenal",=,6.25,mM
80,Bis(3-aminopropyl)amine,"2,6-Dimethyl-5-heptenal",=,3.12,mM
80,"3,3'-Diamino-N-methyldipropylamine","2,6-Dimethyl-5-heptenal",=,12.5,mM
80,"1,11-diamino-3,6,9-trioxaundecane",4-Nitrobenzaldehyde,=,1.56,mM
80,"1,5-diamino-3-azapentane",4-Nitrobenzaldehyde,=,3.12,mM
80,"1,11-diamino-3,6,9-trioxaundecane",Hexanal,=,0.39,mM
80,"1,6-Hexanediamine",Hexanal,=,0.048,mM
80,"1,5-diamino-3-azapentane",Hexanal,=,0.78,mM
80,"1,11-diamino-3,6,9-trioxaundecane",Vanillin,=,12.5,mM
80,"1,5-diamino-3-azapentane",Vanillin,=,1.5,mM
80,"1,5-diamino-3-azapentane",Octyl aldehyde,=,0.39,mM
80,"1,6-Hexanediamine",Nonyl aldehyde,=,0.19,mM
80,"1,5-diamino-3-azapentane",Nonyl aldehyde,=,0.098,mM
80,"2,2-bis(2-aminoethoxy)propane",Trans-2-pentenal,=,1.56,mM
80,"2,2'-diaminodiethyl ether",Trans-2-pentenal,=,3.12,mM
80,"1,11-diamino-3,6,9-trioxaundecane",Trans-2-pentenal,=,3.12,mM
80,"1,4-diaminobutane",Trans-2-pentenal,=,0.19,mM
80,"1,8-diaminooctan",Trans-2-pentenal,=,0.39,mM
80,p-Phenylenediamine,Trans-2-pentenal,>,12.5,mM
80,"3,7-diazanonane-1,9-diamine",Trans-2-pentenal,=,6.25,mM
80,"(3-aminopropyl)-1,2-ethylenediamine",Trans-2-pentenal,=,6.25,mM
80,"1,6-Hexanediamine",Trans-2-pentenal,=,0.19,mM
80,"1,3-bis(aminomethyl)cyclohexane",Trans-2-pentenal,=,1.56,mM
80,1.9-diaminononane,Trans-2-pentenal,=,0.098,mM
80,"2,2'-(ethylenedioxy)bis(ethylamine)",Trans-2-pentenal,=,3.12,mM
80,"1,5-diamino-3-azapentane",Trans-2-pentenal,=,6.25,mM
80,Bis(3-aminopropyl)amine,Trans-2-pentenal,=,0.39,mM
80,"3,3'-Diamino-N-methyldipropylamine",Trans-2-pentenal,=,3.12,mM
80,"1,6-Hexanediamine",citronellal,=,0.048,mM
80,"1,5-diamino-3-azapentane",citronellal,=,1.56,mM
80,"1,11-diamino-3,6,9-trioxaundecane",2-Pyridinecarboxaldehyde,=,3.12,mM
80,"1,6-Hexanediamine",2-Pyridinecarboxaldehyde,=,3.12,mM
80,"1,5-diamino-3-azapentane",2-Pyridinecarboxaldehyde,=,12.5,mM
80,"1,11-diamino-3,6,9-trioxaundecane",(E)-hept-2-enal,=,0.049,mM
80,"1,6-Hexanediamine",(E)-hept-2-enal,=,0.048,mM
80,"1,5-diamino-3-azapentane",(E)-hept-2-enal,=,1.5,mM
80,"1,11-diamino-3,6,9-trioxaundecane","(2E,4E)-deca-2,4-dienal",=,0.049,mM
80,"1,5-diamino-3-azapentane","(2E,4E)-deca-2,4-dienal",=,0.75,mM
80,"1,11-diamino-3,6,9-trioxaundecane",Cinnamaldehyde,=,0.19,mM
80,"1,6-Hexanediamine",Cinnamaldehyde,=,0.39,mM
80,"1,5-diamino-3-azapentane",Cinnamaldehyde,=,3,mM
80,"1,11-diamino-3,6,9-trioxaundecane",p-Bromo benzaldehyde,=,6.25,mM
80,"1,5-diamino-3-azapentane",p-Bromo benzaldehyde,=,3.12,mM
80,"1,11-diamino-3,6,9-trioxaundecane",(E)-non-2-enal,=,0.048,mM
80,"1,6-Hexanediamine",(E)-non-2-enal,=,0.098,mM
80,"1,5-diamino-3-azapentane",(E)-non-2-enal,=,0.38,mM
80,"1,11-diamino-3,6,9-trioxaundecane","(2E)-nona-2,6-dienal",=,0.098,mM
80,"1,6-Hexanediamine","(2E)-nona-2,6-dienal",=,0.19,mM
80,"1,5-diamino-3-azapentane","(2E)-nona-2,6-dienal",=,0.19,mM
80,"1,11-diamino-3,6,9-trioxaundecane",Citral,=,0.098,mM
80,"1,6-Hexanediamine",Citral,=,0.19,mM
80,"1,5-diamino-3-azapentane",Citral,=,0.19,mM
80,"1,11-diamino-3,6,9-trioxaundecane",(E)-hex-2-enal,=,0.19,mM
80,"1,6-Hexanediamine",(E)-hex-2-enal,=,0.39,mM
80,"1,5-diamino-3-azapentane",(E)-hex-2-enal,=,3,mM
80,"1,11-diamino-3,6,9-trioxaundecane",Formaldehyde,=,3.12,mM
80,"1,5-diamino-3-azapentane",Formaldehyde,=,12.5,mM
81,"N-bis-(2-amino-ethyl)-ethane-1,2-diamine",(E)-2-Octenal,=,0.196,mM
81,"2,2-bis(2-aminoethoxy)propane",(E)-2-Octenal,=,0.098,mM
81,(Z)-[bis(2-aminoethyl)amino]-hydroxyimino-oxidoazanium,(E)-2-Octenal,=,0.098,mM
81,"1,7-Diaminoheptane",(E)-2-Octenal,=,0.049,mM
81,"2,2'-diaminodiethyl ether",(E)-2-Octenal,=,0.098,mM
81,"1,8-diaminooctan",(E)-2-Octenal,=,0.098,mM
81,p-Phenylenediamine,(E)-2-Octenal,>,12.5,mM
81,"(3-aminopropyl)-1,2-ethylenediamine",(E)-2-Octenal,=,0.39,mM
81,"1,6-Hexanediamine",(E)-2-Octenal,=,0.098,mM
81,"1,3-bis(aminomethyl)cyclohexane",(E)-2-Octenal,=,0.39,mM
81,"2,2'-(ethylenedioxy)bis(ethylamine)",(E)-2-Octenal,=,0.049,mM
81,"2,2',2''-triaminotriethylamine",(E)-2-Octenal,=,0.098,mM
81,Bis(3-aminopropyl)amine,(E)-2-Octenal,=,0.75,mM
81,"3,3'-Diamino-N-methyldipropylamine",(E)-2-Octenal,=,0.098,mM
81,"1,11-diamino-3,6,9-trioxaundecane",1H-Imidazole-2-carboxaldehyde,=,0.39,mM
81,"1,11-diamino-3,6,9-trioxaundecane",4-Ethynylbenzaldehyde,=,3.12,mM
81,"1,5-diamino-3-azapentane",4-Ethynylbenzaldehyde,>,12.5,mM
81,"1,11-diamino-3,6,9-trioxaundecane","3,4-Dihydroxybenzaldehyde",=,6.25,mM
81,"1,6-Hexanediamine","3,4-Dihydroxybenzaldehyde",=,6.25,mM
81,"1,11-diamino-3,6,9-trioxaundecane",(E)-Dec-2-enal,=,0.024,mM
81,"1,6-Hexanediamine",(E)-Dec-2-enal,=,0.098,mM
81,"1,5-diamino-3-azapentane",(E)-Dec-2-enal,=,1.5,mM
81,"2,2-bis(2-aminoethoxy)propane","2,6-Dimethyl-5-heptenal",>,12.5,mM
81,(Z)-[bis(2-aminoethyl)amino]-hydroxyimino-oxidoazanium,"2,6-Dimethyl-5-heptenal",=,6.25,mM
81,cystamine dihydrochloride,"2,6-Dimethyl-5-heptenal",=,6.25,mM
81,"2,2'-diaminodiethyl ether","2,6-Dimethyl-5-heptenal",>,12.5,mM
81,"1,11-diamino-3,6,9-trioxaundecane","2,6-Dimethyl-5-heptenal",=,12.5,mM
81,"1,5-diaminopentane","2,6-Dimethyl-5-heptenal",=,6.25,mM
81,"1,4-diaminobutane","2,6-Dimethyl-5-heptenal",=,3.12,mM
81,p-Phenylenediamine,"2,6-Dimethyl-5-heptenal",=,1.56,mM
81,"3,7-diazanonane-1,9-diamine","2,6-Dimethyl-5-heptenal",=,6.25,mM
81,"(3-aminopropyl)-1,2-ethylenediamine","2,6-Dimethyl-5-heptenal",=,12.5,mM
81,"1,6-Hexanediamine","2,6-Dimethyl-5-heptenal",=,6.25,mM
81,"1,3-di(aminomethyl)benzene","2,6-Dimethyl-5-heptenal",=,12.5,mM
81,1.9-diaminononane,"2,6-Dimethyl-5-heptenal",=,1.56,mM
81,"2,2'-(ethylenedioxy)bis(ethylamine)","2,6-Dimethyl-5-heptenal",=,3.12,mM
81,"2,2',2''-triaminotriethylamine","2,6-Dimethyl-5-heptenal",=,3.12,mM
81,"N'-(2-aminoethyl)-N'-methylethane-1,2-diamine","2,6-Dimethyl-5-heptenal",>,12.5,mM
81,Spermidine,"2,6-Dimethyl-5-heptenal",=,6.25,mM
81,"1,5-diamino-3-azapentane","2,6-Dimethyl-5-heptenal",=,6.25,mM
81,Bis(3-aminopropyl)amine,"2,6-Dimethyl-5-heptenal",=,3.12,mM
81,"3,3'-Diamino-N-methyldipropylamine","2,6-Dimethyl-5-heptenal",=,12.5,mM
81,Spermine,"2,6-Dimethyl-5-heptenal",=,6.25,mM
81,"1,11-diamino-3,6,9-trioxaundecane",4-Nitrobenzaldehyde,=,1.56,mM
81,"1,6-Hexanediamine",4-Nitrobenzaldehyde,=,3.12,mM
81,"1,5-diamino-3-azapentane",4-Nitrobenzaldehyde,=,3.12,mM
81,"1,11-diamino-3,6,9-trioxaundecane",Hexanal,=,0.39,mM
81,"1,6-Hexanediamine",Hexanal,=,0.048,mM
81,"1,5-diamino-3-azapentane",Hexanal,=,0.78,mM
81,"1,11-diamino-3,6,9-trioxaundecane",Vanillin,=,12.5,mM
81,"1,6-Hexanediamine",Vanillin,=,6.25,mM
81,"1,5-diamino-3-azapentane",Vanillin,=,1.5,mM
81,"1,5-diamino-3-azapentane",Octyl aldehyde,=,0.39,mM
81,"1,6-Hexanediamine",Nonyl aldehyde,=,0.19,mM
81,"N-bis-(2-amino-ethyl)-ethane-1,2-diamine",Trans-2-pentenal,=,6.25,mM
81,"2,2-bis(2-aminoethoxy)propane",Trans-2-pentenal,=,1.56,mM
81,(Z)-[bis(2-aminoethyl)amino]-hydroxyimino-oxidoazanium,Trans-2-pentenal,=,0.39,mM
81,"1,7-Diaminoheptane",Trans-2-pentenal,=,0.39,mM
81,"2,2'-diaminodiethyl ether",Trans-2-pentenal,=,3.12,mM
81,"1,11-diamino-3,6,9-trioxaundecane",Trans-2-pentenal,=,3.12,mM
81,"1,5-diaminopentane",Trans-2-pentenal,=,1.56,mM
81,"1,4-diaminobutane",Trans-2-pentenal,=,0.19,mM
81,"1,8-diaminooctan",Trans-2-pentenal,=,0.39,mM
81,p-Phenylenediamine,Trans-2-pentenal,>,12.5,mM
81,"3,7-diazanonane-1,9-diamine",Trans-2-pentenal,=,6.25,mM
81,"(3-aminopropyl)-1,2-ethylenediamine",Trans-2-pentenal,=,6.25,mM
81,"1,6-Hexanediamine",Trans-2-pentenal,=,0.19,mM
81,"1,3-bis(aminomethyl)cyclohexane",Trans-2-pentenal,=,1.56,mM
81,1.9-diaminononane,Trans-2-pentenal,=,0.098,mM
81,"1,5-diamino-3-azapentane",Trans-2-pentenal,=,6.25,mM
81,Bis(3-aminopropyl)amine,Trans-2-pentenal,=,0.39,mM
81,"3,3'-Diamino-N-methyldipropylamine",Trans-2-pentenal,=,3.12,mM
81,"1,11-diamino-3,6,9-trioxaundecane",citronellal,=,0.0061,mM
81,"1,6-Hexanediamine",citronellal,=,0.048,mM
81,"1,5-diamino-3-azapentane",citronellal,=,1.56,mM
81,"1,11-diamino-3,6,9-trioxaundecane",2-Pyridinecarboxaldehyde,=,3.12,mM
81,"1,6-Hexanediamine",2-Pyridinecarboxaldehyde,=,3.12,mM
81,"1,5-diamino-3-azapentane",2-Pyridinecarboxaldehyde,=,12.5,mM
81,"1,6-Hexanediamine",(E)-hept-2-enal,=,0.048,mM
81,"1,5-diamino-3-azapentane",(E)-hept-2-enal,=,1.5,mM
81,"1,6-Hexanediamine","(2E,4E)-deca-2,4-dienal",=,0.19,mM
81,"1,11-diamino-3,6,9-trioxaundecane",Cinnamaldehyde,=,0.19,mM
81,"1,6-Hexanediamine",Cinnamaldehyde,=,0.39,mM
81,"1,5-diamino-3-azapentane",Cinnamaldehyde,=,3,mM
81,"1,11-diamino-3,6,9-trioxaundecane",p-Bromo benzaldehyde,=,6.25,mM
81,"1,6-Hexanediamine",p-Bromo benzaldehyde,=,6.25,mM
81,"1,11-diamino-3,6,9-trioxaundecane",(E)-non-2-enal,=,0.048,mM
81,"1,6-Hexanediamine",(E)-non-2-enal,=,0.098,mM
81,"1,5-diamino-3-azapentane",(E)-non-2-enal,=,0.38,mM
81,"1,11-diamino-3,6,9-trioxaundecane","(2E)-nona-2,6-dienal",=,0.098,mM
81,"1,6-Hexanediamine","(2E)-nona-2,6-dienal",=,0.19,mM
81,"1,5-diamino-3-azapentane","(2E)-nona-2,6-dienal",=,0.19,mM
81,"1,11-diamino-3,6,9-trioxaundecane",Citral,=,0.098,mM
81,"1,6-Hexanediamine",Citral,=,0.19,mM
81,"1,5-diamino-3-azapentane",Citral,=,0.19,mM
81,"1,11-diamino-3,6,9-trioxaundecane",(E)-hex-2-enal,=,0.19,mM
81,"1,6-Hexanediamine",(E)-hex-2-enal,=,0.39,mM
81,"1,5-diamino-3-azapentane",(E)-hex-2-enal,=,3,mM
81,"1,11-diamino-3,6,9-trioxaundecane",Formaldehyde,=,3.12,mM
81,"1,5-diamino-3-azapentane",Formaldehyde,=,12.5,mM
82,"N-bis-(2-amino-ethyl)-ethane-1,2-diamine",(E)-2-Octenal,=,0.196,mM
82,"2,2-bis(2-aminoethoxy)propane",(E)-2-Octenal,=,0.098,mM
82,"1,7-Diaminoheptane",(E)-2-Octenal,=,0.049,mM
82,"2,2'-diaminodiethyl ether",(E)-2-Octenal,=,0.098,mM
82,"1,11-diamino-3,6,9-trioxaundecane",(E)-2-Octenal,=,0.098,mM
82,"1,5-diaminopentane",(E)-2-Octenal,=,0.098,mM
82,"1,4-diaminobutane",(E)-2-Octenal,=,0.098,mM
82,"1,8-diaminooctan",(E)-2-Octenal,=,0.098,mM
82,"3,7-diazanonane-1,9-diamine",(E)-2-Octenal,=,0.196,mM
82,"(3-aminopropyl)-1,2-ethylenediamine",(E)-2-Octenal,=,0.39,mM
82,"1,6-Hexanediamine",(E)-2-Octenal,=,0.098,mM
82,"1,3-bis(aminomethyl)cyclohexane",(E)-2-Octenal,=,0.39,mM
82,1.9-diaminononane,(E)-2-Octenal,=,0.098,mM
82,"2,2'-(ethylenedioxy)bis(ethylamine)",(E)-2-Octenal,=,0.049,mM
82,"N'-(2-aminoethyl)-N'-methylethane-1,2-diamine",(E)-2-Octenal,=,0.049,mM
82,Bis(3-aminopropyl)amine,(E)-2-Octenal,=,0.75,mM
82,Spermine,(E)-2-Octenal,=,0.75,mM
82,"1,11-diamino-3,6,9-trioxaundecane",1H-Imidazole-2-carboxaldehyde,=,0.39,mM
82,"1,6-Hexanediamine",1H-Imidazole-2-carboxaldehyde,=,3.12,mM
82,"1,5-diamino-3-azapentane",1H-Imidazole-2-carboxaldehyde,=,0.78,mM
82,"1,11-diamino-3,6,9-trioxaundecane",4-Ethynylbenzaldehyde,=,3.12,mM
82,"1,5-diamino-3-azapentane",4-Ethynylbenzaldehyde,>,12.5,mM
82,"1,11-diamino-3,6,9-trioxaundecane","3,4-Dihydroxybenzaldehyde",=,6.25,mM
82,"1,6-Hexanediamine","3,4-Dihydroxybenzaldehyde",=,6.25,mM
82,"1,11-diamino-3,6,9-trioxaundecane",(E)-Dec-2-enal,=,0.024,mM
82,"1,5-diamino-3-azapentane",(E)-Dec-2-enal,=,1.5,mM
82,"N-bis-(2-amino-ethyl)-ethane-1,2-diamine","2,6-Dimethyl-5-heptenal",=,3.12,mM
82,"2,2-bis(2-aminoethoxy)propane","2,6-Dimethyl-5-heptenal",>,12.5,mM
82,(Z)-[bis(2-aminoethyl)amino]-hydroxyimino-oxidoazanium,"2,6-Dimethyl-5-heptenal",=,6.25,mM
82,cystamine dihydrochloride,"2,6-Dimethyl-5-heptenal",=,6.25,mM
82,"1,7-Diaminoheptane","2,6-Dimethyl-5-heptenal",=,3.12,mM
82,"2,2'-diaminodiethyl ether","2,6-Dimethyl-5-heptenal",>,12.5,mM
82,"1,11-diamino-3,6,9-trioxaundecane","2,6-Dimethyl-5-heptenal",=,12.5,mM
82,"1,4-diaminobutane","2,6-Dimethyl-5-heptenal",=,3.12,mM
82,"2,5-Bis(aminomethyl)furan","2,6-Dimethyl-5-heptenal",=,6.25,mM
82,"1,8-diaminooctan","2,6-Dimethyl-5-heptenal",=,1.56,mM
82,"(3-aminopropyl)-1,2-ethylenediamine","2,6-Dimethyl-5-heptenal",=,12.5,mM
82,"1,6-Hexanediamine","2,6-Dimethyl-5-heptenal",=,6.25,mM
82,"1,3-di(aminomethyl)benzene","2,6-Dimethyl-5-heptenal",=,12.5,mM
82,"1,3-bis(aminomethyl)cyclohexane","2,6-Dimethyl-5-heptenal",=,12.5,mM
82,1.9-diaminononane,"2,6-Dimethyl-5-heptenal",=,1.56,mM
82,"2,2',2''-triaminotriethylamine","2,6-Dimethyl-5-heptenal",=,3.12,mM
82,"N'-(2-aminoethyl)-N'-methylethane-1,2-diamine","2,6-Dimethyl-5-heptenal",>,12.5,mM
82,"3,3'-Diamino-N-methyldipropylamine","2,6-Dimethyl-5-heptenal",=,12.5,mM
82,Spermine,"2,6-Dimethyl-5-heptenal",=,6.25,mM
82,"1,11-diamino-3,6,9-trioxaundecane",4-Nitrobenzaldehyde,=,1.56,mM
82,"1,5-diamino-3-azapentane",4-Nitrobenzaldehyde,=,3.12,mM
82,"1,11-diamino-3,6,9-trioxaundecane",Hexanal,=,0.39,mM
82,"1,6-Hexanediamine",Hexanal,=,0.048,mM
82,"1,5-diamino-3-azapentane",Hexanal,=,0.78,mM
82,"1,11-diamino-3,6,9-trioxaundecane",Vanillin,=,12.5,mM
82,"1,6-Hexanediamine",Vanillin,=,6.25,mM
82,"1,5-diamino-3-azapentane",Vanillin,=,1.5,mM
82,"1,11-diamino-3,6,9-trioxaundecane",Octyl aldehyde,=,0.024,mM
82,"1,5-diamino-3-azapentane",Octyl aldehyde,=,0.39,mM
82,"1,6-Hexanediamine",Nonyl aldehyde,=,0.19,mM
82,"1,5-diamino-3-azapentane",Nonyl aldehyde,=,0.098,mM
82,"N-bis-(2-amino-ethyl)-ethane-1,2-diamine",Trans-2-pentenal,=,6.25,mM
82,"2,2-bis(2-aminoethoxy)propane",Trans-2-pentenal,=,1.56,mM
82,(Z)-[bis(2-aminoethyl)amino]-hydroxyimino-oxidoazanium,Trans-2-pentenal,=,0.39,mM
82,"1,7-Diaminoheptane",Trans-2-pentenal,=,0.39,mM
82,"2,2'-diaminodiethyl ether",Trans-2-pentenal,=,3.12,mM
82,"1,11-diamino-3,6,9-trioxaundecane",Trans-2-pentenal,=,3.12,mM
82,"1,5-diaminopentane",Trans-2-pentenal,=,1.56,mM
82,"1,4-diaminobutane",Trans-2-pentenal,=,0.19,mM
82,"1,8-diaminooctan",Trans-2-pentenal,=,0.39,mM
82,p-Phenylenediamine,Trans-2-pentenal,>,12.5,mM
82,"3,7-diazanonane-1,9-diamine",Trans-2-pentenal,=,6.25,mM
82,"(3-aminopropyl)-1,2-ethylenediamine",Trans-2-pentenal,=,6.25,mM
82,"1,6-Hexanediamine",Trans-2-pentenal,=,0.19,mM
82,"1,3-bis(aminomethyl)cyclohexane",Trans-2-pentenal,=,1.56,mM
82,1.9-diaminononane,Trans-2-pentenal,=,0.098,mM
82,"2,2'-(ethylenedioxy)bis(ethylamine)",Trans-2-pentenal,=,3.12,mM
82,"1,5-diamino-3-azapentane",Trans-2-pentenal,=,6.25,mM
82,Bis(3-aminopropyl)amine,Trans-2-pentenal,=,0.39,mM
82,"3,3'-Diamino-N-methyldipropylamine",Trans-2-pentenal,=,3.12,mM
82,"1,11-diamino-3,6,9-trioxaundecane",citronellal,=,0.0061,mM
82,"1,6-Hexanediamine",citronellal,=,0.048,mM
82,"1,11-diamino-3,6,9-trioxaundecane",2-Pyridinecarboxaldehyde,=,3.12,mM
82,"1,6-Hexanediamine",2-Pyridinecarboxaldehyde,=,3.12,mM
82,"1,5-diamino-3-azapentane",2-Pyridinecarboxaldehyde,=,12.5,mM
82,"1,11-diamino-3,6,9-trioxaundecane",(E)-hept-2-enal,=,0.049,mM
82,"1,6-Hexanediamine",(E)-hept-2-enal,=,0.048,mM
82,"1,5-diamino-3-azapentane",(E)-hept-2-enal,=,1.5,mM
82,"1,6-Hexanediamine","(2E,4E)-deca-2,4-dienal",=,0.19,mM
82,"1,5-diamino-3-azapentane","(2E,4E)-deca-2,4-dienal",=,0.75,mM
82,"1,11-diamino-3,6,9-trioxaundecane",Cinnamaldehyde,=,0.19,mM
82,"1,6-Hexanediamine",Cinnamaldehyde,=,0.39,mM
82,"1,11-diamino-3,6,9-trioxaundecane",p-Bromo benzaldehyde,=,6.25,mM
82,"1,6-Hexanediamine",p-Bromo benzaldehyde,=,6.25,mM
82,"1,5-diamino-3-azapentane",p-Bromo benzaldehyde,=,3.12,mM
82,"1,11-diamino-3,6,9-trioxaundecane",(E)-non-2-enal,=,0.048,mM
82,"1,6-Hexanediamine",(E)-non-2-enal,=,0.098,mM
82,"1,5-diamino-3-azapentane",(E)-non-2-enal,=,0.38,mM
82,"1,11-diamino-3,6,9-trioxaundecane","(2E)-nona-2,6-dienal",=,0.098,mM
82,"1,5-diamino-3-azapentane",Citral,=,0.19,mM
82,"1,6-Hexanediamine",(E)-hex-2-enal,=,0.39,mM
82,"1,5-diamino-3-azapentane",(E)-hex-2-enal,=,3,mM
82,"1,11-diamino-3,6,9-trioxaundecane",Formaldehyde,=,3.12,mM
82,"1,5-diamino-3-azapentane",Formaldehyde,=,12.5,mM
83,(Z)-[bis(2-aminoethyl)amino]-hydroxyimino-oxidoazanium,(E)-2-Octenal,=,0.098,mM
83,"1,11-diamino-3,6,9-trioxaundecane",(E)-2-Octenal,=,0.098,mM
83,"1,4-diaminobutane",(E)-2-Octenal,=,0.098,mM
83,p-Phenylenediamine,(E)-2-Octenal,>,12.5,mM
83,"3,7-diazanonane-1,9-diamine",(E)-2-Octenal,=,0.196,mM
83,"1,6-Hexanediamine",(E)-2-Octenal,=,0.098,mM
83,"1,3-bis(aminomethyl)cyclohexane",(E)-2-Octenal,=,0.39,mM
83,1.9-diaminononane,(E)-2-Octenal,=,0.098,mM
83,"2,2',2''-triaminotriethylamine",(E)-2-Octenal,=,0.098,mM
83,"N'-(2-aminoethyl)-N'-methylethane-1,2-diamine",(E)-2-Octenal,=,0.049,mM
83,"1,5-diamino-3-azapentane",(E)-2-Octenal,=,0.38,mM
83,Bis(3-aminopropyl)amine,(E)-2-Octenal,=,0.75,mM
83,Spermine,(E)-2-Octenal,=,0.75,mM
83,"1,5-diamino-3-azapentane",1H-Imidazole-2-carboxaldehyde,=,0.78,mM
83,"1,11-diamino-3,6,9-trioxaundecane",4-Ethynylbenzaldehyde,=,3.12,mM
83,"1,5-diamino-3-azapentane",4-Ethynylbenzaldehyde,>,12.5,mM
83,"1,11-diamino-3,6,9-trioxaundecane","3,4-Dihydroxybenzaldehyde",=,6.25,mM
83,"1,6-Hexanediamine","3,4-Dihydroxybenzaldehyde",=,6.25,mM
83,"1,11-diamino-3,6,9-trioxaundecane",(E)-Dec-2-enal,=,0.024,mM
83,"1,6-Hexanediamine",(E)-Dec-2-enal,=,0.098,mM
83,"1,5-diamino-3-azapentane",(E)-Dec-2-enal,=,1.5,mM
83,"N-bis-(2-amino-ethyl)-ethane-1,2-diamine","2,6-Dimethyl-5-heptenal",=,3.12,mM
83,"2,2-bis(2-aminoethoxy)propane","2,6-Dimethyl-5-heptenal",>,12.5,mM
83,(Z)-[bis(2-aminoethyl)amino]-hydroxyimino-oxidoazanium,"2,6-Dimethyl-5-heptenal",=,6.25,mM
83,cystamine dihydrochloride,"2,6-Dimethyl-5-heptenal",=,6.25,mM
83,"1,7-Diaminoheptane","2,6-Dimethyl-5-heptenal",=,3.12,mM
83,"2,2'-diaminodiethyl ether","2,6-Dimethyl-5-heptenal",>,12.5,mM
83,"1,11-diamino-3,6,9-trioxaundecane","2,6-Dimethyl-5-heptenal",=,12.5,mM
83,"1,5-diaminopentane","2,6-Dimethyl-5-heptenal",=,6.25,mM
83,"1,4-diaminobutane","2,6-Dimethyl-5-heptenal",=,3.12,mM
83,"2,5-Bis(aminomethyl)furan","2,6-Dimethyl-5-heptenal",=,6.25,mM
83,"1,8-diaminooctan","2,6-Dimethyl-5-heptenal",=,1.56,mM
83,p-Phenylenediamine,"2,6-Dimethyl-5-heptenal",=,1.56,mM
83,"3,7-diazanonane-1,9-diamine","2,6-Dimethyl-5-heptenal",=,6.25,mM
83,"(3-aminopropyl)-1,2-ethylenediamine","2,6-Dimethyl-5-heptenal",=,12.5,mM
83,"1,6-Hexanediamine","2,6-Dimethyl-5-heptenal",=,6.25,mM
83,"1,3-di(aminomethyl)benzene","2,6-Dimethyl-5-heptenal",=,12.5,mM
83,"1,3-bis(aminomethyl)cyclohexane","2,6-Dimethyl-5-heptenal",=,12.5,mM
83,1.9-diaminononane,"2,6-Dimethyl-5-heptenal",=,1.56,mM
83,"2,2'-(ethylenedioxy)bis(ethylamine)","2,6-Dimethyl-5-heptenal",=,3.12,mM
83,"2,2',2''-triaminotriethylamine","2,6-Dimethyl-5-heptenal",=,3.12,mM
83,Spermidine,"2,6-Dimethyl-5-heptenal",=,6.25,mM
83,"1,5-diamino-3-azapentane","2,6-Dimethyl-5-heptenal",=,6.25,mM
83,Bis(3-aminopropyl)amine,"2,6-Dimethyl-5-heptenal",=,3.12,mM
83,"3,3'-Diamino-N-methyldipropylamine","2,6-Dimethyl-5-heptenal",=,12.5,mM
83,"1,11-diamino-3,6,9-trioxaundecane",4-Nitrobenzaldehyde,=,1.56,mM
83,"1,5-diamino-3-azapentane",4-Nitrobenzaldehyde,=,3.12,mM
83,"1,11-diamino-3,6,9-trioxaundecane",Hexanal,=,0.39,mM
83,"1,5-diamino-3-azapentane",Hexanal,=,0.78,mM
83,"1,6-Hexanediamine",Vanillin,=,6.25,mM
83,"1,5-diamino-3-azapentane",Vanillin,=,1.5,mM
83,"1,11-diamino-3,6,9-trioxaundecane",Octyl aldehyde,=,0.024,mM
83,"1,6-Hexanediamine",Octyl aldehyde,=,0.098,mM
83,"1,5-diamino-3-azapentane",Octyl aldehyde,=,0.39,mM
83,"1,6-Hexanediamine",Nonyl aldehyde,=,0.19,mM
83,"1,5-diamino-3-azapentane",Nonyl aldehyde,=,0.098,mM
83,"2,2-bis(2-aminoethoxy)propane",Trans-2-pentenal,=,1.56,mM
83,(Z)-[bis(2-aminoethyl)amino]-hydroxyimino-oxidoazanium,Trans-2-pentenal,=,0.39,mM
83,"1,7-Diaminoheptane",Trans-2-pentenal,=,0.39,mM
83,"2,2'-diaminodiethyl ether",Trans-2-pentenal,=,3.12,mM
83,"1,11-diamino-3,6,9-trioxaundecane",Trans-2-pentenal,=,3.12,mM
83,"1,5-diaminopentane",Trans-2-pentenal,=,1.56,mM
83,"1,4-diaminobutane",Trans-2-pentenal,=,0.19,mM
83,"1,8-diaminooctan",Trans-2-pentenal,=,0.39,mM
83,p-Phenylenediamine,Trans-2-pentenal,>,12.5,mM
83,"3,7-diazanonane-1,9-diamine",Trans-2-pentenal,=,6.25,mM
83,"(3-aminopropyl)-1,2-ethylenediamine",Trans-2-pentenal,=,6.25,mM
83,"1,6-Hexanediamine",Trans-2-pentenal,=,0.19,mM
83,"1,3-bis(aminomethyl)cyclohexane",Trans-2-pentenal,=,1.56,mM
83,1.9-diaminononane,Trans-2-pentenal,=,0.098,mM
83,"2,2'-(ethylenedioxy)bis(ethylamine)",Trans-2-pentenal,=,3.12,mM
83,"N'-(2-aminoethyl)-N'-methylethane-1,2-diamine",Trans-2-pentenal,=,0.78,mM
83,"1,5-diamino-3-azapentane",Trans-2-pentenal,=,6.25,mM
83,"3,3'-Diamino-N-methyldipropylamine",Trans-2-pentenal,=,3.12,mM
83,"1,6-Hexanediamine",citronellal,=,0.048,mM
83,"1,11-diamino-3,6,9-trioxaundecane",2-Pyridinecarboxaldehyde,=,3.12,mM
83,"1,6-Hexanediamine",2-Pyridinecarboxaldehyde,=,3.12,mM
83,"1,5-diamino-3-azapentane",2-Pyridinecarboxaldehyde,=,12.5,mM
83,"1,11-diamino-3,6,9-trioxaundecane",(E)-hept-2-enal,=,0.049,mM
83,"1,6-Hexanediamine",(E)-hept-2-enal,=,0.048,mM
83,"1,5-diamino-3-azapentane",(E)-hept-2-enal,=,1.5,mM
83,"1,11-diamino-3,6,9-trioxaundecane","(2E,4E)-deca-2,4-dienal",=,0.049,mM
83,"1,6-Hexanediamine","(2E,4E)-deca-2,4-dienal",=,0.19,mM
83,"1,5-diamino-3-azapentane","(2E,4E)-deca-2,4-dienal",=,0.75,mM
83,"1,11-diamino-3,6,9-trioxaundecane",Cinnamaldehyde,=,0.19,mM
83,"1,6-Hexanediamine",Cinnamaldehyde,=,0.39,mM
83,"1,5-diamino-3-azapentane",Cinnamaldehyde,=,3,mM
83,"1,11-diamino-3,6,9-trioxaundecane",p-Bromo benzaldehyde,=,6.25,mM
83,"1,6-Hexanediamine",p-Bromo benzaldehyde,=,6.25,mM
83,"1,5-diamino-3-azapentane",p-Bromo benzaldehyde,=,3.12,mM
83,"1,11-diamino-3,6,9-trioxaundecane",(E)-non-2-enal,=,0.048,mM
83,"1,6-Hexanediamine",(E)-non-2-enal,=,0.098,mM
83,"1,6-Hexanediamine","(2E)-nona-2,6-dienal",=,0.19,mM
83,"1,5-diamino-3-azapentane","(2E)-nona-2,6-dienal",=,0.19,mM
83,"1,11-diamino-3,6,9-trioxaundecane",Citral,=,0.098,mM
83,"1,6-Hexanediamine",Citral,=,0.19,mM
83,"1,11-diamino-3,6,9-trioxaundecane",(E)-hex-2-enal,=,0.19,mM
83,"1,6-Hexanediamine",(E)-hex-2-enal,=,0.39,mM
83,"1,11-diamino-3,6,9-trioxaundecane",Formaldehyde,=,3.12,mM
83,"1,5-diamino-3-azapentane",Formaldehyde,=,12.5,mM
84,"N-bis-(2-amino-ethyl)-ethane-1,2-diamine",(E)-2-Octenal,=,0.196,mM
84,"2,2-bis(2-aminoethoxy)propane",(E)-2-Octenal,=,0.098,mM
84,(Z)-[bis(2-aminoethyl)amino]-hydroxyimino-oxidoazanium,(E)-2-Octenal,=,0.098,mM
84,"1,7-Diaminoheptane",(E)-2-Octenal,=,0.049,mM
84,"1,5-diaminopentane",(E)-2-Octenal,=,0.098,mM
84,"1,8-diaminooctan",(E)-2-Octenal,=,0.098,mM
84,p-Phenylenediamine,(E)-2-Octenal,>,12.5,mM
84,Polyethylenimine linear,(E)-2-Octenal,=,0.38,mM
84,"3,7-diazanonane-1,9-diamine",(E)-2-Octenal,=,0.196,mM
84,"(3-aminopropyl)-1,2-ethylenediamine",(E)-2-Octenal,=,0.39,mM
84,"1,6-Hexanediamine",(E)-2-Octenal,=,0.098,mM
84,"1,3-bis(aminomethyl)cyclohexane",(E)-2-Octenal,=,0.39,mM
84,"2,2'-(ethylenedioxy)bis(ethylamine)",(E)-2-Octenal,=,0.049,mM
84,"2,2',2''-triaminotriethylamine",(E)-2-Octenal,=,0.098,mM
84,"1,5-diamino-3-azapentane",(E)-2-Octenal,=,0.38,mM
84,Bis(3-aminopropyl)amine,(E)-2-Octenal,=,0.75,mM
84,"3,3'-Diamino-N-methyldipropylamine",(E)-2-Octenal,=,0.098,mM
84,Spermine,(E)-2-Octenal,=,0.75,mM
84,"1,11-diamino-3,6,9-trioxaundecane",1H-Imidazole-2-carboxaldehyde,=,0.39,mM
84,"1,5-diamino-3-azapentane",1H-Imidazole-2-carboxaldehyde,=,0.78,mM
84,"1,11-diamino-3,6,9-trioxaundecane",4-Ethynylbenzaldehyde,=,3.12,mM
84,"1,11-diamino-3,6,9-trioxaundecane","3,4-Dihydroxybenzaldehyde",=,6.25,mM
84,"1,6-Hexanediamine","3,4-Dihydroxybenzaldehyde",=,6.25,mM
84,"1,11-diamino-3,6,9-trioxaundecane",(E)-Dec-2-enal,=,0.024,mM
84,"1,6-Hexanediamine",(E)-Dec-2-enal,=,0.098,mM
84,"N-bis-(2-amino-ethyl)-ethane-1,2-diamine","2,6-Dimethyl-5-heptenal",=,3.12,mM
84,"2,2-bis(2-aminoethoxy)propane","2,6-Dimethyl-5-heptenal",>,12.5,mM
84,(Z)-[bis(2-aminoethyl)amino]-hydroxyimino-oxidoazanium,"2,6-Dimethyl-5-heptenal",=,6.25,mM
84,"1,7-Diaminoheptane","2,6-Dimethyl-5-heptenal",=,3.12,mM
84,"2,2'-diaminodiethyl ether","2,6-Dimethyl-5-heptenal",>,12.5,mM
84,"1,11-diamino-3,6,9-trioxaundecane","2,6-Dimethyl-5-heptenal",=,12.5,mM
84,"1,5-diaminopentane","2,6-Dimethyl-5-heptenal",=,6.25,mM
84,"1,4-diaminobutane","2,6-Dimethyl-5-heptenal",=,3.12,mM
84,"1,8-diaminooctan","2,6-Dimethyl-5-heptenal",=,1.56,mM
84,p-Phenylenediamine,"2,6-Dimethyl-5-heptenal",=,1.56,mM
84,"3,7-diazanonane-1,9-diamine","2,6-Dimethyl-5-heptenal",=,6.25,mM
84,"(3-aminopropyl)-1,2-ethylenediamine","2,6-Dimethyl-5-heptenal",=,12.5,mM
84,"1,6-Hexanediamine","2,6-Dimethyl-5-heptenal",=,6.25,mM
84,"1,3-di(aminomethyl)benzene","2,6-Dimethyl-5-heptenal",=,12.5,mM
84,"1,3-bis(aminomethyl)cyclohexane","2,6-Dimethyl-5-heptenal",=,12.5,mM
84,1.9-diaminononane,"2,6-Dimethyl-5-heptenal",=,1.56,mM
84,"2,2'-(ethylenedioxy)bis(ethylamine)","2,6-Dimethyl-5-heptenal",=,3.12,mM
84,"2,2',2''-triaminotriethylamine","2,6-Dimethyl-5-heptenal",=,3.12,mM
84,"N'-(2-aminoethyl)-N'-methylethane-1,2-diamine","2,6-Dimethyl-5-heptenal",>,12.5,mM
84,"1,5-diamino-3-azapentane","2,6-Dimethyl-5-heptenal",=,6.25,mM
84,Bis(3-aminopropyl)amine,"2,6-Dimethyl-5-heptenal",=,3.12,mM
84,"3,3'-Diamino-N-methyldipropylamine","2,6-Dimethyl-5-heptenal",=,12.5,mM
84,Spermine,"2,6-Dimethyl-5-heptenal",=,6.25,mM
84,"1,11-diamino-3,6,9-trioxaundecane",4-Nitrobenzaldehyde,=,1.56,mM
84,"1,6-Hexanediamine",4-Nitrobenzaldehyde,=,3.12,mM
84,"1,11-diamino-3,6,9-trioxaundecane",Hexanal,=,0.39,mM
84,"1,6-Hexanediamine",Hexanal,=,0.048,mM
84,"1,5-diamino-3-azapentane",Hexanal,=,0.78,mM
84,"1,11-diamino-3,6,9-trioxaundecane",Vanillin,=,12.5,mM
84,"1,5-diamino-3-azapentane",Vanillin,=,1.5,mM
84,"1,11-diamino-3,6,9-trioxaundecane",Octyl aldehyde,=,0.024,mM
84,"1,6-Hexanediamine",Octyl aldehyde,=,0.098,mM
84,"1,5-diamino-3-azapentane",Octyl aldehyde,=,0.39,mM
84,"1,6-Hexanediamine",Nonyl aldehyde,=,0.19,mM
84,"1,5-diamino-3-azapentane",Nonyl aldehyde,=,0.098,mM
84,"2,2-bis(2-aminoethoxy)propane",Trans-2-pentenal,=,1.56,mM
84,(Z)-[bis(2-aminoethyl)amino]-hydroxyimino-oxidoazanium,Trans-2-pentenal,=,0.39,mM
84,"2,2'-diaminodiethyl ether",Trans-2-pentenal,=,3.12,mM
84,"1,11-diamino-3,6,9-trioxaundecane",Trans-2-pentenal,=,3.12,mM
84,"1,5-diaminopentane",Trans-2-pentenal,=,1.56,mM
84,"1,4-diaminobutane",Trans-2-pentenal,=,0.19,mM
84,"1,8-diaminooctan",Trans-2-pentenal,=,0.39,mM
84,p-Phenylenediamine,Trans-2-pentenal,>,12.5,mM
84,"3,7-diazanonane-1,9-diamine",Trans-2-pentenal,=,6.25,mM
84,"(3-aminopropyl)-1,2-ethylenediamine",Trans-2-pentenal,=,6.25,mM
84,"1,3-bis(aminomethyl)cyclohexane",Trans-2-pentenal,=,1.56,mM
84,1.9-diaminononane,Trans-2-pentenal,=,0.098,mM
84,"N'-(2-aminoethyl)-N'-methylethane-1,2-diamine",Trans-2-pentenal,=,0.78,mM
84,"1,5-diamino-3-azapentane",Trans-2-pentenal,=,6.25,mM
84,Bis(3-aminopropyl)amine,Trans-2-pentenal,=,0.39,mM
84,"3,3'-Diamino-N-methyldipropylamine",Trans-2-pentenal,=,3.12,mM
84,"1,11-diamino-3,6,9-trioxaundecane",citronellal,=,0.0061,mM
84,"1,5-diamino-3-azapentane",citronellal,=,1.56,mM
84,"1,11-diamino-3,6,9-trioxaundecane",2-Pyridinecarboxaldehyde,=,3.12,mM
84,"1,5-diamino-3-azapentane",2-Pyridinecarboxaldehyde,=,12.5,mM
84,"1,11-diamino-3,6,9-trioxaundecane",(E)-hept-2-enal,=,0.049,mM
84,"1,11-diamino-3,6,9-trioxaundecane","(2E,4E)-deca-2,4-dienal",=,0.049,mM
84,"1,6-Hexanediamine","(2E,4E)-deca-2,4-dienal",=,0.19,mM
84,"1,11-diamino-3,6,9-trioxaundecane",Cinnamaldehyde,=,0.19,mM
84,"1,6-Hexanediamine",Cinnamaldehyde,=,0.39,mM
84,"1,5-diamino-3-azapentane",Cinnamaldehyde,=,3,mM
84,"1,11-diamino-3,6,9-trioxaundecane",p-Bromo benzaldehyde,=,6.25,mM
84,"1,6-Hexanediamine",p-Bromo benzaldehyde,=,6.25,mM
84,"1,5-diamino-3-azapentane",p-Bromo benzaldehyde,=,3.12,mM
84,"1,11-diamino-3,6,9-trioxaundecane",(E)-non-2-enal,=,0.048,mM
84,"1,5-diamino-3-azapentane",(E)-non-2-enal,=,0.38,mM
84,"1,11-diamino-3,6,9-trioxaundecane","(2E)-nona-2,6-dienal",=,0.098,mM
84,"1,5-diamino-3-azapentane","(2E)-nona-2,6-dienal",=,0.19,mM
84,"1,6-Hexanediamine",Citral,=,0.19,mM
84,"1,5-diamino-3-azapentane",Citral,=,0.19,mM
84,"1,11-diamino-3,6,9-trioxaundecane",(E)-hex-2-enal,=,0.19,mM
84,"1,6-Hexanediamine",(E)-hex-2-enal,=,0.39,mM
84,"1,5-diamino-3-azapentane",(E)-hex-2-enal,=,3,mM
84,"1,11-diamino-3,6,9-trioxaundecane",Formaldehyde,=,3.12,mM
84,"1,5-diamino-3-azapentane",Formaldehyde,=,12.5,mM
85,"N-bis-(2-amino-ethyl)-ethane-1,2-diamine",(E)-2-Octenal,=,0.196,mM
85,"2,2-bis(2-aminoethoxy)propane",(E)-2-Octenal,=,0.098,mM
85,"1,7-Diaminoheptane",(E)-2-Octenal,=,0.049,mM
85,"2,2'-diaminodiethyl ether",(E)-2-Octenal,=,0.098,mM
85,"1,8-diaminooctan",(E)-2-Octenal,=,0.098,mM
85,p-Phenylenediamine,(E)-2-Octenal,>,12.5,mM
85,Polyethylenimine linear,(E)-2-Octenal,=,0.38,mM
85,"3,7-diazanonane-1,9-diamine",(E)-2-Octenal,=,0.196,mM
85,"(3-aminopropyl)-1,2-ethylenediamine",(E)-2-Octenal,=,0.39,mM
85,"1,6-Hexanediamine",(E)-2-Octenal,=,0.098,mM
85,"1,3-bis(aminomethyl)cyclohexane",(E)-2-Octenal,=,0.39,mM
85,1.9-diaminononane,(E)-2-Octenal,=,0.098,mM
85,"2,2'-(ethylenedioxy)bis(ethylamine)",(E)-2-Octenal,=,0.049,mM
85,"2,2',2''-triaminotriethylamine",(E)-2-Octenal,=,0.098,mM
85,"1,5-diamino-3-azapentane",(E)-2-Octenal,=,0.38,mM
85,Bis(3-aminopropyl)amine,(E)-2-Octenal,=,0.75,mM
85,Spermine,(E)-2-Octenal,=,0.75,mM
85,"1,11-diamino-3,6,9-trioxaundecane",1H-Imidazole-2-carboxaldehyde,=,0.39,mM
85,"1,6-Hexanediamine",1H-Imidazole-2-carboxaldehyde,=,3.12,mM
85,"1,5-diamino-3-azapentane",1H-Imidazole-2-carboxaldehyde,=,0.78,mM
85,"1,11-diamino-3,6,9-trioxaundecane","3,4-Dihydroxybenzaldehyde",=,6.25,mM
85,"1,6-Hexanediamine","3,4-Dihydroxybenzaldehyde",=,6.25,mM
85,"1,11-diamino-3,6,9-trioxaundecane",(E)-Dec-2-enal,=,0.024,mM
85,"1,6-Hexanediamine",(E)-Dec-2-enal,=,0.098,mM
85,"1,5-diamino-3-azapentane",(E)-Dec-2-enal,=,1.5,mM
85,"2,2-bis(2-aminoethoxy)propane","2,6-Dimethyl-5-heptenal",>,12.5,mM
85,(Z)-[bis(2-aminoethyl)amino]-hydroxyimino-oxidoazanium,"2,6-Dimethyl-5-heptenal",=,6.25,mM
85,cystamine dihydrochloride,"2,6-Dimethyl-5-heptenal",=,6.25,mM
85,"2,2'-diaminodiethyl ether","2,6-Dimethyl-5-heptenal",>,12.5,mM
85,"1,11-diamino-3,6,9-trioxaundecane","2,6-Dimethyl-5-heptenal",=,12.5,mM
85,"1,4-diaminobutane","2,6-Dimethyl-5-heptenal",=,3.12,mM
85,"2,5-Bis(aminomethyl)furan","2,6-Dimethyl-5-heptenal",=,6.25,mM
85,"1,8-diaminooctan","2,6-Dimethyl-5-heptenal",=,1.56,mM
85,p-Phenylenediamine,"2,6-Dimethyl-5-heptenal",=,1.56,mM
85,"(3-aminopropyl)-1,2-ethylenediamine","2,6-Dimethyl-5-heptenal",=,12.5,mM
85,"1,6-Hexanediamine","2,6-Dimethyl-5-heptenal",=,6.25,mM
85,"1,3-di(aminomethyl)benzene","2,6-Dimethyl-5-heptenal",=,12.5,mM
85,"1,3-bis(aminomethyl)cyclohexane","2,6-Dimethyl-5-heptenal",=,12.5,mM
85,1.9-diaminononane,"2,6-Dimethyl-5-heptenal",=,1.56,mM
85,"2,2'-(ethylenedioxy)bis(ethylamine)","2,6-Dimethyl-5-heptenal",=,3.12,mM
85,"2,2',2''-triaminotriethylamine","2,6-Dimethyl-5-heptenal",=,3.12,mM
85,"N'-(2-aminoethyl)-N'-methylethane-1,2-diamine","2,6-Dimethyl-5-heptenal",>,12.5,mM
85,Spermidine,"2,6-Dimethyl-5-heptenal",=,6.25,mM
85,"1,5-diamino-3-azapentane","2,6-Dimethyl-5-heptenal",=,6.25,mM
85,"3,3'-Diamino-N-methyldipropylamine","2,6-Dimethyl-5-heptenal",=,12.5,mM
85,Spermine,"2,6-Dimethyl-5-heptenal",=,6.25,mM
85,"1,11-diamino-3,6,9-trioxaundecane",4-Nitrobenzaldehyde,=,1.56,mM
85,"1,11-diamino-3,6,9-trioxaundecane",Hexanal,=,0.39,mM
85,"1,6-Hexanediamine",Hexanal,=,0.048,mM
85,"1,5-diamino-3-azapentane",Hexanal,=,0.78,mM
85,"1,11-diamino-3,6,9-trioxaundecane",Vanillin,=,12.5,mM
85,"1,6-Hexanediamine",Vanillin,=,6.25,mM
85,"1,5-diamino-3-azapentane",Vanillin,=,1.5,mM
85,"1,6-Hexanediamine",Octyl aldehyde,=,0.098,mM
85,"1,5-diamino-3-azapentane",Octyl aldehyde,=,0.39,mM
85,"1,6-Hexanediamine",Nonyl aldehyde,=,0.19,mM
85,"N-bis-(2-amino-ethyl)-ethane-1,2-diamine",Trans-2-pentenal,=,6.25,mM
85,"2,2-bis(2-aminoethoxy)propane",Trans-2-pentenal,=,1.56,mM
85,(Z)-[bis(2-aminoethyl)amino]-hydroxyimino-oxidoazanium,Trans-2-pentenal,=,0.39,mM
85,"1,7-Diaminoheptane",Trans-2-pentenal,=,0.39,mM
85,"2,2'-diaminodiethyl ether",Trans-2-pentenal,=,3.12,mM
85,"1,11-diamino-3,6,9-trioxaundecane",Trans-2-pentenal,=,3.12,mM
85,"1,5-diaminopentane",Trans-2-pentenal,=,1.56,mM
85,"1,4-diaminobutane",Trans-2-pentenal,=,0.19,mM
85,"1,8-diaminooctan",Trans-2-pentenal,=,0.39,mM
85,"3,7-diazanonane-1,9-diamine",Trans-2-pentenal,=,6.25,mM
85,"1,6-Hexanediamine",Trans-2-pentenal,=,0.19,mM
85,"1,3-bis(aminomethyl)cyclohexane",Trans-2-pentenal,=,1.56,mM
85,1.9-diaminononane,Trans-2-pentenal,=,0.098,mM
85,"2,2'-(ethylenedioxy)bis(ethylamine)",Trans-2-pentenal,=,3.12,mM
85,"N'-(2-aminoethyl)-N'-methylethane-1,2-diamine",Trans-2-pentenal,=,0.78,mM
85,Bis(3-aminopropyl)amine,Trans-2-pentenal,=,0.39,mM
85,"1,6-Hexanediamine",citronellal,=,0.048,mM
85,"1,5-diamino-3-azapentane",citronellal,=,1.56,mM
85,"1,11-diamino-3,6,9-trioxaundecane",2-Pyridinecarboxaldehyde,=,3.12,mM
85,"1,6-Hexanediamine",2-Pyridinecarboxaldehyde,=,3.12,mM
85,"1,5-diamino-3-azapentane",2-Pyridinecarboxaldehyde,=,12.5,mM
85,"1,11-diamino-3,6,9-trioxaundecane",(E)-hept-2-enal,=,0.049,mM
85,"1,6-Hexanediamine",(E)-hept-2-enal,=,0.048,mM
85,"1,5-diamino-3-azapentane",(E)-hept-2-enal,=,1.5,mM
85,"1,11-diamino-3,6,9-trioxaundecane","(2E,4E)-deca-2,4-dienal",=,0.049,mM
85,"1,6-Hexanediamine","(2E,4E)-deca-2,4-dienal",=,0.19,mM
85,"1,11-diamino-3,6,9-trioxaundecane",Cinnamaldehyde,=,0.19,mM
85,"1,6-Hexanediamine",Cinnamaldehyde,=,0.39,mM
85,"1,5-diamino-3-azapentane",Cinnamaldehyde,=,3,mM
85,"1,11-diamino-3,6,9-trioxaundecane",p-Bromo benzaldehyde,=,6.25,mM
85,"1,6-Hexanediamine",p-Bromo benzaldehyde,=,6.25,mM
85,"1,5-diamino-3-azapentane",p-Bromo benzaldehyde,=,3.12,mM
85,"1,11-diamino-3,6,9-trioxaundecane",(E)-non-2-enal,=,0.048,mM
85,"1,6-Hexanediamine",(E)-non-2-enal,=,0.098,mM
85,"1,5-diamino-3-azapentane",(E)-non-2-enal,=,0.38,mM
85,"1,11-diamino-3,6,9-trioxaundecane","(2E)-nona-2,6-dienal",=,0.098,mM
85,"1,6-Hexanediamine","(2E)-nona-2,6-dienal",=,0.19,mM
85,"1,5-diamino-3-azapentane","(2E)-nona-2,6-dienal",=,0.19,mM
85,"1,11-diamino-3,6,9-trioxaundecane",Citral,=,0.098,mM
85,"1,6-Hexanediamine",Citral,=,0.19,mM
85,"1,5-diamino-3-azapentane",Citral,=,0.19,mM
85,"1,6-Hexanediamine",(E)-hex-2-enal,=,0.39,mM
85,"1,11-diamino-3,6,9-trioxaundecane",Formaldehyde,=,3.12,mM
85,"1,5-diamino-3-azapentane",Formaldehyde,=,12.5,mM
86,"N-bis-(2-amino-ethyl)-ethane-1,2-diamine",(E)-2-Octenal,=,0.196,mM
86,"2,2-bis(2-aminoethoxy)propane",(E)-2-Octenal,=,0.098,mM
86,"1,7-Diaminoheptane",(E)-2-Octenal,=,0.049,mM
86,"1,11-diamino-3,6,9-trioxaundecane",(E)-2-Octenal,=,0.098,mM
86,"1,5-diaminopentane",(E)-2-Octenal,=,0.098,mM
86,"1,8-diaminooctan",(E)-2-Octenal,=,0.098,mM
86,p-Phenylenediamine,(E)-2-Octenal,>,12.5,mM
86,"3,7-diazanonane-1,9-diamine",(E)-2-Octenal,=,0.196,mM
86,"(3-aminopropyl)-1,2-ethylenediamine",(E)-2-Octenal,=,0.39,mM
86,"1,6-Hexanediamine",(E)-2-Octenal,=,0.098,mM
86,"1,3-bis(aminomethyl)cyclohexane",(E)-2-Octenal,=,0.39,mM
86,"2,2'-(ethylenedioxy)bis(ethylamine)",(E)-2-Octenal,=,0.049,mM
86,"N'-(2-aminoethyl)-N'-methylethane-1,2-diamine",(E)-2-Octenal,=,0.049,mM
86,"1,5-diamino-3-azapentane",(E)-2-Octenal,=,0.38,mM
86,Bis(3-aminopropyl)amine,(E)-2-Octenal,=,0.75,mM
86,"3,3'-Diamino-N-methyldipropylamine",(E)-2-Octenal,=,0.098,mM
86,Spermine,(E)-2-Octenal,=,0.75,mM
86,"1,11-diamino-3,6,9-trioxaundecane",1H-Imidazole-2-carboxaldehyde,=,0.39,mM
86,"1,5-diamino-3-azapentane",1H-Imidazole-2-carboxaldehyde,=,0.78,mM
86,"1,11-diamino-3,6,9-trioxaundecane",4-Ethynylbenzaldehyde,=,3.12,mM
86,"1,5-diamino-3-azapentane",4-Ethynylbenzaldehyde,>,12.5,mM
86,"1,11-diamino-3,6,9-trioxaundecane","3,4-Dihydroxybenzaldehyde",=,6.25,mM
86,"1,6-Hexanediamine","3,4-Dihydroxybenzaldehyde",=,6.25,mM
86,"1,11-diamino-3,6,9-trioxaundecane",(E)-Dec-2-enal,=,0.024,mM
86,"1,6-Hexanediamine",(E)-Dec-2-enal,=,0.098,mM
86,"1,5-diamino-3-azapentane",(E)-Dec-2-enal,=,1.5,mM
86,"N-bis-(2-amino-ethyl)-ethane-1,2-diamine","2,6-Dimethyl-5-heptenal",=,3.12,mM
86,"2,2-bis(2-aminoethoxy)propane","2,6-Dimethyl-5-heptenal",>,12.5,mM
86,(Z)-[bis(2-aminoethyl)amino]-hydroxyimino-oxidoazanium,"2,6-Dimethyl-5-heptenal",=,6.25,mM
86,cystamine dihydrochloride,"2,6-Dimethyl-5-heptenal",=,6.25,mM
86,"1,7-Diaminoheptane","2,6-Dimethyl-5-heptenal",=,3.12,mM
86,"2,2'-diaminodiethyl ether","2,6-Dimethyl-5-heptenal",>,12.5,mM
86,"1,11-diamino-3,6,9-trioxaundecane","2,6-Dimethyl-5-heptenal",=,12.5,mM
86,"1,4-diaminobutane","2,6-Dimethyl-5-heptenal",=,3.12,mM
86,"1,8-diaminooctan","2,6-Dimethyl-5-heptenal",=,1.56,mM
86,"1,6-Hexanediamine","2,6-Dimethyl-5-heptenal",=,6.25,mM
86,"1,3-di(aminomethyl)benzene","2,6-Dimethyl-5-heptenal",=,12.5,mM
86,"1,3-bis(aminomethyl)cyclohexane","2,6-Dimethyl-5-heptenal",=,12.5,mM
86,1.9-diaminononane,"2,6-Dimethyl-5-heptenal",=,1.56,mM
86,"N'-(2-aminoethyl)-N'-methylethane-1,2-diamine","2,6-Dimethyl-5-heptenal",>,12.5,mM
86,Spermidine,"2,6-Dimethyl-5-heptenal",=,6.25,mM
86,"1,5-diamino-3-azapentane","2,6-Dimethyl-5-heptenal",=,6.25,mM
86,Bis(3-aminopropyl)amine,"2,6-Dimethyl-5-heptenal",=,3.12,mM
86,"3,3'-Diamino-N-methyldipropylamine","2,6-Dimethyl-5-heptenal",=,12.5,mM
86,Spermine,"2,6-Dimethyl-5-heptenal",=,6.25,mM
86,"1,11-diamino-3,6,9-trioxaundecane",4-Nitrobenzaldehyde,=,1.56,mM
86,"1,6-Hexanediamine",4-Nitrobenzaldehyde,=,3.12,mM
86,"1,5-diamino-3-azapentane",4-Nitrobenzaldehyde,=,3.12,mM
86,"1,11-diamino-3,6,9-trioxaundecane",Hexanal,=,0.39,mM
86,"1,6-Hexanediamine",Hexanal,=,0.048,mM
86,"1,5-diamino-3-azapentane",Hexanal,=,0.78,mM
86,"1,11-diamino-3,6,9-trioxaundecane",Vanillin,=,12.5,mM
86,"1,5-diamino-3-azapentane",Vanillin,=,1.5,mM
86,"1,11-diamino-3,6,9-trioxaundecane",Octyl aldehyde,=,0.024,mM
86,"1,6-Hexanediamine",Octyl aldehyde,=,0.098,mM
86,"1,6-Hexanediamine",Nonyl aldehyde,=,0.19,mM
86,"1,5-diamino-3-azapentane",Nonyl aldehyde,=,0.098,mM
86,"N-bis-(2-amino-ethyl)-ethane-1,2-diamine",Trans-2-pentenal,=,6.25,mM
86,"2,2-bis(2-aminoethoxy)propane",Trans-2-pentenal,=,1.56,mM
86,"1,7-Diaminoheptane",Trans-2-pentenal,=,0.39,mM
86,"2,2'-diaminodiethyl ether",Trans-2-pentenal,=,3.12,mM
86,"1,11-diamino-3,6,9-trioxaundecane",Trans-2-pentenal,=,3.12,mM
86,"1,5-diaminopentane",Trans-2-pentenal,=,1.56,mM
86,"1,4-diaminobutane",Trans-2-pentenal,=,0.19,mM
86,"1,8-diaminooctan",Trans-2-pentenal,=,0.39,mM
86,p-Phenylenediamine,Trans-2-pentenal,>,12.5,mM
86,"3,7-diazanonane-1,9-diamine",Trans-2-pentenal,=,6.25,mM
86,"(3-aminopropyl)-1,2-ethylenediamine",Trans-2-pentenal,=,6.25,mM
86,"1,3-bis(aminomethyl)cyclohexane",Trans-2-pentenal,=,1.56,mM
86,1.9-diaminononane,Trans-2-pentenal,=,0.098,mM
86,"2,2'-(ethylenedioxy)bis(ethylamine)",Trans-2-pentenal,=,3.12,mM
86,"N'-(2-aminoethyl)-N'-methylethane-1,2-diamine",Trans-2-pentenal,=,0.78,mM
86,Bis(3-aminopropyl)amine,Trans-2-pentenal,=,0.39,mM
86,"3,3'-Diamino-N-methyldipropylamine",Trans-2-pentenal,=,3.12,mM
86,"1,11-diamino-3,6,9-trioxaundecane",citronellal,=,0.0061,mM
86,"1,6-Hexanediamine",citronellal,=,0.048,mM
86,"1,5-diamino-3-azapentane",citronellal,=,1.56,mM
86,"1,5-diamino-3-azapentane",2-Pyridinecarboxaldehyde,=,12.5,mM
86,"1,11-diamino-3,6,9-trioxaundecane",(E)-hept-2-enal,=,0.049,mM
86,"1,11-diamino-3,6,9-trioxaundecane","(2E,4E)-deca-2,4-dienal",=,0.049,mM
86,"1,6-Hexanediamine","(2E,4E)-deca-2,4-dienal",=,0.19,mM
86,"1,5-diamino-3-azapentane","(2E,4E)-deca-2,4-dienal",=,0.75,mM
86,"1,11-diamino-3,6,9-trioxaundecane",Cinnamaldehyde,=,0.19,mM
86,"1,6-Hexanediamine",Cinnamaldehyde,=,0.39,mM
86,"1,5-diamino-3-azapentane",Cinnamaldehyde,=,3,mM
86,"1,11-diamino-3,6,9-trioxaundecane",p-Bromo benzaldehyde,=,6.25,mM
86,"1,6-Hexanediamine",p-Bromo benzaldehyde,=,6.25,mM
86,"1,5-diamino-3-azapentane",p-Bromo benzaldehyde,=,3.12,mM
86,"1,6-Hexanediamine",(E)-non-2-enal,=,0.098,mM
86,"1,5-diamino-3-azapentane",(E)-non-2-enal,=,0.38,mM
86,"1,11-diamino-3,6,9-trioxaundecane","(2E)-nona-2,6-dienal",=,0.098,mM
86,"1,6-Hexanediamine","(2E)-nona-2,6-dienal",=,0.19,mM
86,"1,5-diamino-3-azapentane","(2E)-nona-2,6-dienal",=,0.19,mM
86,"1,11-diamino-3,6,9-trioxaundecane",Citral,=,0.098,mM
86,"1,5-diamino-3-azapentane",Citral,=,0.19,mM
86,"1,11-diamino-3,6,9-trioxaundecane",(E)-hex-2-enal,=,0.19,mM
86,"1,6-Hexanediamine",(E)-hex-2-enal,=,0.39,mM
86,"1,5-diamino-3-azapentane",(E)-hex-2-enal,=,3,mM
86,"1,11-diamino-3,6,9-trioxaundecane",Formaldehyde,=,3.12,mM
86,"1,5-diamino-3-azapentane",Formaldehyde,=,12.5,mM
87,"N-bis-(2-amino-ethyl)-ethane-1,2-diamine",(E)-2-Octenal,=,0.196,mM
87,"2,2-bis(2-aminoethoxy)propane",(E)-2-Octenal,=,0.098,mM
87,(Z)-[bis(2-aminoethyl)amino]-hydroxyimino-oxidoazanium,(E)-2-Octenal,=,0.098,mM
87,"1,7-Diaminoheptane",(E)-2-Octenal,=,0.049,mM
87,"1,11-diamino-3,6,9-trioxaundecane",(E)-2-Octenal,=,0.098,mM
87,"1,5-diaminopentane",(E)-2-Octenal,=,0.098,mM
87,"1,8-diaminooctan",(E)-2-Octenal,=,0.098,mM
87,p-Phenylenediamine,(E)-2-Octenal,>,12.5,mM
87,Polyethylenimine linear,(E)-2-Octenal,=,0.38,mM
87,"3,7-diazanonane-1,9-diamine",(E)-2-Octenal,=,0.196,mM
87,"(3-aminopropyl)-1,2-ethylenediamine",(E)-2-Octenal,=,0.39,mM
87,"1,6-Hexanediamine",(E)-2-Octenal,=,0.098,mM
87,1.9-diaminononane,(E)-2-Octenal,=,0.098,mM
87,"2,2'-(ethylenedioxy)bis(ethylamine)",(E)-2-Octenal,=,0.049,mM
87,"2,2',2''-triaminotriethylamine",(E)-2-Octenal,=,0.098,mM
87,"N'-(2-aminoethyl)-N'-methylethane-1,2-diamine",(E)-2-Octenal,=,0.049,mM
87,"1,5-diamino-3-azapentane",(E)-2-Octenal,=,0.38,mM
87,Bis(3-aminopropyl)amine,(E)-2-Octenal,=,0.75,mM
87,"3,3'-Diamino-N-methyldipropylamine",(E)-2-Octenal,=,0.098,mM
87,Spermine,(E)-2-Octenal,=,0.75,mM
87,"1,11-diamino-3,6,9-trioxaundecane",1H-Imidazole-2-carboxaldehyde,=,0.39,mM
87,"1,6-Hexanediamine",1H-Imidazole-2-carboxaldehyde,=,3.12,mM
87,"1,5-diamino-3-azapentane",1H-Imidazole-2-carboxaldehyde,=,0.78,mM
87,"1,11-diamino-3,6,9-trioxaundecane",4-Ethynylbenzaldehyde,=,3.12,mM
87,"1,5-diamino-3-azapentane",4-Ethynylbenzaldehyde,>,12.5,mM
87,"1,11-diamino-3,6,9-trioxaundecane","3,4-Dihydroxybenzaldehyde",=,6.25,mM
87,"1,6-Hexanediamine","3,4-Dihydroxybenzaldehyde",=,6.25,mM
87,"1,5-diamino-3-azapentane",(E)-Dec-2-enal,=,1.5,mM
87,"N-bis-(2-amino-ethyl)-ethane-1,2-diamine","2,6-Dimethyl-5-heptenal",=,3.12,mM
87,"2,2-bis(2-aminoethoxy)propane","2,6-Dimethyl-5-heptenal",>,12.5,mM
87,cystamine dihydrochloride,"2,6-Dimethyl-5-heptenal",=,6.25,mM
87,"2,2'-diaminodiethyl ether","2,6-Dimethyl-5-heptenal",>,12.5,mM
87,"1,11-diamino-3,6,9-trioxaundecane","2,6-Dimethyl-5-heptenal",=,12.5,mM
87,"1,4-diaminobutane","2,6-Dimethyl-5-heptenal",=,3.12,mM
87,"2,5-Bis(aminomethyl)furan","2,6-Dimethyl-5-heptenal",=,6.25,mM
87,"1,8-diaminooctan","2,6-Dimethyl-5-heptenal",=,1.56,mM
87,p-Phenylenediamine,"2,6-Dimethyl-5-heptenal",=,1.56,mM
87,"(3-aminopropyl)-1,2-ethylenediamine","2,6-Dimethyl-5-heptenal",=,12.5,mM
87,"1,6-Hexanediamine","2,6-Dimethyl-5-heptenal",=,6.25,mM
87,"1,3-di(aminomethyl)benzene","2,6-Dimethyl-5-heptenal",=,12.5,mM
87,"1,3-bis(aminomethyl)cyclohexane","2,6-Dimethyl-5-heptenal",=,12.5,mM
87,1.9-diaminononane,"2,6-Dimethyl-5-heptenal",=,1.56,mM
87,"2,2'-(ethylenedioxy)bis(ethylamine)","2,6-Dimethyl-5-heptenal",=,3.12,mM
87,Spermidine,"2,6-Dimethyl-5-heptenal",=,6.25,mM
87,"1,5-diamino-3-azapentane","2,6-Dimethyl-5-heptenal",=,6.25,mM
87,Bis(3-aminopropyl)amine,"2,6-Dimethyl-5-heptenal",=,3.12,mM
87,"3,3'-Diamino-N-methyldipropylamine","2,6-Dimethyl-5-heptenal",=,12.5,mM
87,Spermine,"2,6-Dimethyl-5-heptenal",=,6.25,mM
87,"1,11-diamino-3,6,9-trioxaundecane",4-Nitrobenzaldehyde,=,1.56,mM
87,"1,6-Hexanediamine",4-Nitrobenzaldehyde,=,3.12,mM
87,"1,6-Hexanediamine",Hexanal,=,0.048,mM
87,"1,5-diamino-3-azapentane",Hexanal,=,0.78,mM
87,"1,11-diamino-3,6,9-trioxaundecane",Vanillin,=,12.5,mM
87,"1,6-Hexanediamine",Vanillin,=,6.25,mM
87,"1,5-diamino-3-azapentane",Vanillin,=,1.5,mM
87,"1,11-diamino-3,6,9-trioxaundecane",Octyl aldehyde,=,0.024,mM
87,"1,5-diamino-3-azapentane",Nonyl aldehyde,=,0.098,mM
87,"N-bis-(2-amino-ethyl)-ethane-1,2-diamine",Trans-2-pentenal,=,6.25,mM
87,"2,2-bis(2-aminoethoxy)propane",Trans-2-pentenal,=,1.56,mM
87,(Z)-[bis(2-aminoethyl)amino]-hydroxyimino-oxidoazanium,Trans-2-pentenal,=,0.39,mM
87,"1,7-Diaminoheptane",Trans-2-pentenal,=,0.39,mM
87,"2,2'-diaminodiethyl ether",Trans-2-pentenal,=,3.12,mM
87,"1,11-diamino-3,6,9-trioxaundecane",Trans-2-pentenal,=,3.12,mM
87,"1,8-diaminooctan",Trans-2-pentenal,=,0.39,mM
87,p-Phenylenediamine,Trans-2-pentenal,>,12.5,mM
87,"3,7-diazanonane-1,9-diamine",Trans-2-pentenal,=,6.25,mM
87,"(3-aminopropyl)-1,2-ethylenediamine",Trans-2-pentenal,=,6.25,mM
87,"1,3-bis(aminomethyl)cyclohexane",Trans-2-pentenal,=,1.56,mM
87,1.9-diaminononane,Trans-2-pentenal,=,0.098,mM
87,"2,2'-(ethylenedioxy)bis(ethylamine)",Trans-2-pentenal,=,3.12,mM
87,"N'-(2-aminoethyl)-N'-methylethane-1,2-diamine",Trans-2-pentenal,=,0.78,mM
87,"3,3'-Diamino-N-methyldipropylamine",Trans-2-pentenal,=,3.12,mM
87,"1,11-diamino-3,6,9-trioxaundecane",citronellal,=,0.0061,mM
87,"1,5-diamino-3-azapentane",citronellal,=,1.56,mM
87,"1,11-diamino-3,6,9-trioxaundecane",2-Pyridinecarboxaldehyde,=,3.12,mM
87,"1,6-Hexanediamine",2-Pyridinecarboxaldehyde,=,3.12,mM
87,"1,5-diamino-3-azapentane",2-Pyridinecarboxaldehyde,=,12.5,mM
87,"1,11-diamino-3,6,9-trioxaundecane",(E)-hept-2-enal,=,0.049,mM
87,"1,6-Hexanediamine",(E)-hept-2-enal,=,0.048,mM
87,"1,11-diamino-3,6,9-trioxaundecane","(2E,4E)-deca-2,4-dienal",=,0.049,mM
87,"1,6-Hexanediamine","(2E,4E)-deca-2,4-dienal",=,0.19,mM
87,"1,5-diamino-3-azapentane","(2E,4E)-deca-2,4-dienal",=,0.75,mM
87,"1,11-diamino-3,6,9-trioxaundecane",Cinnamaldehyde,=,0.19,mM
87,"1,6-Hexanediamine",Cinnamaldehyde,=,0.39,mM
87,"1,5-diamino-3-azapentane",Cinnamaldehyde,=,3,mM
87,"1,11-diamino-3,6,9-trioxaundecane",p-Bromo benzaldehyde,=,6.25,mM
87,"1,6-Hexanediamine",p-Bromo benzaldehyde,=,6.25,mM
87,"1,5-diamino-3-azapentane",p-Bromo benzaldehyde,=,3.12,mM
87,"1,11-diamino-3,6,9-trioxaundecane",(E)-non-2-enal,=,0.048,mM
87,"1,6-Hexanediamine",(E)-non-2-enal,=,0.098,mM
87,"1,5-diamino-3-azapentane",(E)-non-2-enal,=,0.38,mM
87,"1,11-diamino-3,6,9-trioxaundecane","(2E)-nona-2,6-dienal",=,0.098,mM
87,"1,6-Hexanediamine","(2E)-nona-2,6-dienal",=,0.19,mM
87,"1,5-diamino-3-azapentane","(2E)-nona-2,6-dienal",=,0.19,mM
87,"1,11-diamino-3,6,9-trioxaundecane",Citral,=,0.098,mM
87,"1,6-Hexanediamine",Citral,=,0.19,mM
87,"1,5-diamino-3-azapentane",Citral,=,0.19,mM
87,"1,6-Hexanediamine",(E)-hex-2-enal,=,0.39,mM
87,"1,11-diamino-3,6,9-trioxaundecane",Formaldehyde,=,3.12,mM
87,"1,5-diamino-3-azapentane",Formaldehyde,=,12.5,mM
88,"2,2-bis(2-aminoethoxy)propane",(E)-2-Octenal,=,0.098,mM
88,(Z)-[bis(2-aminoethyl)amino]-hydroxyimino-oxidoazanium,(E)-2-Octenal,=,0.098,mM
88,"1,7-Diaminoheptane",(E)-2-Octenal,=,0.049,mM
88,"2,2'-diaminodiethyl ether",(E)-2-Octenal,=,0.098,mM
88,"1,11-diamino-3,6,9-trioxaundecane",(E)-2-Octenal,=,0.098,mM
88,"1,5-diaminopentane",(E)-2-Octenal,=,0.098,mM
88,"1,4-diaminobutane",(E)-2-Octenal,=,0.098,mM
88,"1,8-diaminooctan",(E)-2-Octenal,=,0.098,mM
88,p-Phenylenediamine,(E)-2-Octenal,>,12.5,mM
88,Polyethylenimine linear,(E)-2-Octenal,=,0.38,mM
88,"3,7-diazanonane-1,9-diamine",(E)-2-Octenal,=,0.196,mM
88,"(3-aminopropyl)-1,2-ethylenediamine",(E)-2-Octenal,=,0.39,mM
88,"1,6-Hexanediamine",(E)-2-Octenal,=,0.098,mM
88,"1,3-bis(aminomethyl)cyclohexane",(E)-2-Octenal,=,0.39,mM
88,1.9-diaminononane,(E)-2-Octenal,=,0.098,mM
88,"2,2'-(ethylenedioxy)bis(ethylamine)",(E)-2-Octenal,=,0.049,mM
88,"N'-(2-aminoethyl)-N'-methylethane-1,2-diamine",(E)-2-Octenal,=,0.049,mM
88,"1,5-diamino-3-azapentane",(E)-2-Octenal,=,0.38,mM
88,Bis(3-aminopropyl)amine,(E)-2-Octenal,=,0.75,mM
88,"3,3'-Diamino-N-methyldipropylamine",(E)-2-Octenal,=,0.098,mM
88,Spermine,(E)-2-Octenal,=,0.75,mM
88,"1,6-Hexanediamine",1H-Imidazole-2-carboxaldehyde,=,3.12,mM
88,"1,5-diamino-3-azapentane",1H-Imidazole-2-carboxaldehyde,=,0.78,mM
88,"1,11-diamino-3,6,9-trioxaundecane",4-Ethynylbenzaldehyde,=,3.12,mM
88,"1,5-diamino-3-azapentane",4-Ethynylbenzaldehyde,>,12.5,mM
88,"1,11-diamino-3,6,9-trioxaundecane","3,4-Dihydroxybenzaldehyde",=,6.25,mM
88,"1,6-Hexanediamine","3,4-Dihydroxybenzaldehyde",=,6.25,mM
88,"1,11-diamino-3,6,9-trioxaundecane",(E)-Dec-2-enal,=,0.024,mM
88,"1,6-Hexanediamine",(E)-Dec-2-enal,=,0.098,mM
88,"1,5-diamino-3-azapentane",(E)-Dec-2-enal,=,1.5,mM
88,"N-bis-(2-amino-ethyl)-ethane-1,2-diamine","2,6-Dimethyl-5-heptenal",=,3.12,mM
88,"2,2-bis(2-aminoethoxy)propane","2,6-Dimethyl-5-heptenal",>,12.5,mM
88,"1,7-Diaminoheptane","2,6-Dimethyl-5-heptenal",=,3.12,mM
88,"1,11-diamino-3,6,9-trioxaundecane","2,6-Dimethyl-5-heptenal",=,12.5,mM
88,"1,5-diaminopentane","2,6-Dimethyl-5-heptenal",=,6.25,mM
88,"1,4-diaminobutane","2,6-Dimethyl-5-heptenal",=,3.12,mM
88,"1,8-diaminooctan","2,6-Dimethyl-5-heptenal",=,1.56,mM
88,p-Phenylenediamine,"2,6-Dimethyl-5-heptenal",=,1.56,mM
88,"3,7-diazanonane-1,9-diamine","2,6-Dimethyl-5-heptenal",=,6.25,mM
88,"(3-aminopropyl)-1,2-ethylenediamine","2,6-Dimethyl-5-heptenal",=,12.5,mM
88,"1,6-Hexanediamine","2,6-Dimethyl-5-heptenal",=,6.25,mM
88,"1,3-di(aminomethyl)benzene","2,6-Dimethyl-5-heptenal",=,12.5,mM
88,"1,3-bis(aminomethyl)cyclohexane","2,6-Dimethyl-5-heptenal",=,12.5,mM
88,1.9-diaminononane,"2,6-Dimethyl-5-heptenal",=,1.56,mM
88,"2,2'-(ethylenedioxy)bis(ethylamine)","2,6-Dimethyl-5-heptenal",=,3.12,mM
88,"2,2',2''-triaminotriethylamine","2,6-Dimethyl-5-heptenal",=,3.12,mM
88,Spermidine,"2,6-Dimethyl-5-heptenal",=,6.25,mM
88,"1,5-diamino-3-azapentane","2,6-Dimethyl-5-heptenal",=,6.25,mM
88,Bis(3-aminopropyl)amine,"2,6-Dimethyl-5-heptenal",=,3.12,mM
88,"3,3'-Diamino-N-methyldipropylamine","2,6-Dimethyl-5-heptenal",=,12.5,mM
88,Spermine,"2,6-Dimethyl-5-heptenal",=,6.25,mM
88,"1,5-diamino-3-azapentane",4-Nitrobenzaldehyde,=,3.12,mM
88,"1,11-diamino-3,6,9-trioxaundecane",Hexanal,=,0.39,mM
88,"1,5-diamino-3-azapentane",Hexanal,=,0.78,mM
88,"1,11-diamino-3,6,9-trioxaundecane",Vanillin,=,12.5,mM
88,"1,5-diamino-3-azapentane",Vanillin,=,1.5,mM
88,"1,11-diamino-3,6,9-trioxaundecane",Octyl aldehyde,=,0.024,mM
88,"1,6-Hexanediamine",Octyl aldehyde,=,0.098,mM
88,"1,5-diamino-3-azapentane",Octyl aldehyde,=,0.39,mM
88,"1,6-Hexanediamine",Nonyl aldehyde,=,0.19,mM
88,"1,5-diamino-3-azapentane",Nonyl aldehyde,=,0.098,mM
88,"N-bis-(2-amino-ethyl)-ethane-1,2-diamine",Trans-2-pentenal,=,6.25,mM
88,(Z)-[bis(2-aminoethyl)amino]-hydroxyimino-oxidoazanium,Trans-2-pentenal,=,0.39,mM
88,"1,7-Diaminoheptane",Trans-2-pentenal,=,0.39,mM
88,"2,2'-diaminodiethyl ether",Trans-2-pentenal,=,3.12,mM
88,"1,11-diamino-3,6,9-trioxaundecane",Trans-2-pentenal,=,3.12,mM
88,"1,5-diaminopentane",Trans-2-pentenal,=,1.56,mM
88,"1,4-diaminobutane",Trans-2-pentenal,=,0.19,mM
88,"1,8-diaminooctan",Trans-2-pentenal,=,0.39,mM
88,p-Phenylenediamine,Trans-2-pentenal,>,12.5,mM
88,"3,7-diazanonane-1,9-diamine",Trans-2-pentenal,=,6.25,mM
88,"(3-aminopropyl)-1,2-ethylenediamine",Trans-2-pentenal,=,6.25,mM
88,"1,6-Hexanediamine",Trans-2-pentenal,=,0.19,mM
88,"1,3-bis(aminomethyl)cyclohexane",Trans-2-pentenal,=,1.56,mM
88,1.9-diaminononane,Trans-2-pentenal,=,0.098,mM
88,Bis(3-aminopropyl)amine,Trans-2-pentenal,=,0.39,mM
88,"1,11-diamino-3,6,9-trioxaundecane",citronellal,=,0.0061,mM
88,"1,6-Hexanediamine",citronellal,=,0.048,mM
88,"1,5-diamino-3-azapentane",citronellal,=,1.56,mM
88,"1,6-Hexanediamine",2-Pyridinecarboxaldehyde,=,3.12,mM
88,"1,5-diamino-3-azapentane",2-Pyridinecarboxaldehyde,=,12.5,mM
88,"1,11-diamino-3,6,9-trioxaundecane",(E)-hept-2-enal,=,0.049,mM
88,"1,6-Hexanediamine",(E)-hept-2-enal,=,0.048,mM
88,"1,11-diamino-3,6,9-trioxaundecane","(2E,4E)-deca-2,4-dienal",=,0.049,mM
88,"1,6-Hexanediamine","(2E,4E)-deca-2,4-dienal",=,0.19,mM
88,"1,5-diamino-3-azapentane","(2E,4E)-deca-2,4-dienal",=,0.75,mM
88,"1,11-diamino-3,6,9-trioxaundecane",Cinnamaldehyde,=,0.19,mM
88,"1,6-Hexanediamine",Cinnamaldehyde,=,0.39,mM
88,"1,5-diamino-3-azapentane",Cinnamaldehyde,=,3,mM
88,"1,6-Hexanediamine",p-Bromo benzaldehyde,=,6.25,mM
88,"1,5-diamino-3-azapentane",p-Bromo benzaldehyde,=,3.12,mM
88,"1,11-diamino-3,6,9-trioxaundecane","(2E)-nona-2,6-dienal",=,0.098,mM
88,"1,6-Hexanediamine","(2E)-nona-2,6-dienal",=,0.19,mM
88,"1,5-diamino-3-azapentane","(2E)-nona-2,6-dienal",=,0.19,mM
88,"1,11-diamino-3,6,9-trioxaundecane",Citral,=,0.098,mM
88,"1,6-Hexanediamine",Citral,=,0.19,mM
88,"1,5-diamino-3-azapentane",Citral,=,0.19,mM
88,"1,11-diamino-3,6,9-trioxaundecane",(E)-hex-2-enal,=,0.19,mM
88,"1,6-Hexanediamine",(E)-hex-2-enal,=,0.39,mM
88,"1,5-diamino-3-azapentane",Formaldehyde,=,12.5,mM
89,"2,2-bis(2-aminoethoxy)propane",(E)-2-Octenal,=,0.098,mM
89,(Z)-[bis(2-aminoethyl)amino]-hydroxyimino-oxidoazanium,(E)-2-Octenal,=,0.098,mM
89,"2,2'-diaminodiethyl ether",(E)-2-Octenal,=,0.098,mM
89,"1,5-diaminopentane",(E)-2-Octenal,=,0.098,mM
89,"1,4-diaminobutane",(E)-2-Octenal,=,0.098,mM
89,"1,8-diaminooctan",(E)-2-Octenal,=,0.098,mM
89,p-Phenylenediamine,(E)-2-Octenal,>,12.5,mM
89,"(3-aminopropyl)-1,2-ethylenediamine",(E)-2-Octenal,=,0.39,mM
89,"1,6-Hexanediamine",(E)-2-Octenal,=,0.098,mM
89,"1,3-bis(aminomethyl)cyclohexane",(E)-2-Octenal,=,0.39,mM
89,"2,2'-(ethylenedioxy)bis(ethylamine)",(E)-2-Octenal,=,0.049,mM
89,"2,2',2''-triaminotriethylamine",(E)-2-Octenal,=,0.098,mM
89,"N'-(2-aminoethyl)-N'-methylethane-1,2-diamine",(E)-2-Octenal,=,0.049,mM
89,"1,5-diamino-3-azapentane",(E)-2-Octenal,=,0.38,mM
89,Bis(3-aminopropyl)amine,(E)-2-Octenal,=,0.75,mM
89,"3,3'-Diamino-N-methyldipropylamine",(E)-2-Octenal,=,0.098,mM
89,Spermine,(E)-2-Octenal,=,0.75,mM
89,"1,11-diamino-3,6,9-trioxaundecane",1H-Imidazole-2-carboxaldehyde,=,0.39,mM
89,"1,6-Hexanediamine",1H-Imidazole-2-carboxaldehyde,=,3.12,mM
89,"1,5-diamino-3-azapentane",1H-Imidazole-2-carboxaldehyde,=,0.78,mM
89,"1,5-diamino-3-azapentane",4-Ethynylbenzaldehyde,>,12.5,mM
89,"1,11-diamino-3,6,9-trioxaundecane","3,4-Dihydroxybenzaldehyde",=,6.25,mM
89,"1,6-Hexanediamine","3,4-Dihydroxybenzaldehyde",=,6.25,mM
89,"1,11-diamino-3,6,9-trioxaundecane",(E)-Dec-2-enal,=,0.024,mM
89,"1,6-Hexanediamine",(E)-Dec-2-enal,=,0.098,mM
89,"1,5-diamino-3-azapentane",(E)-Dec-2-enal,=,1.5,mM
89,"N-bis-(2-amino-ethyl)-ethane-1,2-diamine","2,6-Dimethyl-5-heptenal",=,3.12,mM
89,"2,2-bis(2-aminoethoxy)propane","2,6-Dimethyl-5-heptenal",>,12.5,mM
89,(Z)-[bis(2-aminoethyl)amino]-hydroxyimino-oxidoazanium,"2,6-Dimethyl-5-heptenal",=,6.25,mM
89,cystamine dihydrochloride,"2,6-Dimethyl-5-heptenal",=,6.25,mM
89,"1,7-Diaminoheptane","2,6-Dimethyl-5-heptenal",=,3.12,mM
89,"2,2'-diaminodiethyl ether","2,6-Dimethyl-5-heptenal",>,12.5,mM
89,"1,11-diamino-3,6,9-trioxaundecane","2,6-Dimethyl-5-heptenal",=,12.5,mM
89,"1,5-diaminopentane","2,6-Dimethyl-5-heptenal",=,6.25,mM
89,"1,4-diaminobutane","2,6-Dimethyl-5-heptenal",=,3.12,mM
89,"1,8-diaminooctan","2,6-Dimethyl-5-heptenal",=,1.56,mM
89,p-Phenylenediamine,"2,6-Dimethyl-5-heptenal",=,1.56,mM
89,"(3-aminopropyl)-1,2-ethylenediamine","2,6-Dimethyl-5-heptenal",=,12.5,mM
89,"1,3-di(aminomethyl)benzene","2,6-Dimethyl-5-heptenal",=,12.5,mM
89,"1,3-bis(aminomethyl)cyclohexane","2,6-Dimethyl-5-heptenal",=,12.5,mM
89,1.9-diaminononane,"2,6-Dimethyl-5-heptenal",=,1.56,mM
89,"2,2'-(ethylenedioxy)bis(ethylamine)","2,6-Dimethyl-5-heptenal",=,3.12,mM
89,"N'-(2-aminoethyl)-N'-methylethane-1,2-diamine","2,6-Dimethyl-5-heptenal",>,12.5,mM
89,Spermidine,"2,6-Dimethyl-5-heptenal",=,6.25,mM
89,"1,5-diamino-3-azapentane","2,6-Dimethyl-5-heptenal",=,6.25,mM
89,Bis(3-aminopropyl)amine,"2,6-Dimethyl-5-heptenal",=,3.12,mM
89,"3,3'-Diamino-N-methyldipropylamine","2,6-Dimethyl-5-heptenal",=,12.5,mM
89,Spermine,"2,6-Dimethyl-5-heptenal",=,6.25,mM
89,"1,11-diamino-3,6,9-trioxaundecane",4-Nitrobenzaldehyde,=,1.56,mM
89,"1,5-diamino-3-azapentane",4-Nitrobenzaldehyde,=,3.12,mM
89,"1,11-diamino-3,6,9-trioxaundecane",Hexanal,=,0.39,mM
89,"1,6-Hexanediamine",Hexanal,=,0.048,mM
89,"1,5-diamino-3-azapentane",Hexanal,=,0.78,mM
89,"1,11-diamino-3,6,9-trioxaundecane",Vanillin,=,12.5,mM
89,"1,6-Hexanediamine",Vanillin,=,6.25,mM
89,"1,5-diamino-3-azapentane",Vanillin,=,1.5,mM
89,"1,11-diamino-3,6,9-trioxaundecane",Octyl aldehyde,=,0.024,mM
89,"1,5-diamino-3-azapentane",Octyl aldehyde,=,0.39,mM
89,"1,6-Hexanediamine",Nonyl aldehyde,=,0.19,mM
89,"1,5-diamino-3-azapentane",Nonyl aldehyde,=,0.098,mM
89,"N-bis-(2-amino-ethyl)-ethane-1,2-diamine",Trans-2-pentenal,=,6.25,mM
89,"2,2-bis(2-aminoethoxy)propane",Trans-2-pentenal,=,1.56,mM
89,(Z)-[bis(2-aminoethyl)amino]-hydroxyimino-oxidoazanium,Trans-2-pentenal,=,0.39,mM
89,"1,7-Diaminoheptane",Trans-2-pentenal,=,0.39,mM
89,"1,11-diamino-3,6,9-trioxaundecane",Trans-2-pentenal,=,3.12,mM
89,"1,5-diaminopentane",Trans-2-pentenal,=,1.56,mM
89,"1,8-diaminooctan",Trans-2-pentenal,=,0.39,mM
89,p-Phenylenediamine,Trans-2-pentenal,>,12.5,mM
89,"3,7-diazanonane-1,9-diamine",Trans-2-pentenal,=,6.25,mM
89,"(3-aminopropyl)-1,2-ethylenediamine",Trans-2-pentenal,=,6.25,mM
89,"1,6-Hexanediamine",Trans-2-pentenal,=,0.19,mM
89,"1,3-bis(aminomethyl)cyclohexane",Trans-2-pentenal,=,1.56,mM
89,1.9-diaminononane,Trans-2-pentenal,=,0.098,mM
89,"N'-(2-aminoethyl)-N'-methylethane-1,2-diamine",Trans-2-pentenal,=,0.78,mM
89,"1,5-diamino-3-azapentane",Trans-2-pentenal,=,6.25,mM
89,"3,3'-Diamino-N-methyldipropylamine",Trans-2-pentenal,=,3.12,mM
89,"1,11-diamino-3,6,9-trioxaundecane",citronellal,=,0.0061,mM
89,"1,6-Hexanediamine",citronellal,=,0.048,mM
89,"1,6-Hexanediamine",2-Pyridinecarboxaldehyde,=,3.12,mM
89,"1,5-diamino-3-azapentane",2-Pyridinecarboxaldehyde,=,12.5,mM
89,"1,11-diamino-3,6,9-trioxaundecane",(E)-hept-2-enal,=,0.049,mM
89,"1,6-Hexanediamine",(E)-hept-2-enal,=,0.048,mM
89,"1,5-diamino-3-azapentane",(E)-hept-2-enal,=,1.5,mM
89,"1,11-diamino-3,6,9-trioxaundecane","(2E,4E)-deca-2,4-dienal",=,0.049,mM
89,"1,5-diamino-3-azapentane","(2E,4E)-deca-2,4-dienal",=,0.75,mM
89,"1,11-diamino-3,6,9-trioxaundecane",Cinnamaldehyde,=,0.19,mM
89,"1,5-diamino-3-azapentane",Cinnamaldehyde,=,3,mM
89,"1,11-diamino-3,6,9-trioxaundecane",p-Bromo benzaldehyde,=,6.25,mM
89,"1,6-Hexanediamine",p-Bromo benzaldehyde,=,6.25,mM
89,"1,5-diamino-3-azapentane",p-Bromo benzaldehyde,=,3.12,mM
89,"1,11-diamino-3,6,9-trioxaundecane",(E)-non-2-enal,=,0.048,mM
89,"1,6-Hexanediamine",(E)-non-2-enal,=,0.098,mM
89,"1,5-diamino-3-azapentane",(E)-non-2-enal,=,0.38,mM
89,"1,11-diamino-3,6,9-trioxaundecane","(2E)-nona-2,6-dienal",=,0.098,mM
89,"1,5-diamino-3-azapentane","(2E)-nona-2,6-dienal",=,0.19,mM
89,"1,5-diamino-3-azapentane",Citral,=,0.19,mM
89,"1,6-Hexanediamine",(E)-hex-2-enal,=,0.39,mM
89,"1,5-diamino-3-azapentane",(E)-hex-2-enal,=,3,mM
89,"1,11-diamino-3,6,9-trioxaundecane",Formaldehyde,=,3.12,mM
89,"1,5-diamino-3-azapentane",Formaldehyde,=,12.5,mM
90,"N-bis-(2-amino-ethyl)-ethane-1,2-diamine",(E)-2-Octenal,=,0.196,mM
90,(Z)-[bis(2-aminoethyl)amino]-hydroxyimino-oxidoazanium,(E)-2-Octenal,=,0.098,mM
90,"1,7-Diaminoheptane",(E)-2-Octenal,=,0.049,mM
90,"1,11-diamino-3,6,9-trioxaundecane",(E)-2-Octenal,=,0.098,mM
90,"1,5-diaminopentane",(E)-2-Octenal,=,0.098,mM
90,"1,4-diaminobutane",(E)-2-Octenal,=,0.098,mM
90,"1,8-diaminooctan",(E)-2-Octenal,=,0.098,mM
90,Polyethylenimine linear,(E)-2-Octenal,=,0.38,mM
90,"3,7-diazanonane-1,9-diamine",(E)-2-Octenal,=,0.196,mM
90,"(3-aminopropyl)-1,2-ethylenediamine",(E)-2-Octenal,=,0.39,mM
90,"1,6-Hexanediamine",(E)-2-Octenal,=,0.098,mM
90,"1,3-bis(aminomethyl)cyclohexane",(E)-2-Octenal,=,0.39,mM
90,1.9-diaminononane,(E)-2-Octenal,=,0.098,mM
90,"2,2'-(ethylenedioxy)bis(ethylamine)",(E)-2-Octenal,=,0.049,mM
90,"2,2',2''-triaminotriethylamine",(E)-2-Octenal,=,0.098,mM
90,"N'-(2-aminoethyl)-N'-methylethane-1,2-diamine",(E)-2-Octenal,=,0.049,mM
90,"1,5-diamino-3-azapentane",(E)-2-Octenal,=,0.38,mM
90,Bis(3-aminopropyl)amine,(E)-2-Octenal,=,0.75,mM
90,"3,3'-Diamino-N-methyldipropylamine",(E)-2-Octenal,=,0.098,mM
90,Spermine,(E)-2-Octenal,=,0.75,mM
90,"1,6-Hexanediamine",1H-Imidazole-2-carboxaldehyde,=,3.12,mM
90,"1,5-diamino-3-azapentane",1H-Imidazole-2-carboxaldehyde,=,0.78,mM
90,"1,11-diamino-3,6,9-trioxaundecane",4-Ethynylbenzaldehyde,=,3.12,mM
90,"1,5-diamino-3-azapentane",4-Ethynylbenzaldehyde,>,12.5,mM
90,"1,6-Hexanediamine","3,4-Dihydroxybenzaldehyde",=,6.25,mM
90,"1,11-diamino-3,6,9-trioxaundecane",(E)-Dec-2-enal,=,0.024,mM
90,"1,5-diamino-3-azapentane",(E)-Dec-2-enal,=,1.5,mM
90,"N-bis-(2-amino-ethyl)-ethane-1,2-diamine","2,6-Dimethyl-5-heptenal",=,3.12,mM
90,"2,2-bis(2-aminoethoxy)propane","2,6-Dimethyl-5-heptenal",>,12.5,mM
90,(Z)-[bis(2-aminoethyl)amino]-hydroxyimino-oxidoazanium,"2,6-Dimethyl-5-heptenal",=,6.25,mM
90,cystamine dihydrochloride,"2,6-Dimethyl-5-heptenal",=,6.25,mM
90,"1,7-Diaminoheptane","2,6-Dimethyl-5-heptenal",=,3.12,mM
90,"2,2'-diaminodiethyl ether","2,6-Dimethyl-5-heptenal",>,12.5,mM
90,"1,11-diamino-3,6,9-trioxaundecane","2,6-Dimethyl-5-heptenal",=,12.5,mM
90,"1,4-diaminobutane","2,6-Dimethyl-5-heptenal",=,3.12,mM
90,"2,5-Bis(aminomethyl)furan","2,6-Dimethyl-5-heptenal",=,6.25,mM
90,"1,8-diaminooctan","2,6-Dimethyl-5-heptenal",=,1.56,mM
90,p-Phenylenediamine,"2,6-Dimethyl-5-heptenal",=,1.56,mM
90,"3,7-diazanonane-1,9-diamine","2,6-Dimethyl-5-heptenal",=,6.25,mM
90,"(3-aminopropyl)-1,2-ethylenediamine","2,6-Dimethyl-5-heptenal",=,12.5,mM
90,"1,6-Hexanediamine","2,6-Dimethyl-5-heptenal",=,6.25,mM
90,"1,3-di(aminomethyl)benzene","2,6-Dimethyl-5-heptenal",=,12.5,mM
90,"1,3-bis(aminomethyl)cyclohexane","2,6-Dimethyl-5-heptenal",=,12.5,mM
90,1.9-diaminononane,"2,6-Dimethyl-5-heptenal",=,1.56,mM
90,"2,2',2''-triaminotriethylamine","2,6-Dimethyl-5-heptenal",=,3.12,mM
90,"N'-(2-aminoethyl)-N'-methylethane-1,2-diamine","2,6-Dimethyl-5-heptenal",>,12.5,mM
90,Spermidine,"2,6-Dimethyl-5-heptenal",=,6.25,mM
90,"1,5-diamino-3-azapentane","2,6-Dimethyl-5-heptenal",=,6.25,mM
90,Bis(3-aminopropyl)amine,"2,6-Dimethyl-5-heptenal",=,3.12,mM
90,"3,3'-Diamino-N-methyldipropylamine","2,6-Dimethyl-5-heptenal",=,12.5,mM
90,Spermine,"2,6-Dimethyl-5-heptenal",=,6.25,mM
90,"1,11-diamino-3,6,9-trioxaundecane",4-Nitrobenzaldehyde,=,1.56,mM
90,"1,6-Hexanediamine",4-Nitrobenzaldehyde,=,3.12,mM
90,"1,11-diamino-3,6,9-trioxaundecane",Hexanal,=,0.39,mM
90,"1,6-Hexanediamine",Hexanal,=,0.048,mM
90,"1,5-diamino-3-azapentane",Hexanal,=,0.78,mM
90,"1,11-diamino-3,6,9-trioxaundecane",Vanillin,=,12.5,mM
90,"1,6-Hexanediamine",Vanillin,=,6.25,mM
90,"1,11-diamino-3,6,9-trioxaundecane",Octyl aldehyde,=,0.024,mM
90,"1,5-diamino-3-azapentane",Octyl aldehyde,=,0.39,mM
90,"1,6-Hexanediamine",Nonyl aldehyde,=,0.19,mM
90,"1,5-diamino-3-azapentane",Nonyl aldehyde,=,0.098,mM
90,"N-bis-(2-amino-ethyl)-ethane-1,2-diamine",Trans-2-pentenal,=,6.25,mM
90,"1,7-Diaminoheptane",Trans-2-pentenal,=,0.39,mM
90,"2,2'-diaminodiethyl ether",Trans-2-pentenal,=,3.12,mM
90,"1,11-diamino-3,6,9-trioxaundecane",Trans-2-pentenal,=,3.12,mM
90,"1,5-diaminopentane",Trans-2-pentenal,=,1.56,mM
90,"1,8-diaminooctan",Trans-2-pentenal,=,0.39,mM
90,p-Phenylenediamine,Trans-2-pentenal,>,12.5,mM
90,"3,7-diazanonane-1,9-diamine",Trans-2-pentenal,=,6.25,mM
90,"(3-aminopropyl)-1,2-ethylenediamine",Trans-2-pentenal,=,6.25,mM
90,"1,6-Hexanediamine",Trans-2-pentenal,=,0.19,mM
90,1.9-diaminononane,Trans-2-pentenal,=,0.098,mM
90,"2,2'-(ethylenedioxy)bis(ethylamine)",Trans-2-pentenal,=,3.12,mM
90,"3,3'-Diamino-N-methyldipropylamine",Trans-2-pentenal,=,3.12,mM
90,"1,6-Hexanediamine",citronellal,=,0.048,mM
90,"1,5-diamino-3-azapentane",citronellal,=,1.56,mM
90,"1,11-diamino-3,6,9-trioxaundecane",2-Pyridinecarboxaldehyde,=,3.12,mM
90,"1,11-diamino-3,6,9-trioxaundecane",(E)-hept-2-enal,=,0.049,mM
90,"1,6-Hexanediamine",(E)-hept-2-enal,=,0.048,mM
90,"1,5-diamino-3-azapentane",(E)-hept-2-enal,=,1.5,mM
90,"1,11-diamino-3,6,9-trioxaundecane","(2E,4E)-deca-2,4-dienal",=,0.049,mM
90,"1,6-Hexanediamine","(2E,4E)-deca-2,4-dienal",=,0.19,mM
90,"1,5-diamino-3-azapentane","(2E,4E)-deca-2,4-dienal",=,0.75,mM
90,"1,6-Hexanediamine",Cinnamaldehyde,=,0.39,mM
90,"1,5-diamino-3-azapentane",Cinnamaldehyde,=,3,mM
90,"1,11-diamino-3,6,9-trioxaundecane",p-Bromo benzaldehyde,=,6.25,mM
90,"1,6-Hexanediamine",p-Bromo benzaldehyde,=,6.25,mM
90,"1,5-diamino-3-azapentane",p-Bromo benzaldehyde,=,3.12,mM
90,"1,11-diamino-3,6,9-trioxaundecane",(E)-non-2-enal,=,0.048,mM
90,"1,6-Hexanediamine",(E)-non-2-enal,=,0.098,mM
90,"1,5-diamino-3-azapentane",(E)-non-2-enal,=,0.38,mM
90,"1,11-diamino-3,6,9-trioxaundecane","(2E)-nona-2,6-dienal",=,0.098,mM
90,"1,6-Hexanediamine","(2E)-nona-2,6-dienal",=,0.19,mM
90,"1,11-diamino-3,6,9-trioxaundecane",Citral,=,0.098,mM
90,"1,6-Hexanediamine",Citral,=,0.19,mM
90,"1,5-diamino-3-azapentane",Citral,=,0.19,mM
90,"1,11-diamino-3,6,9-trioxaundecane",(E)-hex-2-enal,=,0.19,mM
90,"1,6-Hexanediamine",(E)-hex-2-enal,=,0.39,mM
90,"1,5-diamino-3-azapentane",Formaldehyde,=,12.5,mM
91,"N-bis-(2-amino-ethyl)-ethane-1,2-diamine",(E)-2-Octenal,=,0.196,mM
91,"1,7-Diaminoheptane",(E)-2-Octenal,=,0.049,mM
91,"2,2'-diaminodiethyl ether",(E)-2-Octenal,=,0.098,mM
91,"1,11-diamino-3,6,9-trioxaundecane",(E)-2-Octenal,=,0.098,mM
91,"1,5-diaminopentane",(E)-2-Octenal,=,0.098,mM
91,"1,4-diaminobutane",(E)-2-Octenal,=,0.098,mM
91,"1,8-diaminooctan",(E)-2-Octenal,=,0.098,mM
91,p-Phenylenediamine,(E)-2-Octenal,>,12.5,mM
91,Polyethylenimine linear,(E)-2-Octenal,=,0.38,mM
91,"3,7-diazanonane-1,9-diamine",(E)-2-Octenal,=,0.196,mM
91,"1,6-Hexanediamine",(E)-2-Octenal,=,0.098,mM
91,"1,3-bis(aminomethyl)cyclohexane",(E)-2-Octenal,=,0.39,mM
91,1.9-diaminononane,(E)-2-Octenal,=,0.098,mM
91,"2,2'-(ethylenedioxy)bis(ethylamine)",(E)-2-Octenal,=,0.049,mM
91,"N'-(2-aminoethyl)-N'-methylethane-1,2-diamine",(E)-2-Octenal,=,0.049,mM
91,"1,5-diamino-3-azapentane",(E)-2-Octenal,=,0.38,mM
91,"3,3'-Diamino-N-methyldipropylamine",(E)-2-Octenal,=,0.098,mM
91,Spermine,(E)-2-Octenal,=,0.75,mM
91,"1,11-diamino-3,6,9-trioxaundecane",1H-Imidazole-2-carboxaldehyde,=,0.39,mM
91,"1,5-diamino-3-azapentane",1H-Imidazole-2-carboxaldehyde,=,0.78,mM
91,"1,11-diamino-3,6,9-trioxaundecane",4-Ethynylbenzaldehyde,=,3.12,mM
91,"1,5-diamino-3-azapentane",4-Ethynylbenzaldehyde,>,12.5,mM
91,"1,11-diamino-3,6,9-trioxaundecane","3,4-Dihydroxybenzaldehyde",=,6.25,mM
91,"1,11-diamino-3,6,9-trioxaundecane",(E)-Dec-2-enal,=,0.024,mM
91,"1,6-Hexanediamine",(E)-Dec-2-enal,=,0.098,mM
91,"1,5-diamino-3-azapentane",(E)-Dec-2-enal,=,1.5,mM
91,"N-bis-(2-amino-ethyl)-ethane-1,2-diamine","2,6-Dimethyl-5-heptenal",=,3.12,mM
91,"2,2-bis(2-aminoethoxy)propane","2,6-Dimethyl-5-heptenal",>,12.5,mM
91,(Z)-[bis(2-aminoethyl)amino]-hydroxyimino-oxidoazanium,"2,6-Dimethyl-5-heptenal",=,6.25,mM
91,cystamine dihydrochloride,"2,6-Dimethyl-5-heptenal",=,6.25,mM
91,"1,7-Diaminoheptane","2,6-Dimethyl-5-heptenal",=,3.12,mM
91,"2,2'-diaminodiethyl ether","2,6-Dimethyl-5-heptenal",>,12.5,mM
91,"1,11-diamino-3,6,9-trioxaundecane","2,6-Dimethyl-5-heptenal",=,12.5,mM
91,"1,5-diaminopentane","2,6-Dimethyl-5-heptenal",=,6.25,mM
91,"1,4-diaminobutane","2,6-Dimethyl-5-heptenal",=,3.12,mM
91,"2,5-Bis(aminomethyl)furan","2,6-Dimethyl-5-heptenal",=,6.25,mM
91,"1,8-diaminooctan","2,6-Dimethyl-5-heptenal",=,1.56,mM
91,p-Phenylenediamine,"2,6-Dimethyl-5-heptenal",=,1.56,mM
91,"3,7-diazanonane-1,9-diamine","2,6-Dimethyl-5-heptenal",=,6.25,mM
91,"1,6-Hexanediamine","2,6-Dimethyl-5-heptenal",=,6.25,mM
91,"1,3-di(aminomethyl)benzene","2,6-Dimethyl-5-heptenal",=,12.5,mM
91,1.9-diaminononane,"2,6-Dimethyl-5-heptenal",=,1.56,mM
91,"2,2'-(ethylenedioxy)bis(ethylamine)","2,6-Dimethyl-5-heptenal",=,3.12,mM
91,"2,2',2''-triaminotriethylamine","2,6-Dimethyl-5-heptenal",=,3.12,mM
91,"N'-(2-aminoethyl)-N'-methylethane-1,2-diamine","2,6-Dimethyl-5-heptenal",>,12.5,mM
91,Spermidine,"2,6-Dimethyl-5-heptenal",=,6.25,mM
91,"1,5-diamino-3-azapentane","2,6-Dimethyl-5-heptenal",=,6.25,mM
91,Bis(3-aminopropyl)amine,"2,6-Dimethyl-5-heptenal",=,3.12,mM
91,"3,3'-Diamino-N-methyldipropylamine","2,6-Dimethyl-5-heptenal",=,12.5,mM
91,"1,11-diamino-3,6,9-trioxaundecane",4-Nitrobenzaldehyde,=,1.56,mM
91,"1,5-diamino-3-azapentane",4-Nitrobenzaldehyde,=,3.12,mM
91,"1,11-diamino-3,6,9-trioxaundecane",Hexanal,=,0.39,mM
91,"1,6-Hexanediamine",Hexanal,=,0.048,mM
91,"1,5-diamino-3-azapentane",Hexanal,=,0.78,mM
91,"1,11-diamino-3,6,9-trioxaundecane",Vanillin,=,12.5,mM
91,"1,11-diamino-3,6,9-trioxaundecane",Octyl aldehyde,=,0.024,mM
91,"1,5-diamino-3-azapentane",Octyl aldehyde,=,0.39,mM
91,"1,5-diamino-3-azapentane",Nonyl aldehyde,=,0.098,mM
91,"N-bis-(2-amino-ethyl)-ethane-1,2-diamine",Trans-2-pentenal,=,6.25,mM
91,"2,2-bis(2-aminoethoxy)propane",Trans-2-pentenal,=,1.56,mM
91,"1,7-Diaminoheptane",Trans-2-pentenal,=,0.39,mM
91,"2,2'-diaminodiethyl ether",Trans-2-pentenal,=,3.12,mM
91,"1,5-diaminopentane",Trans-2-pentenal,=,1.56,mM
91,"1,8-diaminooctan",Trans-2-pentenal,=,0.39,mM
91,p-Phenylenediamine,Trans-2-pentenal,>,12.5,mM
91,"3,7-diazanonane-1,9-diamine",Trans-2-pentenal,=,6.25,mM
91,"1,6-Hexanediamine",Trans-2-pentenal,=,0.19,mM
91,1.9-diaminononane,Trans-2-pentenal,=,0.098,mM
91,"N'-(2-aminoethyl)-N'-methylethane-1,2-diamine",Trans-2-pentenal,=,0.78,mM
91,"1,5-diamino-3-azapentane",Trans-2-pentenal,=,6.25,mM
91,Bis(3-aminopropyl)amine,Trans-2-pentenal,=,0.39,mM
91,"3,3'-Diamino-N-methyldipropylamine",Trans-2-pentenal,=,3.12,mM
91,"1,11-diamino-3,6,9-trioxaundecane",citronellal,=,0.0061,mM
91,"1,6-Hexanediamine",citronellal,=,0.048,mM
91,"1,11-diamino-3,6,9-trioxaundecane",2-Pyridinecarboxaldehyde,=,3.12,mM
91,"1,6-Hexanediamine",2-Pyridinecarboxaldehyde,=,3.12,mM
91,"1,5-diamino-3-azapentane",2-Pyridinecarboxaldehyde,=,12.5,mM
91,"1,11-diamino-3,6,9-trioxaundecane",(E)-hept-2-enal,=,0.049,mM
91,"1,6-Hexanediamine",(E)-hept-2-enal,=,0.048,mM
91,"1,11-diamino-3,6,9-trioxaundecane","(2E,4E)-deca-2,4-dienal",=,0.049,mM
91,"1,6-Hexanediamine","(2E,4E)-deca-2,4-dienal",=,0.19,mM
91,"1,5-diamino-3-azapentane","(2E,4E)-deca-2,4-dienal",=,0.75,mM
91,"1,6-Hexanediamine",Cinnamaldehyde,=,0.39,mM
91,"1,5-diamino-3-azapentane",Cinnamaldehyde,=,3,mM
91,"1,11-diamino-3,6,9-trioxaundecane",p-Bromo benzaldehyde,=,6.25,mM
91,"1,6-Hexanediamine",p-Bromo benzaldehyde,=,6.25,mM
91,"1,5-diamino-3-azapentane",p-Bromo benzaldehyde,=,3.12,mM
91,"1,11-diamino-3,6,9-trioxaundecane",(E)-non-2-enal,=,0.048,mM
91,"1,6-Hexanediamine",(E)-non-2-enal,=,0.098,mM
91,"1,5-diamino-3-azapentane",(E)-non-2-enal,=,0.38,mM
91,"1,11-diamino-3,6,9-trioxaundecane","(2E)-nona-2,6-dienal",=,0.098,mM
91,"1,6-Hexanediamine","(2E)-nona-2,6-dienal",=,0.19,mM
91,"1,5-diamino-3-azapentane","(2E)-nona-2,6-dienal",=,0.19,mM
91,"1,11-diamino-3,6,9-trioxaundecane",Citral,=,0.098,mM
91,"1,6-Hexanediamine",Citral,=,0.19,mM
91,"1,11-diamino-3,6,9-trioxaundecane",(E)-hex-2-enal,=,0.19,mM
91,"1,6-Hexanediamine",(E)-hex-2-enal,=,0.39,mM
91,"1,5-diamino-3-azapentane",(E)-hex-2-enal,=,3,mM
91,"1,11-diamino-3,6,9-trioxaundecane",Formaldehyde,=,3.12,mM
91,"1,5-diamino-3-azapentane",Formaldehyde,=,12.5,mM
92,"N-bis-(2-amino-ethyl)-ethane-1,2-diamine",(E)-2-Octenal,=,0.196,mM
92,(Z)-[bis(2-aminoethyl)amino]-hydroxyimino-oxidoazanium,(E)-2-Octenal,=,0.098,mM
92,"1,7-Diaminoheptane",(E)-2-Octenal,=,0.049,mM
92,"1,11-diamino-3,6,9-trioxaundecane",(E)-2-Octenal,=,0.098,mM
92,"1,4-diaminobutane",(E)-2-Octenal,=,0.098,mM
92,"1,8-diaminooctan",(E)-2-Octenal,=,0.098,mM
92,p-Phenylenediamine,(E)-2-Octenal,>,12.5,mM
92,Polyethylenimine linear,(E)-2-Octenal,=,0.38,mM
92,"3,7-diazanonane-1,9-diamine",(E)-2-Octenal,=,0.196,mM
92,"(3-aminopropyl)-1,2-ethylenediamine",(E)-2-Octenal,=,0.39,mM
92,"1,6-Hexanediamine",(E)-2-Octenal,=,0.098,mM
92,"1,3-bis(aminomethyl)cyclohexane",(E)-2-Octenal,=,0.39,mM
92,1.9-diaminononane,(E)-2-Octenal,=,0.098,mM
92,"2,2'-(ethylenedioxy)bis(ethylamine)",(E)-2-Octenal,=,0.049,mM
92,Bis(3-aminopropyl)amine,(E)-2-Octenal,=,0.75,mM
92,"1,11-diamino-3,6,9-trioxaundecane",1H-Imidazole-2-carboxaldehyde,=,0.39,mM
92,"1,6-Hexanediamine",1H-Imidazole-2-carboxaldehyde,=,3.12,mM
92,"1,5-diamino-3-azapentane",4-Ethynylbenzaldehyde,>,12.5,mM
92,"1,11-diamino-3,6,9-trioxaundecane","3,4-Dihydroxybenzaldehyde",=,6.25,mM
92,"1,6-Hexanediamine",(E)-Dec-2-enal,=,0.098,mM
92,"1,5-diamino-3-azapentane",(E)-Dec-2-enal,=,1.5,mM
92,"N-bis-(2-amino-ethyl)-ethane-1,2-diamine","2,6-Dimethyl-5-heptenal",=,3.12,mM
92,"2,2-bis(2-aminoethoxy)propane","2,6-Dimethyl-5-heptenal",>,12.5,mM
92,(Z)-[bis(2-aminoethyl)amino]-hydroxyimino-oxidoazanium,"2,6-Dimethyl-5-heptenal",=,6.25,mM
92,"1,7-Diaminoheptane","2,6-Dimethyl-5-heptenal",=,3.12,mM
92,"2,2'-diaminodiethyl ether","2,6-Dimethyl-5-heptenal",>,12.5,mM
92,"1,11-diamino-3,6,9-trioxaundecane","2,6-Dimethyl-5-heptenal",=,12.5,mM
92,"1,5-diaminopentane","2,6-Dimethyl-5-heptenal",=,6.25,mM
92,"1,4-diaminobutane","2,6-Dimethyl-5-heptenal",=,3.12,mM
92,"2,5-Bis(aminomethyl)furan","2,6-Dimethyl-5-heptenal",=,6.25,mM
92,"1,8-diaminooctan","2,6-Dimethyl-5-heptenal",=,1.56,mM
92,p-Phenylenediamine,"2,6-Dimethyl-5-heptenal",=,1.56,mM
92,"3,7-diazanonane-1,9-diamine","2,6-Dimethyl-5-heptenal",=,6.25,mM
92,"(3-aminopropyl)-1,2-ethylenediamine","2,6-Dimethyl-5-heptenal",=,12.5,mM
92,"1,6-Hexanediamine","2,6-Dimethyl-5-heptenal",=,6.25,mM
92,"1,3-bis(aminomethyl)cyclohexane","2,6-Dimethyl-5-heptenal",=,12.5,mM
92,"2,2'-(ethylenedioxy)bis(ethylamine)","2,6-Dimethyl-5-heptenal",=,3.12,mM
92,"N'-(2-aminoethyl)-N'-methylethane-1,2-diamine","2,6-Dimethyl-5-heptenal",>,12.5,mM
92,Spermidine,"2,6-Dimethyl-5-heptenal",=,6.25,mM
92,"1,5-diamino-3-azapentane","2,6-Dimethyl-5-heptenal",=,6.25,mM
92,Bis(3-aminopropyl)amine,"2,6-Dimethyl-5-heptenal",=,3.12,mM
92,"3,3'-Diamino-N-methyldipropylamine","2,6-Dimethyl-5-heptenal",=,12.5,mM
92,Spermine,"2,6-Dimethyl-5-heptenal",=,6.25,mM
92,"1,11-diamino-3,6,9-trioxaundecane",4-Nitrobenzaldehyde,=,1.56,mM
92,"1,6-Hexanediamine",4-Nitrobenzaldehyde,=,3.12,mM
92,"1,5-diamino-3-azapentane",4-Nitrobenzaldehyde,=,3.12,mM
92,"1,5-diamino-3-azapentane",Hexanal,=,0.78,mM
92,"1,11-diamino-3,6,9-trioxaundecane",Vanillin,=,12.5,mM
92,"1,6-Hexanediamine",Vanillin,=,6.25,mM
92,"1,5-diamino-3-azapentane",Vanillin,=,1.5,mM
92,"1,11-diamino-3,6,9-trioxaundecane",Octyl aldehyde,=,0.024,mM
92,"1,6-Hexanediamine",Octyl aldehyde,=,0.098,mM
92,"1,5-diamino-3-azapentane",Octyl aldehyde,=,0.39,mM
92,"1,6-Hexanediamine",Nonyl aldehyde,=,0.19,mM
92,"1,5-diamino-3-azapentane",Nonyl aldehyde,=,0.098,mM
92,"2,2-bis(2-aminoethoxy)propane",Trans-2-pentenal,=,1.56,mM
92,(Z)-[bis(2-aminoethyl)amino]-hydroxyimino-oxidoazanium,Trans-2-pentenal,=,0.39,mM
92,"1,7-Diaminoheptane",Trans-2-pentenal,=,0.39,mM
92,"2,2'-diaminodiethyl ether",Trans-2-pentenal,=,3.12,mM
92,"1,11-diamino-3,6,9-trioxaundecane",Trans-2-pentenal,=,3.12,mM
92,"1,5-diaminopentane",Trans-2-pentenal,=,1.56,mM
92,"1,4-diaminobutane",Trans-2-pentenal,=,0.19,mM
92,"1,8-diaminooctan",Trans-2-pentenal,=,0.39,mM
92,p-Phenylenediamine,Trans-2-pentenal,>,12.5,mM
92,"(3-aminopropyl)-1,2-ethylenediamine",Trans-2-pentenal,=,6.25,mM
92,"1,6-Hexanediamine",Trans-2-pentenal,=,0.19,mM
92,1.9-diaminononane,Trans-2-pentenal,=,0.098,mM
92,"2,2'-(ethylenedioxy)bis(ethylamine)",Trans-2-pentenal,=,3.12,mM
92,"N'-(2-aminoethyl)-N'-methylethane-1,2-diamine",Trans-2-pentenal,=,0.78,mM
92,Bis(3-aminopropyl)amine,Trans-2-pentenal,=,0.39,mM
92,"3,3'-Diamino-N-methyldipropylamine",Trans-2-pentenal,=,3.12,mM
92,"1,11-diamino-3,6,9-trioxaundecane",citronellal,=,0.0061,mM
92,"1,6-Hexanediamine",citronellal,=,0.048,mM
92,"1,5-diamino-3-azapentane",citronellal,=,1.56,mM
92,"1,11-diamino-3,6,9-trioxaundecane",2-Pyridinecarboxaldehyde,=,3.12,mM
92,"1,6-Hexanediamine",2-Pyridinecarboxaldehyde,=,3.12,mM
92,"1,11-diamino-3,6,9-trioxaundecane",(E)-hept-2-enal,=,0.049,mM
92,"1,6-Hexanediamine",(E)-hept-2-enal,=,0.048,mM
92,"1,5-diamino-3-azapentane",(E)-hept-2-enal,=,1.5,mM
92,"1,11-diamino-3,6,9-trioxaundecane","(2E,4E)-deca-2,4-dienal",=,0.049,mM
92,"1,6-Hexanediamine","(2E,4E)-deca-2,4-dienal",=,0.19,mM
92,"1,5-diamino-3-azapentane","(2E,4E)-deca-2,4-dienal",=,0.75,mM
92,"1,11-diamino-3,6,9-trioxaundecane",Cinnamaldehyde,=,0.19,mM
92,"1,6-Hexanediamine",Cinnamaldehyde,=,0.39,mM
92,"1,5-diamino-3-azapentane",Cinnamaldehyde,=,3,mM
92,"1,11-diamino-3,6,9-trioxaundecane",p-Bromo benzaldehyde,=,6.25,mM
92,"1,6-Hexanediamine",p-Bromo benzaldehyde,=,6.25,mM
92,"1,5-diamino-3-azapentane",p-Bromo benzaldehyde,=,3.12,mM
92,"1,11-diamino-3,6,9-trioxaundecane",(E)-non-2-enal,=,0.048,mM
92,"1,5-diamino-3-azapentane",(E)-non-2-enal,=,0.38,mM
92,"1,11-diamino-3,6,9-trioxaundecane","(2E)-nona-2,6-dienal",=,0.098,mM
92,"1,6-Hexanediamine","(2E)-nona-2,6-dienal",=,0.19,mM
92,"1,11-diamino-3,6,9-trioxaundecane",Citral,=,0.098,mM
92,"1,6-Hexanediamine",Citral,=,0.19,mM
92,"1,5-diamino-3-azapentane",Citral,=,0.19,mM
92,"1,11-diamino-3,6,9-trioxaundecane",(E)-hex-2-enal,=,0.19,mM
92,"1,6-Hexanediamine",(E)-hex-2-enal,=,0.39,mM
92,"1,5-diamino-3-azapentane",(E)-hex-2-enal,=,3,mM
92,"1,11-diamino-3,6,9-trioxaundecane",Formaldehyde,=,3.12,mM
92,"1,5-diamino-3-azapentane",Formaldehyde,=,12.5,mM
93,"N-bis-(2-amino-ethyl)-ethane-1,2-diamine",(E)-2-Octenal,=,0.196,mM
93,"2,2-bis(2-aminoethoxy)propane",(E)-2-Octenal,=,0.098,mM
93,(Z)-[bis(2-aminoethyl)amino]-hydroxyimino-oxidoazanium,(E)-2-Octenal,=,0.098,mM
93,"1,7-Diaminoheptane",(E)-2-Octenal,=,0.049,mM
93,"1,11-diamino-3,6,9-trioxaundecane",(E)-2-Octenal,=,0.098,mM
93,"1,5-diaminopentane",(E)-2-Octenal,=,0.098,mM
93,"1,4-diaminobutane",(E)-2-Octenal,=,0.098,mM
93,"1,8-diaminooctan",(E)-2-Octenal,=,0.098,mM
93,"3,7-diazanonane-1,9-diamine",(E)-2-Octenal,=,0.196,mM
93,"(3-aminopropyl)-1,2-ethylenediamine",(E)-2-Octenal,=,0.39,mM
93,"1,6-Hexanediamine",(E)-2-Octenal,=,0.098,mM
93,"1,3-bis(aminomethyl)cyclohexane",(E)-2-Octenal,=,0.39,mM
93,1.9-diaminononane,(E)-2-Octenal,=,0.098,mM
93,"2,2'-(ethylenedioxy)bis(ethylamine)",(E)-2-Octenal,=,0.049,mM
93,"2,2',2''-triaminotriethylamine",(E)-2-Octenal,=,0.098,mM
93,"N'-(2-aminoethyl)-N'-methylethane-1,2-diamine",(E)-2-Octenal,=,0.049,mM
93,"1,5-diamino-3-azapentane",(E)-2-Octenal,=,0.38,mM
93,"3,3'-Diamino-N-methyldipropylamine",(E)-2-Octenal,=,0.098,mM
93,Spermine,(E)-2-Octenal,=,0.75,mM
93,"1,11-diamino-3,6,9-trioxaundecane",1H-Imidazole-2-carboxaldehyde,=,0.39,mM
93,"1,6-Hexanediamine",1H-Imidazole-2-carboxaldehyde,=,3.12,mM
93,"1,5-diamino-3-azapentane",4-Ethynylbenzaldehyde,>,12.5,mM
93,"1,11-diamino-3,6,9-trioxaundecane","3,4-Dihydroxybenzaldehyde",=,6.25,mM
93,"1,6-Hexanediamine","3,4-Dihydroxybenzaldehyde",=,6.25,mM
93,"1,11-diamino-3,6,9-trioxaundecane",(E)-Dec-2-enal,=,0.024,mM
93,"1,6-Hexanediamine",(E)-Dec-2-enal,=,0.098,mM
93,"1,5-diamino-3-azapentane",(E)-Dec-2-enal,=,1.5,mM
93,"N-bis-(2-amino-ethyl)-ethane-1,2-diamine","2,6-Dimethyl-5-heptenal",=,3.12,mM
93,(Z)-[bis(2-aminoethyl)amino]-hydroxyimino-oxidoazanium,"2,6-Dimethyl-5-heptenal",=,6.25,mM
93,cystamine dihydrochloride,"2,6-Dimethyl-5-heptenal",=,6.25,mM
93,"1,7-Diaminoheptane","2,6-Dimethyl-5-heptenal",=,3.12,mM
93,"2,2'-diaminodiethyl ether","2,6-Dimethyl-5-heptenal",>,12.5,mM
93,"1,11-diamino-3,6,9-trioxaundecane","2,6-Dimethyl-5-heptenal",=,12.5,mM
93,"1,5-diaminopentane","2,6-Dimethyl-5-heptenal",=,6.25,mM
93,"1,4-diaminobutane","2,6-Dimethyl-5-heptenal",=,3.12,mM
93,"2,5-Bis(aminomethyl)furan","2,6-Dimethyl-5-heptenal",=,6.25,mM
93,p-Phenylenediamine,"2,6-Dimethyl-5-heptenal",=,1.56,mM
93,"3,7-diazanonane-1,9-diamine","2,6-Dimethyl-5-heptenal",=,6.25,mM
93,"1,6-Hexanediamine","2,6-Dimethyl-5-heptenal",=,6.25,mM
93,1.9-diaminononane,"2,6-Dimethyl-5-heptenal",=,1.56,mM
93,"2,2'-(ethylenedioxy)bis(ethylamine)","2,6-Dimethyl-5-heptenal",=,3.12,mM
93,"2,2',2''-triaminotriethylamine","2,6-Dimethyl-5-heptenal",=,3.12,mM
93,"N'-(2-aminoethyl)-N'-methylethane-1,2-diamine","2,6-Dimethyl-5-heptenal",>,12.5,mM
93,Bis(3-aminopropyl)amine,"2,6-Dimethyl-5-heptenal",=,3.12,mM
93,"3,3'-Diamino-N-methyldipropylamine","2,6-Dimethyl-5-heptenal",=,12.5,mM
93,Spermine,"2,6-Dimethyl-5-heptenal",=,6.25,mM
93,"1,6-Hexanediamine",4-Nitrobenzaldehyde,=,3.12,mM
93,"1,5-diamino-3-azapentane",4-Nitrobenzaldehyde,=,3.12,mM
93,"1,11-diamino-3,6,9-trioxaundecane",Hexanal,=,0.39,mM
93,"1,5-diamino-3-azapentane",Hexanal,=,0.78,mM
93,"1,6-Hexanediamine",Vanillin,=,6.25,mM
93,"1,11-diamino-3,6,9-trioxaundecane",Octyl aldehyde,=,0.024,mM
93,"1,6-Hexanediamine",Octyl aldehyde,=,0.098,mM
93,"1,6-Hexanediamine",Nonyl aldehyde,=,0.19,mM
93,"2,2-bis(2-aminoethoxy)propane",Trans-2-pentenal,=,1.56,mM
93,(Z)-[bis(2-aminoethyl)amino]-hydroxyimino-oxidoazanium,Trans-2-pentenal,=,0.39,mM
93,"1,7-Diaminoheptane",Trans-2-pentenal,=,0.39,mM
93,"2,2'-diaminodiethyl ether",Trans-2-pentenal,=,3.12,mM
93,"1,11-diamino-3,6,9-trioxaundecane",Trans-2-pentenal,=,3.12,mM
93,"1,5-diaminopentane",Trans-2-pentenal,=,1.56,mM
93,"1,8-diaminooctan",Trans-2-pentenal,=,0.39,mM
93,p-Phenylenediamine,Trans-2-pentenal,>,12.5,mM
93,"3,7-diazanonane-1,9-diamine",Trans-2-pentenal,=,6.25,mM
93,"(3-aminopropyl)-1,2-ethylenediamine",Trans-2-pentenal,=,6.25,mM
93,"1,6-Hexanediamine",Trans-2-pentenal,=,0.19,mM
93,1.9-diaminononane,Trans-2-pentenal,=,0.098,mM
93,"2,2'-(ethylenedioxy)bis(ethylamine)",Trans-2-pentenal,=,3.12,mM
93,"N'-(2-aminoethyl)-N'-methylethane-1,2-diamine",Trans-2-pentenal,=,0.78,mM
93,"1,5-diamino-3-azapentane",Trans-2-pentenal,=,6.25,mM
93,Bis(3-aminopropyl)amine,Trans-2-pentenal,=,0.39,mM
93,"3,3'-Diamino-N-methyldipropylamine",Trans-2-pentenal,=,3.12,mM
93,"1,6-Hexanediamine",citronellal,=,0.048,mM
93,"1,5-diamino-3-azapentane",citronellal,=,1.56,mM
93,"1,11-diamino-3,6,9-trioxaundecane",2-Pyridinecarboxaldehyde,=,3.12,mM
93,"1,6-Hexanediamine",2-Pyridinecarboxaldehyde,=,3.12,mM
93,"1,5-diamino-3-azapentane",2-Pyridinecarboxaldehyde,=,12.5,mM
93,"1,11-diamino-3,6,9-trioxaundecane",(E)-hept-2-enal,=,0.049,mM
93,"1,6-Hexanediamine",(E)-hept-2-enal,=,0.048,mM
93,"1,5-diamino-3-azapentane",(E)-hept-2-enal,=,1.5,mM
93,"1,11-diamino-3,6,9-trioxaundecane","(2E,4E)-deca-2,4-dienal",=,0.049,mM
93,"1,6-Hexanediamine","(2E,4E)-deca-2,4-dienal",=,0.19,mM
93,"1,5-diamino-3-azapentane","(2E,4E)-deca-2,4-dienal",=,0.75,mM
93,"1,11-diamino-3,6,9-trioxaundecane",Cinnamaldehyde,=,0.19,mM
93,"1,5-diamino-3-azapentane",Cinnamaldehyde,=,3,mM
93,"1,11-diamino-3,6,9-trioxaundecane",p-Bromo benzaldehyde,=,6.25,mM
93,"1,6-Hexanediamine",p-Bromo benzaldehyde,=,6.25,mM
93,"1,5-diamino-3-azapentane",p-Bromo benzaldehyde,=,3.12,mM
93,"1,11-diamino-3,6,9-trioxaundecane",(E)-non-2-enal,=,0.048,mM
93,"1,6-Hexanediamine",(E)-non-2-enal,=,0.098,mM
93,"1,5-diamino-3-azapentane",(E)-non-2-enal,=,0.38,mM
93,"1,11-diamino-3,6,9-trioxaundecane","(2E)-nona-2,6-dienal",=,0.098,mM
93,"1,6-Hexanediamine","(2E)-nona-2,6-dienal",=,0.19,mM
93,"1,5-diamino-3-azapentane","(2E)-nona-2,6-dienal",=,0.19,mM
93,"1,11-diamino-3,6,9-trioxaundecane",Citral,=,0.098,mM
93,"1,6-Hexanediamine",Citral,=,0.19,mM
93,"1,5-diamino-3-azapentane",Citral,=,0.19,mM
93,"1,6-Hexanediamine",(E)-hex-2-enal,=,0.39,mM
93,"1,5-diamino-3-azapentane",(E)-hex-2-enal,=,3,mM
93,"1,11-diamino-3,6,9-trioxaundecane",Formaldehyde,=,3.12,mM
93,"1,5-diamino-3-azapentane",Formaldehyde,=,12.5,mM
94,"N-bis-(2-amino-ethyl)-ethane-1,2-diamine",(E)-2-Octenal,=,0.196,mM
94,"2,2-bis(2-aminoethoxy)propane",(E)-2-Octenal,=,0.098,mM
94,(Z)-[bis(2-aminoethyl)amino]-hydroxyimino-oxidoazanium,(E)-2-Octenal,=,0.098,mM
94,"1,7-Diaminoheptane",(E)-2-Octenal,=,0.049,mM
94,"2,2'-diaminodiethyl ether",(E)-2-Octenal,=,0.098,mM
94,"1,5-diaminopentane",(E)-2-Octenal,=,0.098,mM
94,"1,8-diaminooctan",(E)-2-Octenal,=,0.098,mM
94,Polyethylenimine linear,(E)-2-Octenal,=,0.38,mM
94,"3,7-diazanonane-1,9-diamine",(E)-2-Octenal,=,0.196,mM
94,"1,3-bis(aminomethyl)cyclohexane",(E)-2-Octenal,=,0.39,mM
94,1.9-diaminononane,(E)-2-Octenal,=,0.098,mM
94,"2,2'-(ethylenedioxy)bis(ethylamine)",(E)-2-Octenal,=,0.049,mM
94,"2,2',2''-triaminotriethylamine",(E)-2-Octenal,=,0.098,mM
94,"N'-(2-aminoethyl)-N'-methylethane-1,2-diamine",(E)-2-Octenal,=,0.049,mM
94,"1,5-diamino-3-azapentane",(E)-2-Octenal,=,0.38,mM
94,"3,3'-Diamino-N-methyldipropylamine",(E)-2-Octenal,=,0.098,mM
94,Spermine,(E)-2-Octenal,=,0.75,mM
94,"1,11-diamino-3,6,9-trioxaundecane",1H-Imidazole-2-carboxaldehyde,=,0.39,mM
94,"1,6-Hexanediamine",1H-Imidazole-2-carboxaldehyde,=,3.12,mM
94,"1,5-diamino-3-azapentane",1H-Imidazole-2-carboxaldehyde,=,0.78,mM
94,"1,11-diamino-3,6,9-trioxaundecane",4-Ethynylbenzaldehyde,=,3.12,mM
94,"1,5-diamino-3-azapentane",4-Ethynylbenzaldehyde,>,12.5,mM
94,"1,11-diamino-3,6,9-trioxaundecane","3,4-Dihydroxybenzaldehyde",=,6.25,mM
94,"1,11-diamino-3,6,9-trioxaundecane",(E)-Dec-2-enal,=,0.024,mM
94,"1,6-Hexanediamine",(E)-Dec-2-enal,=,0.098,mM
94,"1,5-diamino-3-azapentane",(E)-Dec-2-enal,=,1.5,mM
94,"2,2-bis(2-aminoethoxy)propane","2,6-Dimethyl-5-heptenal",>,12.5,mM
94,(Z)-[bis(2-aminoethyl)amino]-hydroxyimino-oxidoazanium,"2,6-Dimethyl-5-heptenal",=,6.25,mM
94,cystamine dihydrochloride,"2,6-Dimethyl-5-heptenal",=,6.25,mM
94,"2,2'-diaminodiethyl ether","2,6-Dimethyl-5-heptenal",>,12.5,mM
94,"1,5-diaminopentane","2,6-Dimethyl-5-heptenal",=,6.25,mM
94,"1,4-diaminobutane","2,6-Dimethyl-5-heptenal",=,3.12,mM
94,"2,5-Bis(aminomethyl)furan","2,6-Dimethyl-5-heptenal",=,6.25,mM
94,"1,8-diaminooctan","2,6-Dimethyl-5-heptenal",=,1.56,mM
94,p-Phenylenediamine,"2,6-Dimethyl-5-heptenal",=,1.56,mM
94,"3,7-diazanonane-1,9-diamine","2,6-Dimethyl-5-heptenal",=,6.25,mM
94,"1,6-Hexanediamine","2,6-Dimethyl-5-heptenal",=,6.25,mM
94,"1,3-di(aminomethyl)benzene","2,6-Dimethyl-5-heptenal",=,12.5,mM
94,"1,3-bis(aminomethyl)cyclohexane","2,6-Dimethyl-5-heptenal",=,12.5,mM
94,1.9-diaminononane,"2,6-Dimethyl-5-heptenal",=,1.56,mM
94,"2,2'-(ethylenedioxy)bis(ethylamine)","2,6-Dimethyl-5-heptenal",=,3.12,mM
94,"2,2',2''-triaminotriethylamine","2,6-Dimethyl-5-heptenal",=,3.12,mM
94,"N'-(2-aminoethyl)-N'-methylethane-1,2-diamine","2,6-Dimethyl-5-heptenal",>,12.5,mM
94,Spermidine,"2,6-Dimethyl-5-heptenal",=,6.25,mM
94,"1,5-diamino-3-azapentane","2,6-Dimethyl-5-heptenal",=,6.25,mM
94,Bis(3-aminopropyl)amine,"2,6-Dimethyl-5-heptenal",=,3.12,mM
94,"3,3'-Diamino-N-methyldipropylamine","2,6-Dimethyl-5-heptenal",=,12.5,mM
94,Spermine,"2,6-Dimethyl-5-heptenal",=,6.25,mM
94,"1,11-diamino-3,6,9-trioxaundecane",4-Nitrobenzaldehyde,=,1.56,mM
94,"1,11-diamino-3,6,9-trioxaundecane",Hexanal,=,0.39,mM
94,"1,6-Hexanediamine",Hexanal,=,0.048,mM
94,"1,5-diamino-3-azapentane",Hexanal,=,0.78,mM
94,"1,6-Hexanediamine",Vanillin,=,6.25,mM
94,"1,5-diamino-3-azapentane",Vanillin,=,1.5,mM
94,"1,11-diamino-3,6,9-trioxaundecane",Octyl aldehyde,=,0.024,mM
94,"1,6-Hexanediamine",Octyl aldehyde,=,0.098,mM
94,"1,5-diamino-3-azapentane",Octyl aldehyde,=,0.39,mM
94,"1,6-Hexanediamine",Nonyl aldehyde,=,0.19,mM
94,"N-bis-(2-amino-ethyl)-ethane-1,2-diamine",Trans-2-pentenal,=,6.25,mM
94,(Z)-[bis(2-aminoethyl)amino]-hydroxyimino-oxidoazanium,Trans-2-pentenal,=,0.39,mM
94,"1,11-diamino-3,6,9-trioxaundecane",Trans-2-pentenal,=,3.12,mM
94,"1,5-diaminopentane",Trans-2-pentenal,=,1.56,mM
94,"1,4-diaminobutane",Trans-2-pentenal,=,0.19,mM
94,"1,8-diaminooctan",Trans-2-pentenal,=,0.39,mM
94,p-Phenylenediamine,Trans-2-pentenal,>,12.5,mM
94,"3,7-diazanonane-1,9-diamine",Trans-2-pentenal,=,6.25,mM
94,"(3-aminopropyl)-1,2-ethylenediamine",Trans-2-pentenal,=,6.25,mM
94,"1,6-Hexanediamine",Trans-2-pentenal,=,0.19,mM
94,1.9-diaminononane,Trans-2-pentenal,=,0.098,mM
94,"2,2'-(ethylenedioxy)bis(ethylamine)",Trans-2-pentenal,=,3.12,mM
94,"N'-(2-aminoethyl)-N'-methylethane-1,2-diamine",Trans-2-pentenal,=,0.78,mM
94,"1,5-diamino-3-azapentane",Trans-2-pentenal,=,6.25,mM
94,Bis(3-aminopropyl)amine,Trans-2-pentenal,=,0.39,mM
94,"3,3'-Diamino-N-methyldipropylamine",Trans-2-pentenal,=,3.12,mM
94,"1,11-diamino-3,6,9-trioxaundecane",citronellal,=,0.0061,mM
94,"1,6-Hexanediamine",citronellal,=,0.048,mM
94,"1,5-diamino-3-azapentane",citronellal,=,1.56,mM
94,"1,11-diamino-3,6,9-trioxaundecane",2-Pyridinecarboxaldehyde,=,3.12,mM
94,"1,6-Hexanediamine",2-Pyridinecarboxaldehyde,=,3.12,mM
94,"1,11-diamino-3,6,9-trioxaundecane",(E)-hept-2-enal,=,0.049,mM
94,"1,6-Hexanediamine",(E)-hept-2-enal,=,0.048,mM
94,"1,5-diamino-3-azapentane",(E)-hept-2-enal,=,1.5,mM
94,"1,11-diamino-3,6,9-trioxaundecane","(2E,4E)-deca-2,4-dienal",=,0.049,mM
94,"1,6-Hexanediamine","(2E,4E)-deca-2,4-dienal",=,0.19,mM
94,"1,5-diamino-3-azapentane","(2E,4E)-deca-2,4-dienal",=,0.75,mM
94,"1,5-diamino-3-azapentane",Cinnamaldehyde,=,3,mM
94,"1,6-Hexanediamine",p-Bromo benzaldehyde,=,6.25,mM
94,"1,5-diamino-3-azapentane",p-Bromo benzaldehyde,=,3.12,mM
94,"1,11-diamino-3,6,9-trioxaundecane",(E)-non-2-enal,=,0.048,mM
94,"1,6-Hexanediamine",(E)-non-2-enal,=,0.098,mM
94,"1,5-diamino-3-azapentane",(E)-non-2-enal,=,0.38,mM
94,"1,11-diamino-3,6,9-trioxaundecane","(2E)-nona-2,6-dienal",=,0.098,mM
94,"1,6-Hexanediamine","(2E)-nona-2,6-dienal",=,0.19,mM
94,"1,5-diamino-3-azapentane","(2E)-nona-2,6-dienal",=,0.19,mM
94,"1,11-diamino-3,6,9-trioxaundecane",Citral,=,0.098,mM
94,"1,6-Hexanediamine",Citral,=,0.19,mM
94,"1,6-Hexanediamine",(E)-hex-2-enal,=,0.39,mM
94,"1,5-diamino-3-azapentane",(E)-hex-2-enal,=,3,mM
94,"1,11-diamino-3,6,9-trioxaundecane",Formaldehyde,=,3.12,mM
94,"1,5-diamino-3-azapentane",Formaldehyde,=,12.5,mM
95,"N-bis-(2-amino-ethyl)-ethane-1,2-diamine",(E)-2-Octenal,=,0.196,mM
95,"2,2-bis(2-aminoethoxy)propane",(E)-2-Octenal,=,0.098,mM
95,"1,7-Diaminoheptane",(E)-2-Octenal,=,0.049,mM
95,"2,2'-diaminodiethyl ether",(E)-2-Octenal,=,0.098,mM
95,"1,11-diamino-3,6,9-trioxaundecane",(E)-2-Octenal,=,0.098,mM
95,"1,5-diaminopentane",(E)-2-Octenal,=,0.098,mM
95,"1,4-diaminobutane",(E)-2-Octenal,=,0.098,mM
95,"1,8-diaminooctan",(E)-2-Octenal,=,0.098,mM
95,p-Phenylenediamine,(E)-2-Octenal,>,12.5,mM
95,"3,7-diazanonane-1,9-diamine",(E)-2-Octenal,=,0.196,mM
95,"(3-aminopropyl)-1,2-ethylenediamine",(E)-2-Octenal,=,0.39,mM
95,"1,6-Hexanediamine",(E)-2-Octenal,=,0.098,mM
95,"1,3-bis(aminomethyl)cyclohexane",(E)-2-Octenal,=,0.39,mM
95,"2,2'-(ethylenedioxy)bis(ethylamine)",(E)-2-Octenal,=,0.049,mM
95,"N'-(2-aminoethyl)-N'-methylethane-1,2-diamine",(E)-2-Octenal,=,0.049,mM
95,"1,5-diamino-3-azapentane",(E)-2-Octenal,=,0.38,mM
95,Bis(3-aminopropyl)amine,(E)-2-Octenal,=,0.75,mM
95,"3,3'-Diamino-N-methyldipropylamine",(E)-2-Octenal,=,0.098,mM
95,Spermine,(E)-2-Octenal,=,0.75,mM
95,"1,11-diamino-3,6,9-trioxaundecane",1H-Imidazole-2-carboxaldehyde,=,0.39,mM
95,"1,6-Hexanediamine",1H-Imidazole-2-carboxaldehyde,=,3.12,mM
95,"1,5-diamino-3-azapentane",1H-Imidazole-2-carboxaldehyde,=,0.78,mM
95,"1,11-diamino-3,6,9-trioxaundecane",4-Ethynylbenzaldehyde,=,3.12,mM
95,"1,5-diamino-3-azapentane",4-Ethynylbenzaldehyde,>,12.5,mM
95,"1,11-diamino-3,6,9-trioxaundecane","3,4-Dihydroxybenzaldehyde",=,6.25,mM
95,"1,6-Hexanediamine","3,4-Dihydroxybenzaldehyde",=,6.25,mM
95,"1,6-Hexanediamine",(E)-Dec-2-enal,=,0.098,mM
95,"1,5-diamino-3-azapentane",(E)-Dec-2-enal,=,1.5,mM
95,"N-bis-(2-amino-ethyl)-ethane-1,2-diamine","2,6-Dimethyl-5-heptenal",=,3.12,mM
95,"2,2-bis(2-aminoethoxy)propane","2,6-Dimethyl-5-heptenal",>,12.5,mM
95,(Z)-[bis(2-aminoethyl)amino]-hydroxyimino-oxidoazanium,"2,6-Dimethyl-5-heptenal",=,6.25,mM
95,"1,7-Diaminoheptane","2,6-Dimethyl-5-heptenal",=,3.12,mM
95,"2,2'-diaminodiethyl ether","2,6-Dimethyl-5-heptenal",>,12.5,mM
95,"1,11-diamino-3,6,9-trioxaundecane","2,6-Dimethyl-5-heptenal",=,12.5,mM
95,"2,5-Bis(aminomethyl)furan","2,6-Dimethyl-5-heptenal",=,6.25,mM
95,"1,8-diaminooctan","2,6-Dimethyl-5-heptenal",=,1.56,mM
95,p-Phenylenediamine,"2,6-Dimethyl-5-heptenal",=,1.56,mM
95,"3,7-diazanonane-1,9-diamine","2,6-Dimethyl-5-heptenal",=,6.25,mM
95,"(3-aminopropyl)-1,2-ethylenediamine","2,6-Dimethyl-5-heptenal",=,12.5,mM
95,"1,6-Hexanediamine","2,6-Dimethyl-5-heptenal",=,6.25,mM
95,"1,3-di(aminomethyl)benzene","2,6-Dimethyl-5-heptenal",=,12.5,mM
95,"1,3-bis(aminomethyl)cyclohexane","2,6-Dimethyl-5-heptenal",=,12.5,mM
95,"2,2',2''-triaminotriethylamine","2,6-Dimethyl-5-heptenal",=,3.12,mM
95,"N'-(2-aminoethyl)-N'-methylethane-1,2-diamine","2,6-Dimethyl-5-heptenal",>,12.5,mM
95,Spermidine,"2,6-Dimethyl-5-heptenal",=,6.25,mM
95,"1,5-diamino-3-azapentane","2,6-Dimethyl-5-heptenal",=,6.25,mM
95,Bis(3-aminopropyl)amine,"2,6-Dimethyl-5-heptenal",=,3.12,mM
95,Spermine,"2,6-Dimethyl-5-heptenal",=,6.25,mM
95,"1,6-Hexanediamine",4-Nitrobenzaldehyde,=,3.12,mM
95,"1,5-diamino-3-azapentane",4-Nitrobenzaldehyde,=,3.12,mM
95,"1,6-Hexanediamine",Hexanal,=,0.048,mM
95,"1,5-diamino-3-azapentane",Hexanal,=,0.78,mM
95,"1,11-diamino-3,6,9-trioxaundecane",Vanillin,=,12.5,mM
95,"1,6-Hexanediamine",Vanillin,=,6.25,mM
95,"1,5-diamino-3-azapentane",Vanillin,=,1.5,mM
95,"1,11-diamino-3,6,9-trioxaundecane",Octyl aldehyde,=,0.024,mM
95,"1,6-Hexanediamine",Octyl aldehyde,=,0.098,mM
95,"1,5-diamino-3-azapentane",Octyl aldehyde,=,0.39,mM
95,"1,6-Hexanediamine",Nonyl aldehyde,=,0.19,mM
95,"1,5-diamino-3-azapentane",Nonyl aldehyde,=,0.098,mM
95,"N-bis-(2-amino-ethyl)-ethane-1,2-diamine",Trans-2-pentenal,=,6.25,mM
95,"2,2-bis(2-aminoethoxy)propane",Trans-2-pentenal,=,1.56,mM
95,(Z)-[bis(2-aminoethyl)amino]-hydroxyimino-oxidoazanium,Trans-2-pentenal,=,0.39,mM
95,"1,7-Diaminoheptane",Trans-2-pentenal,=,0.39,mM
95,"1,11-diamino-3,6,9-trioxaundecane",Trans-2-pentenal,=,3.12,mM
95,"1,5-diaminopentane",Trans-2-pentenal,=,1.56,mM
95,"1,8-diaminooctan",Trans-2-pentenal,=,0.39,mM
95,p-Phenylenediamine,Trans-2-pentenal,>,12.5,mM
95,"(3-aminopropyl)-1,2-ethylenediamine",Trans-2-pentenal,=,6.25,mM
95,"1,6-Hexanediamine",Trans-2-pentenal,=,0.19,mM
95,"1,3-bis(aminomethyl)cyclohexane",Trans-2-pentenal,=,1.56,mM
95,1.9-diaminononane,Trans-2-pentenal,=,0.098,mM
95,"2,2'-(ethylenedioxy)bis(ethylamine)",Trans-2-pentenal,=,3.12,mM
95,"N'-(2-aminoethyl)-N'-methylethane-1,2-diamine",Trans-2-pentenal,=,0.78,mM
95,Bis(3-aminopropyl)amine,Trans-2-pentenal,=,0.39,mM
95,"1,6-Hexanediamine",citronellal,=,0.048,mM
95,"1,5-diamino-3-azapentane",citronellal,=,1.56,mM
95,"1,11-diamino-3,6,9-trioxaundecane",2-Pyridinecarboxaldehyde,=,3.12,mM
95,"1,6-Hexanediamine",2-Pyridinecarboxaldehyde,=,3.12,mM
95,"1,6-Hexanediamine",(E)-hept-2-enal,=,0.048,mM
95,"1,5-diamino-3-azapentane",(E)-hept-2-enal,=,1.5,mM
95,"1,6-Hexanediamine","(2E,4E)-deca-2,4-dienal",=,0.19,mM
95,"1,5-diamino-3-azapentane","(2E,4E)-deca-2,4-dienal",=,0.75,mM
95,"1,11-diamino-3,6,9-trioxaundecane",Cinnamaldehyde,=,0.19,mM
95,"1,6-Hexanediamine",Cinnamaldehyde,=,0.39,mM
95,"1,5-diamino-3-azapentane",Cinnamaldehyde,=,3,mM
95,"1,11-diamino-3,6,9-trioxaundecane",p-Bromo benzaldehyde,=,6.25,mM
95,"1,6-Hexanediamine",p-Bromo benzaldehyde,=,6.25,mM
95,"1,5-diamino-3-azapentane",p-Bromo benzaldehyde,=,3.12,mM
95,"1,11-diamino-3,6,9-trioxaundecane",(E)-non-2-enal,=,0.048,mM
95,"1,6-Hexanediamine",(E)-non-2-enal,=,0.098,mM
95,"1,5-diamino-3-azapentane",(E)-non-2-enal,=,0.38,mM
95,"1,11-diamino-3,6,9-trioxaundecane","(2E)-nona-2,6-dienal",=,0.098,mM
95,"1,6-Hexanediamine","(2E)-nona-2,6-dienal",=,0.19,mM
95,"1,5-diamino-3-azapentane","(2E)-nona-2,6-dienal",=,0.19,mM
95,"1,11-diamino-3,6,9-trioxaundecane",Citral,=,0.098,mM
95,"1,5-diamino-3-azapentane",Citral,=,0.19,mM
95,"1,6-Hexanediamine",(E)-hex-2-enal,=,0.39,mM
95,"1,5-diamino-3-azapentane",(E)-hex-2-enal,=,3,mM
95,"1,11-diamino-3,6,9-trioxaundecane",Formaldehyde,=,3.12,mM
96,(Z)-[bis(2-aminoethyl)amino]-hydroxyimino-oxidoazanium,(E)-2-Octenal,=,0.098,mM
96,"1,7-Diaminoheptane",(E)-2-Octenal,=,0.049,mM
96,"2,2'-diaminodiethyl ether",(E)-2-Octenal,=,0.098,mM
96,"1,11-diamino-3,6,9-trioxaundecane",(E)-2-Octenal,=,0.098,mM
96,"1,5-diaminopentane",(E)-2-Octenal,=,0.098,mM
96,"1,4-diaminobutane",(E)-2-Octenal,=,0.098,mM
96,"1,8-diaminooctan",(E)-2-Octenal,=,0.098,mM
96,p-Phenylenediamine,(E)-2-Octenal,>,12.5,mM
96,Polyethylenimine linear,(E)-2-Octenal,=,0.38,mM
96,"(3-aminopropyl)-1,2-ethylenediamine",(E)-2-Octenal,=,0.39,mM
96,"1,6-Hexanediamine",(E)-2-Octenal,=,0.098,mM
96,"2,2',2''-triaminotriethylamine",(E)-2-Octenal,=,0.098,mM
96,"1,5-diamino-3-azapentane",(E)-2-Octenal,=,0.38,mM
96,Bis(3-aminopropyl)amine,(E)-2-Octenal,=,0.75,mM
96,"3,3'-Diamino-N-methyldipropylamine",(E)-2-Octenal,=,0.098,mM
96,Spermine,(E)-2-Octenal,=,0.75,mM
96,"1,11-diamino-3,6,9-trioxaundecane",1H-Imidazole-2-carboxaldehyde,=,0.39,mM
96,"1,6-Hexanediamine",1H-Imidazole-2-carboxaldehyde,=,3.12,mM
96,"1,5-diamino-3-azapentane",1H-Imidazole-2-carboxaldehyde,=,0.78,mM
96,"1,11-diamino-3,6,9-trioxaundecane",4-Ethynylbenzaldehyde,=,3.12,mM
96,"1,5-diamino-3-azapentane",4-Ethynylbenzaldehyde,>,12.5,mM
96,"1,11-diamino-3,6,9-trioxaundecane","3,4-Dihydroxybenzaldehyde",=,6.25,mM
96,"1,6-Hexanediamine","3,4-Dihydroxybenzaldehyde",=,6.25,mM
96,"1,11-diamino-3,6,9-trioxaundecane",(E)-Dec-2-enal,=,0.024,mM
96,"1,6-Hexanediamine",(E)-Dec-2-enal,=,0.098,mM
96,"1,5-diamino-3-azapentane",(E)-Dec-2-enal,=,1.5,mM
96,"N-bis-(2-amino-ethyl)-ethane-1,2-diamine","2,6-Dimethyl-5-heptenal",=,3.12,mM
96,(Z)-[bis(2-aminoethyl)amino]-hydroxyimino-oxidoazanium,"2,6-Dimethyl-5-heptenal",=,6.25,mM
96,cystamine dihydrochloride,"2,6-Dimethyl-5-heptenal",=,6.25,mM
96,"1,7-Diaminoheptane","2,6-Dimethyl-5-heptenal",=,3.12,mM
96,"2,2'-diaminodiethyl ether","2,6-Dimethyl-5-heptenal",>,12.5,mM
96,"1,11-diamino-3,6,9-trioxaundecane","2,6-Dimethyl-5-heptenal",=,12.5,mM
96,"1,5-diaminopentane","2,6-Dimethyl-5-heptenal",=,6.25,mM
96,"1,4-diaminobutane","2,6-Dimethyl-5-heptenal",=,3.12,mM
96,"2,5-Bis(aminomethyl)furan","2,6-Dimethyl-5-heptenal",=,6.25,mM
96,"1,8-diaminooctan","2,6-Dimethyl-5-heptenal",=,1.56,mM
96,"3,7-diazanonane-1,9-diamine","2,6-Dimethyl-5-heptenal",=,6.25,mM
96,"(3-aminopropyl)-1,2-ethylenediamine","2,6-Dimethyl-5-heptenal",=,12.5,mM
96,"1,6-Hexanediamine","2,6-Dimethyl-5-heptenal",=,6.25,mM
96,"1,3-bis(aminomethyl)cyclohexane","2,6-Dimethyl-5-heptenal",=,12.5,mM
96,"2,2'-(ethylenedioxy)bis(ethylamine)","2,6-Dimethyl-5-heptenal",=,3.12,mM
96,"N'-(2-aminoethyl)-N'-methylethane-1,2-diamine","2,6-Dimethyl-5-heptenal",>,12.5,mM
96,Spermidine,"2,6-Dimethyl-5-heptenal",=,6.25,mM
96,"1,5-diamino-3-azapentane","2,6-Dimethyl-5-heptenal",=,6.25,mM
96,"3,3'-Diamino-N-methyldipropylamine","2,6-Dimethyl-5-heptenal",=,12.5,mM
96,Spermine,"2,6-Dimethyl-5-heptenal",=,6.25,mM
96,"1,11-diamino-3,6,9-trioxaundecane",4-Nitrobenzaldehyde,=,1.56,mM
96,"1,6-Hexanediamine",4-Nitrobenzaldehyde,=,3.12,mM
96,"1,5-diamino-3-azapentane",4-Nitrobenzaldehyde,=,3.12,mM
96,"1,6-Hexanediamine",Hexanal,=,0.048,mM
96,"1,5-diamino-3-azapentane",Hexanal,=,0.78,mM
96,"1,11-diamino-3,6,9-trioxaundecane",Vanillin,=,12.5,mM
96,"1,6-Hexanediamine",Vanillin,=,6.25,mM
96,"1,5-diamino-3-azapentane",Vanillin,=,1.5,mM
96,"1,11-diamino-3,6,9-trioxaundecane",Octyl aldehyde,=,0.024,mM
96,"1,6-Hexanediamine",Octyl aldehyde,=,0.098,mM
96,"1,5-diamino-3-azapentane",Octyl aldehyde,=,0.39,mM
96,"1,6-Hexanediamine",Nonyl aldehyde,=,0.19,mM
96,"1,5-diamino-3-azapentane",Nonyl aldehyde,=,0.098,mM
96,"N-bis-(2-amino-ethyl)-ethane-1,2-diamine",Trans-2-pentenal,=,6.25,mM
96,(Z)-[bis(2-aminoethyl)amino]-hydroxyimino-oxidoazanium,Trans-2-pentenal,=,0.39,mM
96,"1,7-Diaminoheptane",Trans-2-pentenal,=,0.39,mM
96,"2,2'-diaminodiethyl ether",Trans-2-pentenal,=,3.12,mM
96,"1,11-diamino-3,6,9-trioxaundecane",Trans-2-pentenal,=,3.12,mM
96,"1,5-diaminopentane",Trans-2-pentenal,=,1.56,mM
96,"1,4-diaminobutane",Trans-2-pentenal,=,0.19,mM
96,"1,8-diaminooctan",Trans-2-pentenal,=,0.39,mM
96,"3,7-diazanonane-1,9-diamine",Trans-2-pentenal,=,6.25,mM
96,"1,6-Hexanediamine",Trans-2-pentenal,=,0.19,mM
96,"1,3-bis(aminomethyl)cyclohexane",Trans-2-pentenal,=,1.56,mM
96,1.9-diaminononane,Trans-2-pentenal,=,0.098,mM
96,"2,2'-(ethylenedioxy)bis(ethylamine)",Trans-2-pentenal,=,3.12,mM
96,"N'-(2-aminoethyl)-N'-methylethane-1,2-diamine",Trans-2-pentenal,=,0.78,mM
96,Bis(3-aminopropyl)amine,Trans-2-pentenal,=,0.39,mM
96,"1,11-diamino-3,6,9-trioxaundecane",citronellal,=,0.0061,mM
96,"1,6-Hexanediamine",citronellal,=,0.048,mM
96,"1,5-diamino-3-azapentane",citronellal,=,1.56,mM
96,"1,11-diamino-3,6,9-trioxaundecane",2-Pyridinecarboxaldehyde,=,3.12,mM
96,"1,5-diamino-3-azapentane",2-Pyridinecarboxaldehyde,=,12.5,mM
96,"1,11-diamino-3,6,9-trioxaundecane",(E)-hept-2-enal,=,0.049,mM
96,"1,11-diamino-3,6,9-trioxaundecane","(2E,4E)-deca-2,4-dienal",=,0.049,mM
96,"1,6-Hexanediamine","(2E,4E)-deca-2,4-dienal",=,0.19,mM
96,"1,5-diamino-3-azapentane","(2E,4E)-deca-2,4-dienal",=,0.75,mM
96,"1,11-diamino-3,6,9-trioxaundecane",Cinnamaldehyde,=,0.19,mM
96,"1,6-Hexanediamine",Cinnamaldehyde,=,0.39,mM
96,"1,5-diamino-3-azapentane",Cinnamaldehyde,=,3,mM
96,"1,6-Hexanediamine",p-Bromo benzaldehyde,=,6.25,mM
96,"1,11-diamino-3,6,9-trioxaundecane",(E)-non-2-enal,=,0.048,mM
96,"1,6-Hexanediamine",(E)-non-2-enal,=,0.098,mM
96,"1,5-diamino-3-azapentane",(E)-non-2-enal,=,0.38,mM
96,"1,11-diamino-3,6,9-trioxaundecane","(2E)-nona-2,6-dienal",=,0.098,mM
96,"1,6-Hexanediamine","(2E)-nona-2,6-dienal",=,0.19,mM
96,"1,5-diamino-3-azapentane","(2E)-nona-2,6-dienal",=,0.19,mM
96,"1,11-diamino-3,6,9-trioxaundecane",Citral,=,0.098,mM
96,"1,6-Hexanediamine",Citral,=,0.19,mM
96,"1,5-diamino-3-azapentane",Citral,=,0.19,mM
96,"1,11-diamino-3,6,9-trioxaundecane",(E)-hex-2-enal,=,0.19,mM
96,"1,6-Hexanediamine",(E)-hex-2-enal,=,0.39,mM
96,"1,11-diamino-3,6,9-trioxaundecane",Formaldehyde,=,3.12,mM
96,"1,5-diamino-3-azapentane",Formaldehyde,=,12.5,mM
97,"N-bis-(2-amino-ethyl)-ethane-1,2-diamine",(E)-2-Octenal,=,0.196,mM
97,"2,2-bis(2-aminoethoxy)propane",(E)-2-Octenal,=,0.098,mM
97,(Z)-[bis(2-aminoethyl)amino]-hydroxyimino-oxidoazanium,(E)-2-Octenal,=,0.098,mM
97,"1,7-Diaminoheptane",(E)-2-Octenal,=,0.049,mM
97,"2,2'-diaminodiethyl ether",(E)-2-Octenal,=,0.098,mM
97,"1,11-diamino-3,6,9-trioxaundecane",(E)-2-Octenal,=,0.098,mM
97,"1,5-diaminopentane",(E)-2-Octenal,=,0.098,mM
97,"1,4-diaminobutane",(E)-2-Octenal,=,0.098,mM
97,"1,8-diaminooctan",(E)-2-Octenal,=,0.098,mM
97,p-Phenylenediamine,(E)-2-Octenal,>,12.5,mM
97,Polyethylenimine linear,(E)-2-Octenal,=,0.38,mM
97,"(3-aminopropyl)-1,2-ethylenediamine",(E)-2-Octenal,=,0.39,mM
97,"1,6-Hexanediamine",(E)-2-Octenal,=,0.098,mM
97,"1,3-bis(aminomethyl)cyclohexane",(E)-2-Octenal,=,0.39,mM
97,1.9-diaminononane,(E)-2-Octenal,=,0.098,mM
97,"2,2'-(ethylenedioxy)bis(ethylamine)",(E)-2-Octenal,=,0.049,mM
97,"1,5-diamino-3-azapentane",(E)-2-Octenal,=,0.38,mM
97,Bis(3-aminopropyl)amine,(E)-2-Octenal,=,0.75,mM
97,"3,3'-Diamino-N-methyldipropylamine",(E)-2-Octenal,=,0.098,mM
97,Spermine,(E)-2-Octenal,=,0.75,mM
97,"1,11-diamino-3,6,9-trioxaundecane",1H-Imidazole-2-carboxaldehyde,=,0.39,mM
97,"1,6-Hexanediamine",1H-Imidazole-2-carboxaldehyde,=,3.12,mM
97,"1,5-diamino-3-azapentane",1H-Imidazole-2-carboxaldehyde,=,0.78,mM
97,"1,11-diamino-3,6,9-trioxaundecane",4-Ethynylbenzaldehyde,=,3.12,mM
97,"1,6-Hexanediamine","3,4-Dihydroxybenzaldehyde",=,6.25,mM
97,"1,11-diamino-3,6,9-trioxaundecane",(E)-Dec-2-enal,=,0.024,mM
97,"1,6-Hexanediamine",(E)-Dec-2-enal,=,0.098,mM
97,"1,5-diamino-3-azapentane",(E)-Dec-2-enal,=,1.5,mM
97,"N-bis-(2-amino-ethyl)-ethane-1,2-diamine","2,6-Dimethyl-5-heptenal",=,3.12,mM
97,"2,2-bis(2-aminoethoxy)propane","2,6-Dimethyl-5-heptenal",>,12.5,mM
97,"2,2'-diaminodiethyl ether","2,6-Dimethyl-5-heptenal",>,12.5,mM
97,"1,5-diaminopentane","2,6-Dimethyl-5-heptenal",=,6.25,mM
97,"1,8-diaminooctan","2,6-Dimethyl-5-heptenal",=,1.56,mM
97,"3,7-diazanonane-1,9-diamine","2,6-Dimethyl-5-heptenal",=,6.25,mM
97,"(3-aminopropyl)-1,2-ethylenediamine","2,6-Dimethyl-5-heptenal",=,12.5,mM
97,"1,6-Hexanediamine","2,6-Dimethyl-5-heptenal",=,6.25,mM
97,"1,3-bis(aminomethyl)cyclohexane","2,6-Dimethyl-5-heptenal",=,12.5,mM
97,1.9-diaminononane,"2,6-Dimethyl-5-heptenal",=,1.56,mM
97,"2,2'-(ethylenedioxy)bis(ethylamine)","2,6-Dimethyl-5-heptenal",=,3.12,mM
97,"2,2',2''-triaminotriethylamine","2,6-Dimethyl-5-heptenal",=,3.12,mM
97,"N'-(2-aminoethyl)-N'-methylethane-1,2-diamine","2,6-Dimethyl-5-heptenal",>,12.5,mM
97,Spermidine,"2,6-Dimethyl-5-heptenal",=,6.25,mM
97,"1,5-diamino-3-azapentane","2,6-Dimethyl-5-heptenal",=,6.25,mM
97,Bis(3-aminopropyl)amine,"2,6-Dimethyl-5-heptenal",=,3.12,mM
97,"3,3'-Diamino-N-methyldipropylamine","2,6-Dimethyl-5-heptenal",=,12.5,mM
97,Spermine,"2,6-Dimethyl-5-heptenal",=,6.25,mM
97,"1,11-diamino-3,6,9-trioxaundecane",4-Nitrobenzaldehyde,=,1.56,mM
97,"1,5-diamino-3-azapentane",4-Nitrobenzaldehyde,=,3.12,mM
97,"1,6-Hexanediamine",Hexanal,=,0.048,mM
97,"1,5-diamino-3-azapentane",Hexanal,=,0.78,mM
97,"1,11-diamino-3,6,9-trioxaundecane",Vanillin,=,12.5,mM
97,"1,6-Hexanediamine",Vanillin,=,6.25,mM
97,"1,5-diamino-3-azapentane",Vanillin,=,1.5,mM
97,"1,11-diamino-3,6,9-trioxaundecane",Octyl aldehyde,=,0.024,mM
97,"1,6-Hexanediamine",Octyl aldehyde,=,0.098,mM
97,"1,6-Hexanediamine",Nonyl aldehyde,=,0.19,mM
97,"1,5-diamino-3-azapentane",Nonyl aldehyde,=,0.098,mM
97,"N-bis-(2-amino-ethyl)-ethane-1,2-diamine",Trans-2-pentenal,=,6.25,mM
97,"2,2-bis(2-aminoethoxy)propane",Trans-2-pentenal,=,1.56,mM
97,(Z)-[bis(2-aminoethyl)amino]-hydroxyimino-oxidoazanium,Trans-2-pentenal,=,0.39,mM
97,"1,7-Diaminoheptane",Trans-2-pentenal,=,0.39,mM
97,"2,2'-diaminodiethyl ether",Trans-2-pentenal,=,3.12,mM
97,"1,11-diamino-3,6,9-trioxaundecane",Trans-2-pentenal,=,3.12,mM
97,"1,5-diaminopentane",Trans-2-pentenal,=,1.56,mM
97,"1,4-diaminobutane",Trans-2-pentenal,=,0.19,mM
97,"1,8-diaminooctan",Trans-2-pentenal,=,0.39,mM
97,p-Phenylenediamine,Trans-2-pentenal,>,12.5,mM
97,"(3-aminopropyl)-1,2-ethylenediamine",Trans-2-pentenal,=,6.25,mM
97,"1,6-Hexanediamine",Trans-2-pentenal,=,0.19,mM
97,1.9-diaminononane,Trans-2-pentenal,=,0.098,mM
97,"2,2'-(ethylenedioxy)bis(ethylamine)",Trans-2-pentenal,=,3.12,mM
97,"N'-(2-aminoethyl)-N'-methylethane-1,2-diamine",Trans-2-pentenal,=,0.78,mM
97,Bis(3-aminopropyl)amine,Trans-2-pentenal,=,0.39,mM
97,"3,3'-Diamino-N-methyldipropylamine",Trans-2-pentenal,=,3.12,mM
97,"1,11-diamino-3,6,9-trioxaundecane",citronellal,=,0.0061,mM
97,"1,6-Hexanediamine",citronellal,=,0.048,mM
97,"1,5-diamino-3-azapentane",citronellal,=,1.56,mM
97,"1,11-diamino-3,6,9-trioxaundecane",2-Pyridinecarboxaldehyde,=,3.12,mM
97,"1,6-Hexanediamine",2-Pyridinecarboxaldehyde,=,3.12,mM
97,"1,5-diamino-3-azapentane",2-Pyridinecarboxaldehyde,=,12.5,mM
97,"1,6-Hexanediamine",(E)-hept-2-enal,=,0.048,mM
97,"1,5-diamino-3-azapentane",(E)-hept-2-enal,=,1.5,mM
97,"1,11-diamino-3,6,9-trioxaundecane","(2E,4E)-deca-2,4-dienal",=,0.049,mM
97,"1,6-Hexanediamine","(2E,4E)-deca-2,4-dienal",=,0.19,mM
97,"1,5-diamino-3-azapentane","(2E,4E)-deca-2,4-dienal",=,0.75,mM
97,"1,11-diamino-3,6,9-trioxaundecane",Cinnamaldehyde,=,0.19,mM
97,"1,6-Hexanediamine",Cinnamaldehyde,=,0.39,mM
97,"1,5-diamino-3-azapentane",Cinnamaldehyde,=,3,mM
97,"1,6-Hexanediamine",p-Bromo benzaldehyde,=,6.25,mM
97,"1,5-diamino-3-azapentane",p-Bromo benzaldehyde,=,3.12,mM
97,"1,11-diamino-3,6,9-trioxaundecane",(E)-non-2-enal,=,0.048,mM
97,"1,6-Hexanediamine",(E)-non-2-enal,=,0.098,mM
97,"1,11-diamino-3,6,9-trioxaundecane","(2E)-nona-2,6-dienal",=,0.098,mM
97,"1,6-Hexanediamine","(2E)-nona-2,6-dienal",=,0.19,mM
97,"1,5-diamino-3-azapentane","(2E)-nona-2,6-dienal",=,0.19,mM
97,"1,6-Hexanediamine",Citral,=,0.19,mM
97,"1,5-diamino-3-azapentane",Citral,=,0.19,mM
97,"1,6-Hexanediamine",(E)-hex-2-enal,=,0.39,mM
97,"1,5-diamino-3-azapentane",(E)-hex-2-enal,=,3,mM
97,"1,5-diamino-3-azapentane",Formaldehyde,=,12.5,mM
98,"N-bis-(2-amino-ethyl)-ethane-1,2-diamine",(E)-2-Octenal,=,0.196,mM
98,"2,2-bis(2-aminoethoxy)propane",(E)-2-Octenal,=,0.098,mM
98,(Z)-[bis(2-aminoethyl)amino]-hydroxyimino-oxidoazanium,(E)-2-Octenal,=,0.098,mM
98,"1,7-Diaminoheptane",(E)-2-Octenal,=,0.049,mM
98,"2,2'-diaminodiethyl ether",(E)-2-Octenal,=,0.098,mM
98,"1,11-diamino-3,6,9-trioxaundecane",(E)-2-Octenal,=,0.098,mM
98,"1,5-diaminopentane",(E)-2-Octenal,=,0.098,mM
98,"1,8-diaminooctan",(E)-2-Octenal,=,0.098,mM
98,p-Phenylenediamine,(E)-2-Octenal,>,12.5,mM
98,Polyethylenimine linear,(E)-2-Octenal,=,0.38,mM
98,"3,7-diazanonane-1,9-diamine",(E)-2-Octenal,=,0.196,mM
98,"1,6-Hexanediamine",(E)-2-Octenal,=,0.098,mM
98,"1,3-bis(aminomethyl)cyclohexane",(E)-2-Octenal,=,0.39,mM
98,1.9-diaminononane,(E)-2-Octenal,=,0.098,mM
98,"2,2',2''-triaminotriethylamine",(E)-2-Octenal,=,0.098,mM
98,"N'-(2-aminoethyl)-N'-methylethane-1,2-diamine",(E)-2-Octenal,=,0.049,mM
98,"3,3'-Diamino-N-methyldipropylamine",(E)-2-Octenal,=,0.098,mM
98,Spermine,(E)-2-Octenal,=,0.75,mM
98,"1,11-diamino-3,6,9-trioxaundecane",1H-Imidazole-2-carboxaldehyde,=,0.39,mM
98,"1,6-Hexanediamine",1H-Imidazole-2-carboxaldehyde,=,3.12,mM
98,"1,5-diamino-3-azapentane",1H-Imidazole-2-carboxaldehyde,=,0.78,mM
98,"1,11-diamino-3,6,9-trioxaundecane",4-Ethynylbenzaldehyde,=,3.12,mM
98,"1,5-diamino-3-azapentane",4-Ethynylbenzaldehyde,>,12.5,mM
98,"1,11-diamino-3,6,9-trioxaundecane","3,4-Dihydroxybenzaldehyde",=,6.25,mM
98,"1,6-Hexanediamine",(E)-Dec-2-enal,=,0.098,mM
98,"N-bis-(2-amino-ethyl)-ethane-1,2-diamine","2,6-Dimethyl-5-heptenal",=,3.12,mM
98,"2,2-bis(2-aminoethoxy)propane","2,6-Dimethyl-5-heptenal",>,12.5,mM
98,(Z)-[bis(2-aminoethyl)amino]-hydroxyimino-oxidoazanium,"2,6-Dimethyl-5-heptenal",=,6.25,mM
98,cystamine dihydrochloride,"2,6-Dimethyl-5-heptenal",=,6.25,mM
98,"2,2'-diaminodiethyl ether","2,6-Dimethyl-5-heptenal",>,12.5,mM
98,"1,5-diaminopentane","2,6-Dimethyl-5-heptenal",=,6.25,mM
98,"2,5-Bis(aminomethyl)furan","2,6-Dimethyl-5-heptenal",=,6.25,mM
98,"1,8-diaminooctan","2,6-Dimethyl-5-heptenal",=,1.56,mM
98,"3,7-diazanonane-1,9-diamine","2,6-Dimethyl-5-heptenal",=,6.25,mM
98,"(3-aminopropyl)-1,2-ethylenediamine","2,6-Dimethyl-5-heptenal",=,12.5,mM
98,"1,3-di(aminomethyl)benzene","2,6-Dimethyl-5-heptenal",=,12.5,mM
98,"1,3-bis(aminomethyl)cyclohexane","2,6-Dimethyl-5-heptenal",=,12.5,mM
98,1.9-diaminononane,"2,6-Dimethyl-5-heptenal",=,1.56,mM
98,"2,2'-(ethylenedioxy)bis(ethylamine)","2,6-Dimethyl-5-heptenal",=,3.12,mM
98,"N'-(2-aminoethyl)-N'-methylethane-1,2-diamine","2,6-Dimethyl-5-heptenal",>,12.5,mM
98,Spermidine,"2,6-Dimethyl-5-heptenal",=,6.25,mM
98,"1,5-diamino-3-azapentane","2,6-Dimethyl-5-heptenal",=,6.25,mM
98,Bis(3-aminopropyl)amine,"2,6-Dimethyl-5-heptenal",=,3.12,mM
98,Spermine,"2,6-Dimethyl-5-heptenal",=,6.25,mM
98,"1,11-diamino-3,6,9-trioxaundecane",Hexanal,=,0.39,mM
98,"1,6-Hexanediamine",Hexanal,=,0.048,mM
98,"1,5-diamino-3-azapentane",Hexanal,=,0.78,mM
98,"1,11-diamino-3,6,9-trioxaundecane",Vanillin,=,12.5,mM
98,"1,6-Hexanediamine",Vanillin,=,6.25,mM
98,"1,5-diamino-3-azapentane",Vanillin,=,1.5,mM
98,"1,11-diamino-3,6,9-trioxaundecane",Octyl aldehyde,=,0.024,mM
98,"1,6-Hexanediamine",Octyl aldehyde,=,0.098,mM
98,"1,5-diamino-3-azapentane",Octyl aldehyde,=,0.39,mM
98,"1,6-Hexanediamine",Nonyl aldehyde,=,0.19,mM
98,"1,5-diamino-3-azapentane",Nonyl aldehyde,=,0.098,mM
98,"N-bis-(2-amino-ethyl)-ethane-1,2-diamine",Trans-2-pentenal,=,6.25,mM
98,"2,2-bis(2-aminoethoxy)propane",Trans-2-pentenal,=,1.56,mM
98,(Z)-[bis(2-aminoethyl)amino]-hydroxyimino-oxidoazanium,Trans-2-pentenal,=,0.39,mM
98,"1,7-Diaminoheptane",Trans-2-pentenal,=,0.39,mM
98,"2,2'-diaminodiethyl ether",Trans-2-pentenal,=,3.12,mM
98,"1,11-diamino-3,6,9-trioxaundecane",Trans-2-pentenal,=,3.12,mM
98,"1,4-diaminobutane",Trans-2-pentenal,=,0.19,mM
98,"1,8-diaminooctan",Trans-2-pentenal,=,0.39,mM
98,p-Phenylenediamine,Trans-2-pentenal,>,12.5,mM
98,"3,7-diazanonane-1,9-diamine",Trans-2-pentenal,=,6.25,mM
98,"(3-aminopropyl)-1,2-ethylenediamine",Trans-2-pentenal,=,6.25,mM
98,"1,6-Hexanediamine",Trans-2-pentenal,=,0.19,mM
98,"1,3-bis(aminomethyl)cyclohexane",Trans-2-pentenal,=,1.56,mM
98,1.9-diaminononane,Trans-2-pentenal,=,0.098,mM
98,"2,2'-(ethylenedioxy)bis(ethylamine)",Trans-2-pentenal,=,3.12,mM
98,"N'-(2-aminoethyl)-N'-methylethane-1,2-diamine",Trans-2-pentenal,=,0.78,mM
98,"1,5-diamino-3-azapentane",Trans-2-pentenal,=,6.25,mM
98,Bis(3-aminopropyl)amine,Trans-2-pentenal,=,0.39,mM
98,"3,3'-Diamino-N-methyldipropylamine",Trans-2-pentenal,=,3.12,mM
98,"1,11-diamino-3,6,9-trioxaundecane",citronellal,=,0.0061,mM
98,"1,6-Hexanediamine",citronellal,=,0.048,mM
98,"1,5-diamino-3-azapentane",citronellal,=,1.56,mM
98,"1,11-diamino-3,6,9-trioxaundecane",2-Pyridinecarboxaldehyde,=,3.12,mM
98,"1,6-Hexanediamine",2-Pyridinecarboxaldehyde,=,3.12,mM
98,"1,5-diamino-3-azapentane",2-Pyridinecarboxaldehyde,=,12.5,mM
98,"1,6-Hexanediamine",(E)-hept-2-enal,=,0.048,mM
98,"1,11-diamino-3,6,9-trioxaundecane","(2E,4E)-deca-2,4-dienal",=,0.049,mM
98,"1,6-Hexanediamine","(2E,4E)-deca-2,4-dienal",=,0.19,mM
98,"1,5-diamino-3-azapentane","(2E,4E)-deca-2,4-dienal",=,0.75,mM
98,"1,11-diamino-3,6,9-trioxaundecane",Cinnamaldehyde,=,0.19,mM
98,"1,6-Hexanediamine",Cinnamaldehyde,=,0.39,mM
98,"1,5-diamino-3-azapentane",Cinnamaldehyde,=,3,mM
98,"1,11-diamino-3,6,9-trioxaundecane",p-Bromo benzaldehyde,=,6.25,mM
98,"1,6-Hexanediamine",p-Bromo benzaldehyde,=,6.25,mM
98,"1,5-diamino-3-azapentane",p-Bromo benzaldehyde,=,3.12,mM
98,"1,11-diamino-3,6,9-trioxaundecane",(E)-non-2-enal,=,0.048,mM
98,"1,11-diamino-3,6,9-trioxaundecane","(2E)-nona-2,6-dienal",=,0.098,mM
98,"1,6-Hexanediamine","(2E)-nona-2,6-dienal",=,0.19,mM
98,"1,11-diamino-3,6,9-trioxaundecane",Citral,=,0.098,mM
98,"1,6-Hexanediamine",Citral,=,0.19,mM
98,"1,5-diamino-3-azapentane",Citral,=,0.19,mM
98,"1,11-diamino-3,6,9-trioxaundecane",(E)-hex-2-enal,=,0.19,mM
98,"1,6-Hexanediamine",(E)-hex-2-enal,=,0.39,mM
98,"1,5-diamino-3-azapentane",(E)-hex-2-enal,=,3,mM
98,"1,11-diamino-3,6,9-trioxaundecane",Formaldehyde,=,3.12,mM
99,"2,2-bis(2-aminoethoxy)propane",(E)-2-Octenal,=,0.098,mM
99,(Z)-[bis(2-aminoethyl)amino]-hydroxyimino-oxidoazanium,(E)-2-Octenal,=,0.098,mM
99,"1,7-Diaminoheptane",(E)-2-Octenal,=,0.049,mM
99,"2,2'-diaminodiethyl ether",(E)-2-Octenal,=,0.098,mM
99,"1,11-diamino-3,6,9-trioxaundecane",(E)-2-Octenal,=,0.098,mM
99,"1,5-diaminopentane",(E)-2-Octenal,=,0.098,mM
99,"1,4-diaminobutane",(E)-2-Octenal,=,0.098,mM
99,"1,8-diaminooctan",(E)-2-Octenal,=,0.098,mM
99,p-Phenylenediamine,(E)-2-Octenal,>,12.5,mM
99,"3,7-diazanonane-1,9-diamine",(E)-2-Octenal,=,0.196,mM
99,"(3-aminopropyl)-1,2-ethylenediamine",(E)-2-Octenal,=,0.39,mM
99,"1,6-Hexanediamine",(E)-2-Octenal,=,0.098,mM
99,1.9-diaminononane,(E)-2-Octenal,=,0.098,mM
99,"2,2'-(ethylenedioxy)bis(ethylamine)",(E)-2-Octenal,=,0.049,mM
99,"2,2',2''-triaminotriethylamine",(E)-2-Octenal,=,0.098,mM
99,"N'-(2-aminoethyl)-N'-methylethane-1,2-diamine",(E)-2-Octenal,=,0.049,mM
99,Bis(3-aminopropyl)amine,(E)-2-Octenal,=,0.75,mM
99,"3,3'-Diamino-N-methyldipropylamine",(E)-2-Octenal,=,0.098,mM
99,Spermine,(E)-2-Octenal,=,0.75,mM
99,"1,11-diamino-3,6,9-trioxaundecane",1H-Imidazole-2-carboxaldehyde,=,0.39,mM
99,"1,6-Hexanediamine",1H-Imidazole-2-carboxaldehyde,=,3.12,mM
99,"1,5-diamino-3-azapentane",1H-Imidazole-2-carboxaldehyde,=,0.78,mM
99,"1,5-diamino-3-azapentane",4-Ethynylbenzaldehyde,>,12.5,mM
99,"1,11-diamino-3,6,9-trioxaundecane","3,4-Dihydroxybenzaldehyde",=,6.25,mM
99,"1,6-Hexanediamine","3,4-Dihydroxybenzaldehyde",=,6.25,mM
99,"1,11-diamino-3,6,9-trioxaundecane",(E)-Dec-2-enal,=,0.024,mM
99,"1,6-Hexanediamine",(E)-Dec-2-enal,=,0.098,mM
99,"1,5-diamino-3-azapentane",(E)-Dec-2-enal,=,1.5,mM
99,"N-bis-(2-amino-ethyl)-ethane-1,2-diamine","2,6-Dimethyl-5-heptenal",=,3.12,mM
99,"2,2-bis(2-aminoethoxy)propane","2,6-Dimethyl-5-heptenal",>,12.5,mM
99,(Z)-[bis(2-aminoethyl)amino]-hydroxyimino-oxidoazanium,"2,6-Dimethyl-5-heptenal",=,6.25,mM
99,"2,2'-diaminodiethyl ether","2,6-Dimethyl-5-heptenal",>,12.5,mM
99,"1,11-diamino-3,6,9-trioxaundecane","2,6-Dimethyl-5-heptenal",=,12.5,mM
99,"1,4-diaminobutane","2,6-Dimethyl-5-heptenal",=,3.12,mM
99,"2,5-Bis(aminomethyl)furan","2,6-Dimethyl-5-heptenal",=,6.25,mM
99,"1,8-diaminooctan","2,6-Dimethyl-5-heptenal",=,1.56,mM
99,p-Phenylenediamine,"2,6-Dimethyl-5-heptenal",=,1.56,mM
99,"3,7-diazanonane-1,9-diamine","2,6-Dimethyl-5-heptenal",=,6.25,mM
99,"(3-aminopropyl)-1,2-ethylenediamine","2,6-Dimethyl-5-heptenal",=,12.5,mM
99,"1,6-Hexanediamine","2,6-Dimethyl-5-heptenal",=,6.25,mM
99,"1,3-bis(aminomethyl)cyclohexane","2,6-Dimethyl-5-heptenal",=,12.5,mM
99,"2,2'-(ethylenedioxy)bis(ethylamine)","2,6-Dimethyl-5-heptenal",=,3.12,mM
99,"2,2',2''-triaminotriethylamine","2,6-Dimethyl-5-heptenal",=,3.12,mM
99,"N'-(2-aminoethyl)-N'-methylethane-1,2-diamine","2,6-Dimethyl-5-heptenal",>,12.5,mM
99,Spermidine,"2,6-Dimethyl-5-heptenal",=,6.25,mM
99,Bis(3-aminopropyl)amine,"2,6-Dimethyl-5-heptenal",=,3.12,mM
99,"3,3'-Diamino-N-methyldipropylamine","2,6-Dimethyl-5-heptenal",=,12.5,mM
99,Spermine,"2,6-Dimethyl-5-heptenal",=,6.25,mM
99,"1,6-Hexanediamine",4-Nitrobenzaldehyde,=,3.12,mM
99,"1,5-diamino-3-azapentane",4-Nitrobenzaldehyde,=,3.12,mM
99,"1,11-diamino-3,6,9-trioxaundecane",Hexanal,=,0.39,mM
99,"1,6-Hexanediamine",Hexanal,=,0.048,mM
99,"1,5-diamino-3-azapentane",Hexanal,=,0.78,mM
99,"1,5-diamino-3-azapentane",Vanillin,=,1.5,mM
99,"1,11-diamino-3,6,9-trioxaundecane",Octyl aldehyde,=,0.024,mM
99,"1,6-Hexanediamine",Octyl aldehyde,=,0.098,mM
99,"1,5-diamino-3-azapentane",Octyl aldehyde,=,0.39,mM
99,"1,5-diamino-3-azapentane",Nonyl aldehyde,=,0.098,mM
99,"N-bis-(2-amino-ethyl)-ethane-1,2-diamine",Trans-2-pentenal,=,6.25,mM
99,"2,2-bis(2-aminoethoxy)propane",Trans-2-pentenal,=,1.56,mM
99,(Z)-[bis(2-aminoethyl)amino]-hydroxyimino-oxidoazanium,Trans-2-pentenal,=,0.39,mM
99,"2,2'-diaminodiethyl ether",Trans-2-pentenal,=,3.12,mM
99,"1,11-diamino-3,6,9-trioxaundecane",Trans-2-pentenal,=,3.12,mM
99,"1,5-diaminopentane",Trans-2-pentenal,=,1.56,mM
99,"1,8-diaminooctan",Trans-2-pentenal,=,0.39,mM
99,"3,7-diazanonane-1,9-diamine",Trans-2-pentenal,=,6.25,mM
99,"(3-aminopropyl)-1,2-ethylenediamine",Trans-2-pentenal,=,6.25,mM
99,"1,6-Hexanediamine",Trans-2-pentenal,=,0.19,mM
99,"1,3-bis(aminomethyl)cyclohexane",Trans-2-pentenal,=,1.56,mM
99,1.9-diaminononane,Trans-2-pentenal,=,0.098,mM
99,"1,5-diamino-3-azapentane",Trans-2-pentenal,=,6.25,mM
99,Bis(3-aminopropyl)amine,Trans-2-pentenal,=,0.39,mM
99,"3,3'-Diamino-N-methyldipropylamine",Trans-2-pentenal,=,3.12,mM
99,"1,11-diamino-3,6,9-trioxaundecane",citronellal,=,0.0061,mM
99,"1,6-Hexanediamine",citronellal,=,0.048,mM
99,"1,11-diamino-3,6,9-trioxaundecane",2-Pyridinecarboxaldehyde,=,3.12,mM
99,"1,6-Hexanediamine",2-Pyridinecarboxaldehyde,=,3.12,mM
99,"1,6-Hexanediamine",(E)-hept-2-enal,=,0.048,mM
99,"1,5-diamino-3-azapentane",(E)-hept-2-enal,=,1.5,mM
99,"1,11-diamino-3,6,9-trioxaundecane","(2E,4E)-deca-2,4-dienal",=,0.049,mM
99,"1,6-Hexanediamine","(2E,4E)-deca-2,4-dienal",=,0.19,mM
99,"1,5-diamino-3-azapentane","(2E,4E)-deca-2,4-dienal",=,0.75,mM
99,"1,11-diamino-3,6,9-trioxaundecane",Cinnamaldehyde,=,0.19,mM
99,"1,6-Hexanediamine",Cinnamaldehyde,=,0.39,mM
99,"1,5-diamino-3-azapentane",Cinnamaldehyde,=,3,mM
99,"1,11-diamino-3,6,9-trioxaundecane",p-Bromo benzaldehyde,=,6.25,mM
99,"1,6-Hexanediamine",p-Bromo benzaldehyde,=,6.25,mM
99,"1,5-diamino-3-azapentane",p-Bromo benzaldehyde,=,3.12,mM
99,"1,11-diamino-3,6,9-trioxaundecane",(E)-non-2-enal,=,0.048,mM
99,"1,5-diamino-3-azapentane",(E)-non-2-enal,=,0.38,mM
99,"1,11-diamino-3,6,9-trioxaundecane","(2E)-nona-2,6-dienal",=,0.098,mM
99,"1,6-Hexanediamine","(2E)-nona-2,6-dienal",=,0.19,mM
99,"1,5-diamino-3-azapentane","(2E)-nona-2,6-dienal",=,0.19,mM
99,"1,11-diamino-3,6,9-trioxaundecane",Citral,=,0.098,mM
99,"1,6-Hexanediamine",Citral,=,0.19,mM
99,"1,11-diamino-3,6,9-trioxaundecane",(E)-hex-2-enal,=,0.19,mM
99,"1,6-Hexanediamine",(E)-hex-2-enal,=,0.39,mM
99,"1,5-diamino-3-azapentane",(E)-hex-2-enal,=,3,mM
99,"1,11-diamino-3,6,9-trioxaundecane",Formaldehyde,=,3.12,mM
99,"1,5-diamino-3-azapentane",Formaldehyde,=,12.5,mM
100,"N-bis-(2-amino-ethyl)-ethane-1,2-diamine",(E)-2-Octenal,=,0.196,mM
100,"2,2-bis(2-aminoethoxy)propane",(E)-2-Octenal,=,0.098,mM
100,(Z)-[bis(2-aminoethyl)amino]-hydroxyimino-oxidoazanium,(E)-2-Octenal,=,0.098,mM
100,"1,7-Diaminoheptane",(E)-2-Octenal,=,0.049,mM
100,"2,2'-diaminodiethyl ether",(E)-2-Octenal,=,0.098,mM
100,"1,11-diamino-3,6,9-trioxaundecane",(E)-2-Octenal,=,0.098,mM
100,"1,8-diaminooctan",(E)-2-Octenal,=,0.098,mM
100,p-Phenylenediamine,(E)-2-Octenal,>,12.5,mM
100,Polyethylenimine linear,(E)-2-Octenal,=,0.38,mM
100,"3,7-diazanonane-1,9-diamine",(E)-2-Octenal,=,0.196,mM
100,"(3-aminopropyl)-1,2-ethylenediamine",(E)-2-Octenal,=,0.39,mM
100,"1,6-Hexanediamine",(E)-2-Octenal,=,0.098,mM
100,"1,3-bis(aminomethyl)cyclohexane",(E)-2-Octenal,=,0.39,mM
100,1.9-diaminononane,(E)-2-Octenal,=,0.098,mM
100,"2,2'-(ethylenedioxy)bis(ethylamine)",(E)-2-Octenal,=,0.049,mM
100,"2,2',2''-triaminotriethylamine",(E)-2-Octenal,=,0.098,mM
100,"N'-(2-aminoethyl)-N'-methylethane-1,2-diamine",(E)-2-Octenal,=,0.049,mM
100,"1,5-diamino-3-azapentane",(E)-2-Octenal,=,0.38,mM
100,Bis(3-aminopropyl)amine,(E)-2-Octenal,=,0.75,mM
100,"3,3'-Diamino-N-methyldipropylamine",(E)-2-Octenal,=,0.098,mM
100,"1,11-diamino-3,6,9-trioxaundecane",1H-Imidazole-2-carboxaldehyde,=,0.39,mM
100,"1,6-Hexanediamine",1H-Imidazole-2-carboxaldehyde,=,3.12,mM
100,"1,5-diamino-3-azapentane",1H-Imidazole-2-carboxaldehyde,=,0.78,mM
100,"1,11-diamino-3,6,9-trioxaundecane",4-Ethynylbenzaldehyde,=,3.12,mM
100,"1,5-diamino-3-azapentane",4-Ethynylbenzaldehyde,>,12.5,mM
100,"1,11-diamino-3,6,9-trioxaundecane","3,4-Dihydroxybenzaldehyde",=,6.25,mM
100,"1,6-Hexanediamine","3,4-Dihydroxybenzaldehyde",=,6.25,mM
100,"1,11-diamino-3,6,9-trioxaundecane",(E)-Dec-2-enal,=,0.024,mM
100,"1,6-Hexanediamine",(E)-Dec-2-enal,=,0.098,mM
100,"1,5-diamino-3-azapentane",(E)-Dec-2-enal,=,1.5,mM
100,"N-bis-(2-amino-ethyl)-ethane-1,2-diamine","2,6-Dimethyl-5-heptenal",=,3.12,mM
100,"2,2-bis(2-aminoethoxy)propane","2,6-Dimethyl-5-heptenal",>,12.5,mM
100,(Z)-[bis(2-aminoethyl)amino]-hydroxyimino-oxidoazanium,"2,6-Dimethyl-5-heptenal",=,6.25,mM
100,"1,7-Diaminoheptane","2,6-Dimethyl-5-heptenal",=,3.12,mM
100,"2,2'-diaminodiethyl ether","2,6-Dimethyl-5-heptenal",>,12.5,mM
100,"1,11-diamino-3,6,9-trioxaundecane","2,6-Dimethyl-5-heptenal",=,12.5,mM
100,"1,5-diaminopentane","2,6-Dimethyl-5-heptenal",=,6.25,mM
100,"2,5-Bis(aminomethyl)furan","2,6-Dimethyl-5-heptenal",=,6.25,mM
100,"1,8-diaminooctan","2,6-Dimethyl-5-heptenal",=,1.56,mM
100,p-Phenylenediamine,"2,6-Dimethyl-5-heptenal",=,1.56,mM
100,"2,2',2''-triaminotriethylamine","2,6-Dimethyl-5-heptenal",=,3.12,mM
100,"N'-(2-aminoethyl)-N'-methylethane-1,2-diamine","2,6-Dimethyl-5-heptenal",>,12.5,mM
100,Spermidine,"2,6-Dimethyl-5-heptenal",=,6.25,mM
100,Bis(3-aminopropyl)amine,"2,6-Dimethyl-5-heptenal",=,3.12,mM
100,Spermine,"2,6-Dimethyl-5-heptenal",=,6.25,mM
100,"1,11-diamino-3,6,9-trioxaundecane",4-Nitrobenzaldehyde,=,1.56,mM
100,"1,6-Hexanediamine",4-Nitrobenzaldehyde,=,3.12,mM
100,"1,5-diamino-3-azapentane",4-Nitrobenzaldehyde,=,3.12,mM
100,"1,11-diamino-3,6,9-trioxaundecane",Hexanal,=,0.39,mM
100,"1,6-Hexanediamine",Hexanal,=,0.048,mM
100,"1,5-diamino-3-azapentane",Hexanal,=,0.78,mM
100,"1,11-diamino-3,6,9-trioxaundecane",Vanillin,=,12.5,mM
100,"1,5-diamino-3-azapentane",Vanillin,=,1.5,mM
100,"1,11-diamino-3,6,9-trioxaundecane",Octyl aldehyde,=,0.024,mM
100,"1,6-Hexanediamine",Octyl aldehyde,=,0.098,mM
100,"1,5-diamino-3-azapentane",Octyl aldehyde,=,0.39,mM
100,"1,6-Hexanediamine",Nonyl aldehyde,=,0.19,mM
100,"N-bis-(2-amino-ethyl)-ethane-1,2-diamine",Trans-2-pentenal,=,6.25,mM
100,"1,7-Diaminoheptane",Trans-2-pentenal,=,0.39,mM
100,"2,2'-diaminodiethyl ether",Trans-2-pentenal,=,3.12,mM
100,"1,11-diamino-3,6,9-trioxaundecane",Trans-2-pentenal,=,3.12,mM
100,"1,5-diaminopentane",Trans-2-pentenal,=,1.56,mM
100,"1,4-diaminobutane",Trans-2-pentenal,=,0.19,mM
100,"1,8-diaminooctan",Trans-2-pentenal,=,0.39,mM
100,p-Phenylenediamine,Trans-2-pentenal,>,12.5,mM
100,"3,7-diazanonane-1,9-diamine",Trans-2-pentenal,=,6.25,mM
100,"(3-aminopropyl)-1,2-ethylenediamine",Trans-2-pentenal,=,6.25,mM
100,"1,6-Hexanediamine",Trans-2-pentenal,=,0.19,mM
100,1.9-diaminononane,Trans-2-pentenal,=,0.098,mM
100,"2,2'-(ethylenedioxy)bis(ethylamine)",Trans-2-pentenal,=,3.12,mM
100,"N'-(2-aminoethyl)-N'-methylethane-1,2-diamine",Trans-2-pentenal,=,0.78,mM
100,"1,5-diamino-3-azapentane",Trans-2-pentenal,=,6.25,mM
100,Bis(3-aminopropyl)amine,Trans-2-pentenal,=,0.39,mM
100,"3,3'-Diamino-N-methyldipropylamine",Trans-2-pentenal,=,3.12,mM
100,"1,11-diamino-3,6,9-trioxaundecane",citronellal,=,0.0061,mM
100,"1,6-Hexanediamine",citronellal,=,0.048,mM
100,"1,5-diamino-3-azapentane",citronellal,=,1.56,mM
100,"1,6-Hexanediamine",2-Pyridinecarboxaldehyde,=,3.12,mM
100,"1,5-diamino-3-azapentane",2-Pyridinecarboxaldehyde,=,12.5,mM
100,"1,11-diamino-3,6,9-trioxaundecane",(E)-hept-2-enal,=,0.049,mM
100,"1,5-diamino-3-azapentane",(E)-hept-2-enal,=,1.5,mM
100,"1,11-diamino-3,6,9-trioxaundecane","(2E,4E)-deca-2,4-dienal",=,0.049,mM
100,"1,6-Hexanediamine","(2E,4E)-deca-2,4-dienal",=,0.19,mM
100,"1,5-diamino-3-azapentane","(2E,4E)-deca-2,4-dienal",=,0.75,mM
100,"1,11-diamino-3,6,9-trioxaundecane",Cinnamaldehyde,=,0.19,mM
100,"1,5-diamino-3-azapentane",Cinnamaldehyde,=,3,mM
100,"1,11-diamino-3,6,9-trioxaundecane",p-Bromo benzaldehyde,=,6.25,mM
100,"1,6-Hexanediamine",p-Bromo benzaldehyde,=,6.25,mM
100,"1,5-diamino-3-azapentane",p-Bromo benzaldehyde,=,3.12,mM
100,"1,11-diamino-3,6,9-trioxaundecane",(E)-non-2-enal,=,0.048,mM
100,"1,5-diamino-3-azapentane",(E)-non-2-enal,=,0.38,mM
100,"1,11-diamino-3,6,9-trioxaundecane","(2E)-nona-2,6-dienal",=,0.098,mM
100,"1,6-Hexanediamine","(2E)-nona-2,6-dienal",=,0.19,mM
100,"1,5-diamino-3-azapentane","(2E)-nona-2,6-dienal",=,0.19,mM
100,"1,11-diamino-3,6,9-trioxaundecane",Citral,=,0.098,mM
100,"1,6-Hexanediamine",Citral,=,0.19,mM
100,"1,11-diamino-3,6,9-trioxaundecane",(E)-hex-2-enal,=,0.19,mM
100,"1,5-diamino-3-azapentane",(E)-hex-2-enal,=,3,mM
100,"1,11-diamino-3,6,9-trioxaundecane",Formaldehyde,=,3.12,mM
100,"1,5-diamino-3-azapentane",Formaldehyde,=,12.5,mM
101,"2,2-bis(2-aminoethoxy)propane",(E)-2-Octenal,=,0.098,mM
101,"1,7-Diaminoheptane",(E)-2-Octenal,=,0.049,mM
101,"2,2'-diaminodiethyl ether",(E)-2-Octenal,=,0.098,mM
101,"1,11-diamino-3,6,9-trioxaundecane",(E)-2-Octenal,=,0.098,mM
101,"1,5-diaminopentane",(E)-2-Octenal,=,0.098,mM
101,"1,4-diaminobutane",(E)-2-Octenal,=,0.098,mM
101,p-Phenylenediamine,(E)-2-Octenal,>,12.5,mM
101,"(3-aminopropyl)-1,2-ethylenediamine",(E)-2-Octenal,=,0.39,mM
101,"1,6-Hexanediamine",(E)-2-Octenal,=,0.098,mM
101,"1,3-bis(aminomethyl)cyclohexane",(E)-2-Octenal,=,0.39,mM
101,1.9-diaminononane,(E)-2-Octenal,=,0.098,mM
101,"2,2'-(ethylenedioxy)bis(ethylamine)",(E)-2-Octenal,=,0.049,mM
101,"2,2',2''-triaminotriethylamine",(E)-2-Octenal,=,0.098,mM
101,"N'-(2-aminoethyl)-N'-methylethane-1,2-diamine",(E)-2-Octenal,=,0.049,mM
101,"1,5-diamino-3-azapentane",(E)-2-Octenal,=,0.38,mM
101,Bis(3-aminopropyl)amine,(E)-2-Octenal,=,0.75,mM
101,"3,3'-Diamino-N-methyldipropylamine",(E)-2-Octenal,=,0.098,mM
101,Spermine,(E)-2-Octenal,=,0.75,mM
101,"1,11-diamino-3,6,9-trioxaundecane",1H-Imidazole-2-carboxaldehyde,=,0.39,mM
101,"1,6-Hexanediamine",1H-Imidazole-2-carboxaldehyde,=,3.12,mM
101,"1,5-diamino-3-azapentane",1H-Imidazole-2-carboxaldehyde,=,0.78,mM
101,"1,11-diamino-3,6,9-trioxaundecane",4-Ethynylbenzaldehyde,=,3.12,mM
101,"1,5-diamino-3-azapentane",4-Ethynylbenzaldehyde,>,12.5,mM
101,"1,6-Hexanediamine","3,4-Dihydroxybenzaldehyde",=,6.25,mM
101,"1,11-diamino-3,6,9-trioxaundecane",(E)-Dec-2-enal,=,0.024,mM
101,"1,6-Hexanediamine",(E)-Dec-2-enal,=,0.098,mM
101,"N-bis-(2-amino-ethyl)-ethane-1,2-diamine","2,6-Dimethyl-5-heptenal",=,3.12,mM
101,"2,2-bis(2-aminoethoxy)propane","2,6-Dimethyl-5-heptenal",>,12.5,mM
101,(Z)-[bis(2-aminoethyl)amino]-hydroxyimino-oxidoazanium,"2,6-Dimethyl-5-heptenal",=,6.25,mM
101,cystamine dihydrochloride,"2,6-Dimethyl-5-heptenal",=,6.25,mM
101,"1,7-Diaminoheptane","2,6-Dimethyl-5-heptenal",=,3.12,mM
101,"1,11-diamino-3,6,9-trioxaundecane","2,6-Dimethyl-5-heptenal",=,12.5,mM
101,"1,5-diaminopentane","2,6-Dimethyl-5-heptenal",=,6.25,mM
101,"1,4-diaminobutane","2,6-Dimethyl-5-heptenal",=,3.12,mM
101,"2,5-Bis(aminomethyl)furan","2,6-Dimethyl-5-heptenal",=,6.25,mM
101,"1,8-diaminooctan","2,6-Dimethyl-5-heptenal",=,1.56,mM
101,p-Phenylenediamine,"2,6-Dimethyl-5-heptenal",=,1.56,mM
101,"3,7-diazanonane-1,9-diamine","2,6-Dimethyl-5-heptenal",=,6.25,mM
101,"(3-aminopropyl)-1,2-ethylenediamine","2,6-Dimethyl-5-heptenal",=,12.5,mM
101,"1,3-di(aminomethyl)benzene","2,6-Dimethyl-5-heptenal",=,12.5,mM
101,"1,3-bis(aminomethyl)cyclohexane","2,6-Dimethyl-5-heptenal",=,12.5,mM
101,1.9-diaminononane,"2,6-Dimethyl-5-heptenal",=,1.56,mM
101,"2,2'-(ethylenedioxy)bis(ethylamine)","2,6-Dimethyl-5-heptenal",=,3.12,mM
101,"N'-(2-aminoethyl)-N'-methylethane-1,2-diamine","2,6-Dimethyl-5-heptenal",>,12.5,mM
101,Spermidine,"2,6-Dimethyl-5-heptenal",=,6.25,mM
101,"1,5-diamino-3-azapentane","2,6-Dimethyl-5-heptenal",=,6.25,mM
101,Bis(3-aminopropyl)amine,"2,6-Dimethyl-5-heptenal",=,3.12,mM
101,"3,3'-Diamino-N-methyldipropylamine","2,6-Dimethyl-5-heptenal",=,12.5,mM
101,Spermine,"2,6-Dimethyl-5-heptenal",=,6.25,mM
101,"1,6-Hexanediamine",4-Nitrobenzaldehyde,=,3.12,mM
101,"1,5-diamino-3-azapentane",4-Nitrobenzaldehyde,=,3.12,mM
101,"1,11-diamino-3,6,9-trioxaundecane",Hexanal,=,0.39,mM
101,"1,5-diamino-3-azapentane",Hexanal,=,0.78,mM
101,"1,11-diamino-3,6,9-trioxaundecane",Vanillin,=,12.5,mM
101,"1,6-Hexanediamine",Vanillin,=,6.25,mM
101,"1,5-diamino-3-azapentane",Vanillin,=,1.5,mM
101,"1,11-diamino-3,6,9-trioxaundecane",Octyl aldehyde,=,0.024,mM
101,"1,6-Hexanediamine",Octyl aldehyde,=,0.098,mM
101,"1,5-diamino-3-azapentane",Octyl aldehyde,=,0.39,mM
101,"1,6-Hexanediamine",Nonyl aldehyde,=,0.19,mM
101,"N-bis-(2-amino-ethyl)-ethane-1,2-diamine",Trans-2-pentenal,=,6.25,mM
101,"2,2-bis(2-aminoethoxy)propane",Trans-2-pentenal,=,1.56,mM
101,(Z)-[bis(2-aminoethyl)amino]-hydroxyimino-oxidoazanium,Trans-2-pentenal,=,0.39,mM
101,"2,2'-diaminodiethyl ether",Trans-2-pentenal,=,3.12,mM
101,"1,11-diamino-3,6,9-trioxaundecane",Trans-2-pentenal,=,3.12,mM
101,"1,5-diaminopentane",Trans-2-pentenal,=,1.56,mM
101,"1,4-diaminobutane",Trans-2-pentenal,=,0.19,mM
101,p-Phenylenediamine,Trans-2-pentenal,>,12.5,mM
101,"(3-aminopropyl)-1,2-ethylenediamine",Trans-2-pentenal,=,6.25,mM
101,"1,6-Hexanediamine",Trans-2-pentenal,=,0.19,mM
101,1.9-diaminononane,Trans-2-pentenal,=,0.098,mM
101,"2,2'-(ethylenedioxy)bis(ethylamine)",Trans-2-pentenal,=,3.12,mM
101,"N'-(2-aminoethyl)-N'-methylethane-1,2-diamine",Trans-2-pentenal,=,0.78,mM
101,"1,5-diamino-3-azapentane",Trans-2-pentenal,=,6.25,mM
101,Bis(3-aminopropyl)amine,Trans-2-pentenal,=,0.39,mM
101,"3,3'-Diamino-N-methyldipropylamine",Trans-2-pentenal,=,3.12,mM
101,"1,11-diamino-3,6,9-trioxaundecane",citronellal,=,0.0061,mM
101,"1,5-diamino-3-azapentane",citronellal,=,1.56,mM
101,"1,11-diamino-3,6,9-trioxaundecane",2-Pyridinecarboxaldehyde,=,3.12,mM
101,"1,6-Hexanediamine",2-Pyridinecarboxaldehyde,=,3.12,mM
101,"1,5-diamino-3-azapentane",2-Pyridinecarboxaldehyde,=,12.5,mM
101,"1,11-diamino-3,6,9-trioxaundecane",(E)-hept-2-enal,=,0.049,mM
101,"1,6-Hexanediamine",(E)-hept-2-enal,=,0.048,mM
101,"1,11-diamino-3,6,9-trioxaundecane","(2E,4E)-deca-2,4-dienal",=,0.049,mM
101,"1,6-Hexanediamine","(2E,4E)-deca-2,4-dienal",=,0.19,mM
101,"1,5-diamino-3-azapentane","(2E,4E)-deca-2,4-dienal",=,0.75,mM
101,"1,11-diamino-3,6,9-trioxaundecane",Cinnamaldehyde,=,0.19,mM
101,"1,6-Hexanediamine",Cinnamaldehyde,=,0.39,mM
101,"1,5-diamino-3-azapentane",Cinnamaldehyde,=,3,mM
101,"1,11-diamino-3,6,9-trioxaundecane",p-Bromo benzaldehyde,=,6.25,mM
101,"1,6-Hexanediamine",p-Bromo benzaldehyde,=,6.25,mM
101,"1,11-diamino-3,6,9-trioxaundecane",(E)-non-2-enal,=,0.048,mM
101,"1,6-Hexanediamine",(E)-non-2-enal,=,0.098,mM
101,"1,5-diamino-3-azapentane",(E)-non-2-enal,=,0.38,mM
101,"1,5-diamino-3-azapentane","(2E)-nona-2,6-dienal",=,0.19,mM
101,"1,6-Hexanediamine",Citral,=,0.19,mM
101,"1,5-diamino-3-azapentane",Citral,=,0.19,mM
101,"1,6-Hexanediamine",(E)-hex-2-enal,=,0.39,mM
101,"1,11-diamino-3,6,9-trioxaundecane",Formaldehyde,=,3.12,mM
101,"1,5-diamino-3-azapentane",Formaldehyde,=,12.5,mM
102,"N-bis-(2-amino-ethyl)-ethane-1,2-diamine",(E)-2-Octenal,=,0.196,mM
102,"2,2-bis(2-aminoethoxy)propane",(E)-2-Octenal,=,0.098,mM
102,(Z)-[bis(2-aminoethyl)amino]-hydroxyimino-oxidoazanium,(E)-2-Octenal,=,0.098,mM
102,"2,2'-diaminodiethyl ether",(E)-2-Octenal,=,0.098,mM
102,"1,5-diaminopentane",(E)-2-Octenal,=,0.098,mM
102,"1,4-diaminobutane",(E)-2-Octenal,=,0.098,mM
102,"1,8-diaminooctan",(E)-2-Octenal,=,0.098,mM
102,p-Phenylenediamine,(E)-2-Octenal,>,12.5,mM
102,"(3-aminopropyl)-1,2-ethylenediamine",(E)-2-Octenal,=,0.39,mM
102,"1,6-Hexanediamine",(E)-2-Octenal,=,0.098,mM
102,1.9-diaminononane,(E)-2-Octenal,=,0.098,mM
102,"2,2'-(ethylenedioxy)bis(ethylamine)",(E)-2-Octenal,=,0.049,mM
102,"2,2',2''-triaminotriethylamine",(E)-2-Octenal,=,0.098,mM
102,"1,5-diamino-3-azapentane",(E)-2-Octenal,=,0.38,mM
102,Bis(3-aminopropyl)amine,(E)-2-Octenal,=,0.75,mM
102,"3,3'-Diamino-N-methyldipropylamine",(E)-2-Octenal,=,0.098,mM
102,Spermine,(E)-2-Octenal,=,0.75,mM
102,"1,11-diamino-3,6,9-trioxaundecane",1H-Imidazole-2-carboxaldehyde,=,0.39,mM
102,"1,5-diamino-3-azapentane",1H-Imidazole-2-carboxaldehyde,=,0.78,mM
102,"1,11-diamino-3,6,9-trioxaundecane",4-Ethynylbenzaldehyde,=,3.12,mM
102,"1,11-diamino-3,6,9-trioxaundecane","3,4-Dihydroxybenzaldehyde",=,6.25,mM
102,"1,6-Hexanediamine","3,4-Dihydroxybenzaldehyde",=,6.25,mM
102,"1,11-diamino-3,6,9-trioxaundecane",(E)-Dec-2-enal,=,0.024,mM
102,"1,6-Hexanediamine",(E)-Dec-2-enal,=,0.098,mM
102,"1,5-diamino-3-azapentane",(E)-Dec-2-enal,=,1.5,mM
102,"2,2-bis(2-aminoethoxy)propane","2,6-Dimethyl-5-heptenal",>,12.5,mM
102,(Z)-[bis(2-aminoethyl)amino]-hydroxyimino-oxidoazanium,"2,6-Dimethyl-5-heptenal",=,6.25,mM
102,"1,7-Diaminoheptane","2,6-Dimethyl-5-heptenal",=,3.12,mM
102,"1,11-diamino-3,6,9-trioxaundecane","2,6-Dimethyl-5-heptenal",=,12.5,mM
102,"1,5-diaminopentane","2,6-Dimethyl-5-heptenal",=,6.25,mM
102,"1,4-diaminobutane","2,6-Dimethyl-5-heptenal",=,3.12,mM
102,"2,5-Bis(aminomethyl)furan","2,6-Dimethyl-5-heptenal",=,6.25,mM
102,"1,8-diaminooctan","2,6-Dimethyl-5-heptenal",=,1.56,mM
102,p-Phenylenediamine,"2,6-Dimethyl-5-heptenal",=,1.56,mM
102,"3,7-diazanonane-1,9-diamine","2,6-Dimethyl-5-heptenal",=,6.25,mM
102,"(3-aminopropyl)-1,2-ethylenediamine","2,6-Dimethyl-5-heptenal",=,12.5,mM
102,"1,3-di(aminomethyl)benzene","2,6-Dimethyl-5-heptenal",=,12.5,mM
102,"1,3-bis(aminomethyl)cyclohexane","2,6-Dimethyl-5-heptenal",=,12.5,mM
102,1.9-diaminononane,"2,6-Dimethyl-5-heptenal",=,1.56,mM
102,"2,2',2''-triaminotriethylamine","2,6-Dimethyl-5-heptenal",=,3.12,mM
102,"1,5-diamino-3-azapentane","2,6-Dimethyl-5-heptenal",=,6.25,mM
102,Bis(3-aminopropyl)amine,"2,6-Dimethyl-5-heptenal",=,3.12,mM
102,"3,3'-Diamino-N-methyldipropylamine","2,6-Dimethyl-5-heptenal",=,12.5,mM
102,Spermine,"2,6-Dimethyl-5-heptenal",=,6.25,mM
102,"1,11-diamino-3,6,9-trioxaundecane",4-Nitrobenzaldehyde,=,1.56,mM
102,"1,6-Hexanediamine",4-Nitrobenzaldehyde,=,3.12,mM
102,"1,5-diamino-3-azapentane",4-Nitrobenzaldehyde,=,3.12,mM
102,"1,11-diamino-3,6,9-trioxaundecane",Hexanal,=,0.39,mM
102,"1,6-Hexanediamine",Hexanal,=,0.048,mM
102,"1,11-diamino-3,6,9-trioxaundecane",Vanillin,=,12.5,mM
102,"1,6-Hexanediamine",Vanillin,=,6.25,mM
102,"1,11-diamino-3,6,9-trioxaundecane",Octyl aldehyde,=,0.024,mM
102,"1,5-diamino-3-azapentane",Octyl aldehyde,=,0.39,mM
102,"1,6-Hexanediamine",Nonyl aldehyde,=,0.19,mM
102,"1,5-diamino-3-azapentane",Nonyl aldehyde,=,0.098,mM
102,"N-bis-(2-amino-ethyl)-ethane-1,2-diamine",Trans-2-pentenal,=,6.25,mM
102,"2,2-bis(2-aminoethoxy)propane",Trans-2-pentenal,=,1.56,mM
102,(Z)-[bis(2-aminoethyl)amino]-hydroxyimino-oxidoazanium,Trans-2-pentenal,=,0.39,mM
102,"1,7-Diaminoheptane",Trans-2-pentenal,=,0.39,mM
102,"2,2'-diaminodiethyl ether",Trans-2-pentenal,=,3.12,mM
102,"1,11-diamino-3,6,9-trioxaundecane",Trans-2-pentenal,=,3.12,mM
102,"1,4-diaminobutane",Trans-2-pentenal,=,0.19,mM
102,p-Phenylenediamine,Trans-2-pentenal,>,12.5,mM
102,"(3-aminopropyl)-1,2-ethylenediamine",Trans-2-pentenal,=,6.25,mM
102,"1,6-Hexanediamine",Trans-2-pentenal,=,0.19,mM
102,"1,3-bis(aminomethyl)cyclohexane",Trans-2-pentenal,=,1.56,mM
102,1.9-diaminononane,Trans-2-pentenal,=,0.098,mM
102,"2,2'-(ethylenedioxy)bis(ethylamine)",Trans-2-pentenal,=,3.12,mM
102,"N'-(2-aminoethyl)-N'-methylethane-1,2-diamine",Trans-2-pentenal,=,0.78,mM
102,"1,5-diamino-3-azapentane",Trans-2-pentenal,=,6.25,mM
102,Bis(3-aminopropyl)amine,Trans-2-pentenal,=,0.39,mM
102,"3,3'-Diamino-N-methyldipropylamine",Trans-2-pentenal,=,3.12,mM
102,"1,11-diamino-3,6,9-trioxaundecane",citronellal,=,0.0061,mM
102,"1,6-Hexanediamine",citronellal,=,0.048,mM
102,"1,5-diamino-3-azapentane",citronellal,=,1.56,mM
102,"1,11-diamino-3,6,9-trioxaundecane",2-Pyridinecarboxaldehyde,=,3.12,mM
102,"1,6-Hexanediamine",2-Pyridinecarboxaldehyde,=,3.12,mM
102,"1,5-diamino-3-azapentane",2-Pyridinecarboxaldehyde,=,12.5,mM
102,"1,11-diamino-3,6,9-trioxaundecane",(E)-hept-2-enal,=,0.049,mM
102,"1,6-Hexanediamine",(E)-hept-2-enal,=,0.048,mM
102,"1,5-diamino-3-azapentane",(E)-hept-2-enal,=,1.5,mM
102,"1,11-diamino-3,6,9-trioxaundecane","(2E,4E)-deca-2,4-dienal",=,0.049,mM
102,"1,5-diamino-3-azapentane","(2E,4E)-deca-2,4-dienal",=,0.75,mM
102,"1,6-Hexanediamine",Cinnamaldehyde,=,0.39,mM
102,"1,5-diamino-3-azapentane",Cinnamaldehyde,=,3,mM
102,"1,11-diamino-3,6,9-trioxaundecane",p-Bromo benzaldehyde,=,6.25,mM
102,"1,6-Hexanediamine",p-Bromo benzaldehyde,=,6.25,mM
102,"1,5-diamino-3-azapentane",p-Bromo benzaldehyde,=,3.12,mM
102,"1,11-diamino-3,6,9-trioxaundecane",(E)-non-2-enal,=,0.048,mM
102,"1,6-Hexanediamine",(E)-non-2-enal,=,0.098,mM
102,"1,5-diamino-3-azapentane",(E)-non-2-enal,=,0.38,mM
102,"1,11-diamino-3,6,9-trioxaundecane","(2E)-nona-2,6-dienal",=,0.098,mM
102,"1,6-Hexanediamine","(2E)-nona-2,6-dienal",=,0.19,mM
102,"1,5-diamino-3-azapentane","(2E)-nona-2,6-dienal",=,0.19,mM
102,"1,11-diamino-3,6,9-trioxaundecane",Citral,=,0.098,mM
102,"1,6-Hexanediamine",Citral,=,0.19,mM
102,"1,5-diamino-3-azapentane",Citral,=,0.19,mM
102,"1,5-diamino-3-azapentane",(E)-hex-2-enal,=,3,mM
102,"1,11-diamino-3,6,9-trioxaundecane",Formaldehyde,=,3.12,mM
102,"1,5-diamino-3-azapentane",Formaldehyde,=,12.5,mM
103,"2,2-bis(2-aminoethoxy)propane",(E)-2-Octenal,=,0.098,mM
103,"1,7-Diaminoheptane",(E)-2-Octenal,=,0.049,mM
103,"1,11-diamino-3,6,9-trioxaundecane",(E)-2-Octenal,=,0.098,mM
103,"1,4-diaminobutane",(E)-2-Octenal,=,0.098,mM
103,p-Phenylenediamine,(E)-2-Octenal,>,12.5,mM
103,Polyethylenimine linear,(E)-2-Octenal,=,0.38,mM
103,"3,7-diazanonane-1,9-diamine",(E)-2-Octenal,=,0.196,mM
103,"(3-aminopropyl)-1,2-ethylenediamine",(E)-2-Octenal,=,0.39,mM
103,"1,6-Hexanediamine",(E)-2-Octenal,=,0.098,mM
103,1.9-diaminononane,(E)-2-Octenal,=,0.098,mM
103,"2,2'-(ethylenedioxy)bis(ethylamine)",(E)-2-Octenal,=,0.049,mM
103,"2,2',2''-triaminotriethylamine",(E)-2-Octenal,=,0.098,mM
103,"N'-(2-aminoethyl)-N'-methylethane-1,2-diamine",(E)-2-Octenal,=,0.049,mM
103,"1,5-diamino-3-azapentane",(E)-2-Octenal,=,0.38,mM
103,Bis(3-aminopropyl)amine,(E)-2-Octenal,=,0.75,mM
103,"3,3'-Diamino-N-methyldipropylamine",(E)-2-Octenal,=,0.098,mM
103,"1,5-diamino-3-azapentane",1H-Imidazole-2-carboxaldehyde,=,0.78,mM
103,"1,11-diamino-3,6,9-trioxaundecane",4-Ethynylbenzaldehyde,=,3.12,mM
103,"1,5-diamino-3-azapentane",4-Ethynylbenzaldehyde,>,12.5,mM
103,"1,11-diamino-3,6,9-trioxaundecane","3,4-Dihydroxybenzaldehyde",=,6.25,mM
103,"1,6-Hexanediamine","3,4-Dihydroxybenzaldehyde",=,6.25,mM
103,"1,11-diamino-3,6,9-trioxaundecane",(E)-Dec-2-enal,=,0.024,mM
103,"1,6-Hexanediamine",(E)-Dec-2-enal,=,0.098,mM
103,"2,2-bis(2-aminoethoxy)propane","2,6-Dimethyl-5-heptenal",>,12.5,mM
103,(Z)-[bis(2-aminoethyl)amino]-hydroxyimino-oxidoazanium,"2,6-Dimethyl-5-heptenal",=,6.25,mM
103,cystamine dihydrochloride,"2,6-Dimethyl-5-heptenal",=,6.25,mM
103,"1,7-Diaminoheptane","2,6-Dimethyl-5-heptenal",=,3.12,mM
103,"2,2'-diaminodiethyl ether","2,6-Dimethyl-5-heptenal",>,12.5,mM
103,"1,11-diamino-3,6,9-trioxaundecane","2,6-Dimethyl-5-heptenal",=,12.5,mM
103,"1,4-diaminobutane","2,6-Dimethyl-5-heptenal",=,3.12,mM
103,"2,5-Bis(aminomethyl)furan","2,6-Dimethyl-5-heptenal",=,6.25,mM
103,p-Phenylenediamine,"2,6-Dimethyl-5-heptenal",=,1.56,mM
103,"(3-aminopropyl)-1,2-ethylenediamine","2,6-Dimethyl-5-heptenal",=,12.5,mM
103,"1,3-di(aminomethyl)benzene","2,6-Dimethyl-5-heptenal",=,12.5,mM
103,"1,3-bis(aminomethyl)cyclohexane","2,6-Dimethyl-5-heptenal",=,12.5,mM
103,1.9-diaminononane,"2,6-Dimethyl-5-heptenal",=,1.56,mM
103,"2,2'-(ethylenedioxy)bis(ethylamine)","2,6-Dimethyl-5-heptenal",=,3.12,mM
103,"2,2',2''-triaminotriethylamine","2,6-Dimethyl-5-heptenal",=,3.12,mM
103,"N'-(2-aminoethyl)-N'-methylethane-1,2-diamine","2,6-Dimethyl-5-heptenal",>,12.5,mM
103,Spermidine,"2,6-Dimethyl-5-heptenal",=,6.25,mM
103,"1,5-diamino-3-azapentane","2,6-Dimethyl-5-heptenal",=,6.25,mM
103,Bis(3-aminopropyl)amine,"2,6-Dimethyl-5-heptenal",=,3.12,mM
103,"3,3'-Diamino-N-methyldipropylamine","2,6-Dimethyl-5-heptenal",=,12.5,mM
103,Spermine,"2,6-Dimethyl-5-heptenal",=,6.25,mM
103,"1,11-diamino-3,6,9-trioxaundecane",4-Nitrobenzaldehyde,=,1.56,mM
103,"1,6-Hexanediamine",4-Nitrobenzaldehyde,=,3.12,mM
103,"1,5-diamino-3-azapentane",4-Nitrobenzaldehyde,=,3.12,mM
103,"1,11-diamino-3,6,9-trioxaundecane",Hexanal,=,0.39,mM
103,"1,6-Hexanediamine",Hexanal,=,0.048,mM
103,"1,5-diamino-3-azapentane",Hexanal,=,0.78,mM
103,"1,11-diamino-3,6,9-trioxaundecane",Vanillin,=,12.5,mM
103,"1,6-Hexanediamine",Vanillin,=,6.25,mM
103,"1,5-diamino-3-azapentane",Vanillin,=,1.5,mM
103,"1,11-diamino-3,6,9-trioxaundecane",Octyl aldehyde,=,0.024,mM
103,"1,6-Hexanediamine",Octyl aldehyde,=,0.098,mM
103,"1,5-diamino-3-azapentane",Octyl aldehyde,=,0.39,mM
103,"N-bis-(2-amino-ethyl)-ethane-1,2-diamine",Trans-2-pentenal,=,6.25,mM
103,"2,2-bis(2-aminoethoxy)propane",Trans-2-pentenal,=,1.56,mM
103,(Z)-[bis(2-aminoethyl)amino]-hydroxyimino-oxidoazanium,Trans-2-pentenal,=,0.39,mM
103,"1,7-Diaminoheptane",Trans-2-pentenal,=,0.39,mM
103,"2,2'-diaminodiethyl ether",Trans-2-pentenal,=,3.12,mM
103,"1,11-diamino-3,6,9-trioxaundecane",Trans-2-pentenal,=,3.12,mM
103,"1,5-diaminopentane",Trans-2-pentenal,=,1.56,mM
103,"1,4-diaminobutane",Trans-2-pentenal,=,0.19,mM
103,"1,8-diaminooctan",Trans-2-pentenal,=,0.39,mM
103,"(3-aminopropyl)-1,2-ethylenediamine",Trans-2-pentenal,=,6.25,mM
103,"1,6-Hexanediamine",Trans-2-pentenal,=,0.19,mM
103,"1,3-bis(aminomethyl)cyclohexane",Trans-2-pentenal,=,1.56,mM
103,1.9-diaminononane,Trans-2-pentenal,=,0.098,mM
103,"2,2'-(ethylenedioxy)bis(ethylamine)",Trans-2-pentenal,=,3.12,mM
103,"N'-(2-aminoethyl)-N'-methylethane-1,2-diamine",Trans-2-pentenal,=,0.78,mM
103,"1,5-diamino-3-azapentane",Trans-2-pentenal,=,6.25,mM
103,Bis(3-aminopropyl)amine,Trans-2-pentenal,=,0.39,mM
103,"1,11-diamino-3,6,9-trioxaundecane",citronellal,=,0.0061,mM
103,"1,6-Hexanediamine",citronellal,=,0.048,mM
103,"1,5-diamino-3-azapentane",citronellal,=,1.56,mM
103,"1,11-diamino-3,6,9-trioxaundecane",2-Pyridinecarboxaldehyde,=,3.12,mM
103,"1,6-Hexanediamine",2-Pyridinecarboxaldehyde,=,3.12,mM
103,"1,5-diamino-3-azapentane",2-Pyridinecarboxaldehyde,=,12.5,mM
103,"1,11-diamino-3,6,9-trioxaundecane",(E)-hept-2-enal,=,0.049,mM
103,"1,6-Hexanediamine",(E)-hept-2-enal,=,0.048,mM
103,"1,5-diamino-3-azapentane",(E)-hept-2-enal,=,1.5,mM
103,"1,5-diamino-3-azapentane","(2E,4E)-deca-2,4-dienal",=,0.75,mM
103,"1,11-diamino-3,6,9-trioxaundecane",Cinnamaldehyde,=,0.19,mM
103,"1,6-Hexanediamine",Cinnamaldehyde,=,0.39,mM
103,"1,5-diamino-3-azapentane",Cinnamaldehyde,=,3,mM
103,"1,11-diamino-3,6,9-trioxaundecane",p-Bromo benzaldehyde,=,6.25,mM
103,"1,6-Hexanediamine",p-Bromo benzaldehyde,=,6.25,mM
103,"1,5-diamino-3-azapentane",p-Bromo benzaldehyde,=,3.12,mM
103,"1,11-diamino-3,6,9-trioxaundecane",(E)-non-2-enal,=,0.048,mM
103,"1,6-Hexanediamine",(E)-non-2-enal,=,0.098,mM
103,"1,11-diamino-3,6,9-trioxaundecane","(2E)-nona-2,6-dienal",=,0.098,mM
103,"1,6-Hexanediamine","(2E)-nona-2,6-dienal",=,0.19,mM
103,"1,5-diamino-3-azapentane","(2E)-nona-2,6-dienal",=,0.19,mM
103,"1,11-diamino-3,6,9-trioxaundecane",Citral,=,0.098,mM
103,"1,5-diamino-3-azapentane",Citral,=,0.19,mM
103,"1,11-diamino-3,6,9-trioxaundecane",(E)-hex-2-enal,=,0.19,mM
103,"1,6-Hexanediamine",(E)-hex-2-enal,=,0.39,mM
103,"1,11-diamino-3,6,9-trioxaundecane",Formaldehyde,=,3.12,mM
103,"1,5-diamino-3-azapentane",Formaldehyde,=,12.5,mM
104,"N-bis-(2-amino-ethyl)-ethane-1,2-diamine",(E)-2-Octenal,=,0.196,mM
104,"2,2-bis(2-aminoethoxy)propane",(E)-2-Octenal,=,0.098,mM
104,"1,7-Diaminoheptane",(E)-2-Octenal,=,0.049,mM
104,"1,11-diamino-3,6,9-trioxaundecane",(E)-2-Octenal,=,0.098,mM
104,"1,8-diaminooctan",(E)-2-Octenal,=,0.098,mM
104,p-Phenylenediamine,(E)-2-Octenal,>,12.5,mM
104,Polyethylenimine linear,(E)-2-Octenal,=,0.38,mM
104,"3,7-diazanonane-1,9-diamine",(E)-2-Octenal,=,0.196,mM
104,"(3-aminopropyl)-1,2-ethylenediamine",(E)-2-Octenal,=,0.39,mM
104,"1,6-Hexanediamine",(E)-2-Octenal,=,0.098,mM
104,"1,3-bis(aminomethyl)cyclohexane",(E)-2-Octenal,=,0.39,mM
104,"2,2'-(ethylenedioxy)bis(ethylamine)",(E)-2-Octenal,=,0.049,mM
104,"2,2',2''-triaminotriethylamine",(E)-2-Octenal,=,0.098,mM
104,"N'-(2-aminoethyl)-N'-methylethane-1,2-diamine",(E)-2-Octenal,=,0.049,mM
104,"3,3'-Diamino-N-methyldipropylamine",(E)-2-Octenal,=,0.098,mM
104,Spermine,(E)-2-Octenal,=,0.75,mM
104,"1,11-diamino-3,6,9-trioxaundecane",1H-Imidazole-2-carboxaldehyde,=,0.39,mM
104,"1,6-Hexanediamine",1H-Imidazole-2-carboxaldehyde,=,3.12,mM
104,"1,5-diamino-3-azapentane",1H-Imidazole-2-carboxaldehyde,=,0.78,mM
104,"1,11-diamino-3,6,9-trioxaundecane",4-Ethynylbenzaldehyde,=,3.12,mM
104,"1,5-diamino-3-azapentane",4-Ethynylbenzaldehyde,>,12.5,mM
104,"1,11-diamino-3,6,9-trioxaundecane","3,4-Dihydroxybenzaldehyde",=,6.25,mM
104,"1,6-Hexanediamine","3,4-Dihydroxybenzaldehyde",=,6.25,mM
104,"1,11-diamino-3,6,9-trioxaundecane",(E)-Dec-2-enal,=,0.024,mM
104,"1,6-Hexanediamine",(E)-Dec-2-enal,=,0.098,mM
104,"1,5-diamino-3-azapentane",(E)-Dec-2-enal,=,1.5,mM
104,"N-bis-(2-amino-ethyl)-ethane-1,2-diamine","2,6-Dimethyl-5-heptenal",=,3.12,mM
104,"2,2-bis(2-aminoethoxy)propane","2,6-Dimethyl-5-heptenal",>,12.5,mM
104,(Z)-[bis(2-aminoethyl)amino]-hydroxyimino-oxidoazanium,"2,6-Dimethyl-5-heptenal",=,6.25,mM
104,cystamine dihydrochloride,"2,6-Dimethyl-5-heptenal",=,6.25,mM
104,"1,7-Diaminoheptane","2,6-Dimethyl-5-heptenal",=,3.12,mM
104,"2,2'-diaminodiethyl ether","2,6-Dimethyl-5-heptenal",>,12.5,mM
104,"1,11-diamino-3,6,9-trioxaundecane","2,6-Dimethyl-5-heptenal",=,12.5,mM
104,"1,5-diaminopentane","2,6-Dimethyl-5-heptenal",=,6.25,mM
104,"2,5-Bis(aminomethyl)furan","2,6-Dimethyl-5-heptenal",=,6.25,mM
104,"1,8-diaminooctan","2,6-Dimethyl-5-heptenal",=,1.56,mM
104,p-Phenylenediamine,"2,6-Dimethyl-5-heptenal",=,1.56,mM
104,"1,3-di(aminomethyl)benzene","2,6-Dimethyl-5-heptenal",=,12.5,mM
104,"1,3-bis(aminomethyl)cyclohexane","2,6-Dimethyl-5-heptenal",=,12.5,mM
104,1.9-diaminononane,"2,6-Dimethyl-5-heptenal",=,1.56,mM
104,"2,2'-(ethylenedioxy)bis(ethylamine)","2,6-Dimethyl-5-heptenal",=,3.12,mM
104,"2,2',2''-triaminotriethylamine","2,6-Dimethyl-5-heptenal",=,3.12,mM
104,"N'-(2-aminoethyl)-N'-methylethane-1,2-diamine","2,6-Dimethyl-5-heptenal",>,12.5,mM
104,Spermidine,"2,6-Dimethyl-5-heptenal",=,6.25,mM
104,"1,5-diamino-3-azapentane","2,6-Dimethyl-5-heptenal",=,6.25,mM
104,Bis(3-aminopropyl)amine,"2,6-Dimethyl-5-heptenal",=,3.12,mM
104,"3,3'-Diamino-N-methyldipropylamine","2,6-Dimethyl-5-heptenal",=,12.5,mM
104,Spermine,"2,6-Dimethyl-5-heptenal",=,6.25,mM
104,"1,6-Hexanediamine",4-Nitrobenzaldehyde,=,3.12,mM
104,"1,5-diamino-3-azapentane",4-Nitrobenzaldehyde,=,3.12,mM
104,"1,11-diamino-3,6,9-trioxaundecane",Hexanal,=,0.39,mM
104,"1,6-Hexanediamine",Hexanal,=,0.048,mM
104,"1,5-diamino-3-azapentane",Hexanal,=,0.78,mM
104,"1,11-diamino-3,6,9-trioxaundecane",Vanillin,=,12.5,mM
104,"1,6-Hexanediamine",Vanillin,=,6.25,mM
104,"1,5-diamino-3-azapentane",Vanillin,=,1.5,mM
104,"1,11-diamino-3,6,9-trioxaundecane",Octyl aldehyde,=,0.024,mM
104,"1,6-Hexanediamine",Octyl aldehyde,=,0.098,mM
104,"1,5-diamino-3-azapentane",Octyl aldehyde,=,0.39,mM
104,"1,6-Hexanediamine",Nonyl aldehyde,=,0.19,mM
104,"N-bis-(2-amino-ethyl)-ethane-1,2-diamine",Trans-2-pentenal,=,6.25,mM
104,"2,2-bis(2-aminoethoxy)propane",Trans-2-pentenal,=,1.56,mM
104,"2,2'-diaminodiethyl ether",Trans-2-pentenal,=,3.12,mM
104,"1,11-diamino-3,6,9-trioxaundecane",Trans-2-pentenal,=,3.12,mM
104,"1,5-diaminopentane",Trans-2-pentenal,=,1.56,mM
104,"1,8-diaminooctan",Trans-2-pentenal,=,0.39,mM
104,p-Phenylenediamine,Trans-2-pentenal,>,12.5,mM
104,"3,7-diazanonane-1,9-diamine",Trans-2-pentenal,=,6.25,mM
104,"(3-aminopropyl)-1,2-ethylenediamine",Trans-2-pentenal,=,6.25,mM
104,"1,6-Hexanediamine",Trans-2-pentenal,=,0.19,mM
104,1.9-diaminononane,Trans-2-pentenal,=,0.098,mM
104,"2,2'-(ethylenedioxy)bis(ethylamine)",Trans-2-pentenal,=,3.12,mM
104,"1,5-diamino-3-azapentane",Trans-2-pentenal,=,6.25,mM
104,Bis(3-aminopropyl)amine,Trans-2-pentenal,=,0.39,mM
104,"3,3'-Diamino-N-methyldipropylamine",Trans-2-pentenal,=,3.12,mM
104,"1,11-diamino-3,6,9-trioxaundecane",citronellal,=,0.0061,mM
104,"1,6-Hexanediamine",citronellal,=,0.048,mM
104,"1,5-diamino-3-azapentane",citronellal,=,1.56,mM
104,"1,11-diamino-3,6,9-trioxaundecane",2-Pyridinecarboxaldehyde,=,3.12,mM
104,"1,5-diamino-3-azapentane",2-Pyridinecarboxaldehyde,=,12.5,mM
104,"1,11-diamino-3,6,9-trioxaundecane",(E)-hept-2-enal,=,0.049,mM
104,"1,5-diamino-3-azapentane",(E)-hept-2-enal,=,1.5,mM
104,"1,11-diamino-3,6,9-trioxaundecane","(2E,4E)-deca-2,4-dienal",=,0.049,mM
104,"1,5-diamino-3-azapentane","(2E,4E)-deca-2,4-dienal",=,0.75,mM
104,"1,11-diamino-3,6,9-trioxaundecane",Cinnamaldehyde,=,0.19,mM
104,"1,6-Hexanediamine",Cinnamaldehyde,=,0.39,mM
104,"1,5-diamino-3-azapentane",Cinnamaldehyde,=,3,mM
104,"1,6-Hexanediamine",p-Bromo benzaldehyde,=,6.25,mM
104,"1,11-diamino-3,6,9-trioxaundecane",(E)-non-2-enal,=,0.048,mM
104,"1,5-diamino-3-azapentane",(E)-non-2-enal,=,0.38,mM
104,"1,11-diamino-3,6,9-trioxaundecane","(2E)-nona-2,6-dienal",=,0.098,mM
104,"1,6-Hexanediamine","(2E)-nona-2,6-dienal",=,0.19,mM
104,"1,5-diamino-3-azapentane","(2E)-nona-2,6-dienal",=,0.19,mM
104,"1,6-Hexanediamine",Citral,=,0.19,mM
104,"1,5-diamino-3-azapentane",Citral,=,0.19,mM
104,"1,11-diamino-3,6,9-trioxaundecane",(E)-hex-2-enal,=,0.19,mM
104,"1,6-Hexanediamine",(E)-hex-2-enal,=,0.39,mM
104,"1,5-diamino-3-azapentane",(E)-hex-2-enal,=,3,mM
104,"1,11-diamino-3,6,9-trioxaundecane",Formaldehyde,=,3.12,mM
104,"1,5-diamino-3-azapentane",Formaldehyde,=,12.5,mM
105,"N-bis-(2-amino-ethyl)-ethane-1,2-diamine",(E)-2-Octenal,=,0.196,mM
105,"2,2-bis(2-aminoethoxy)propane",(E)-2-Octenal,=,0.098,mM
105,(Z)-[bis(2-aminoethyl)amino]-hydroxyimino-oxidoazanium,(E)-2-Octenal,=,0.098,mM
105,"1,7-Diaminoheptane",(E)-2-Octenal,=,0.049,mM
105,"1,11-diamino-3,6,9-trioxaundecane",(E)-2-Octenal,=,0.098,mM
105,"1,5-diaminopentane",(E)-2-Octenal,=,0.098,mM
105,"1,4-diaminobutane",(E)-2-Octenal,=,0.098,mM
105,"1,8-diaminooctan",(E)-2-Octenal,=,0.098,mM
105,p-Phenylenediamine,(E)-2-Octenal,>,12.5,mM
105,Polyethylenimine linear,(E)-2-Octenal,=,0.38,mM
105,"3,7-diazanonane-1,9-diamine",(E)-2-Octenal,=,0.196,mM
105,"1,3-bis(aminomethyl)cyclohexane",(E)-2-Octenal,=,0.39,mM
105,1.9-diaminononane,(E)-2-Octenal,=,0.098,mM
105,"2,2',2''-triaminotriethylamine",(E)-2-Octenal,=,0.098,mM
105,"N'-(2-aminoethyl)-N'-methylethane-1,2-diamine",(E)-2-Octenal,=,0.049,mM
105,Bis(3-aminopropyl)amine,(E)-2-Octenal,=,0.75,mM
105,"3,3'-Diamino-N-methyldipropylamine",(E)-2-Octenal,=,0.098,mM
105,Spermine,(E)-2-Octenal,=,0.75,mM
105,"1,11-diamino-3,6,9-trioxaundecane",1H-Imidazole-2-carboxaldehyde,=,0.39,mM
105,"1,6-Hexanediamine",1H-Imidazole-2-carboxaldehyde,=,3.12,mM
105,"1,5-diamino-3-azapentane",1H-Imidazole-2-carboxaldehyde,=,0.78,mM
105,"1,11-diamino-3,6,9-trioxaundecane",4-Ethynylbenzaldehyde,=,3.12,mM
105,"1,5-diamino-3-azapentane",4-Ethynylbenzaldehyde,>,12.5,mM
105,"1,11-diamino-3,6,9-trioxaundecane","3,4-Dihydroxybenzaldehyde",=,6.25,mM
105,"1,6-Hexanediamine","3,4-Dihydroxybenzaldehyde",=,6.25,mM
105,"1,11-diamino-3,6,9-trioxaundecane",(E)-Dec-2-enal,=,0.024,mM
105,"1,6-Hexanediamine",(E)-Dec-2-enal,=,0.098,mM
105,"2,2-bis(2-aminoethoxy)propane","2,6-Dimethyl-5-heptenal",>,12.5,mM
105,(Z)-[bis(2-aminoethyl)amino]-hydroxyimino-oxidoazanium,"2,6-Dimethyl-5-heptenal",=,6.25,mM
105,cystamine dihydrochloride,"2,6-Dimethyl-5-heptenal",=,6.25,mM
105,"1,7-Diaminoheptane","2,6-Dimethyl-5-heptenal",=,3.12,mM
105,"2,2'-diaminodiethyl ether","2,6-Dimethyl-5-heptenal",>,12.5,mM
105,"1,5-diaminopentane","2,6-Dimethyl-5-heptenal",=,6.25,mM
105,"1,4-diaminobutane","2,6-Dimethyl-5-heptenal",=,3.12,mM
105,"2,5-Bis(aminomethyl)furan","2,6-Dimethyl-5-heptenal",=,6.25,mM
105,"1,8-diaminooctan","2,6-Dimethyl-5-heptenal",=,1.56,mM
105,"(3-aminopropyl)-1,2-ethylenediamine","2,6-Dimethyl-5-heptenal",=,12.5,mM
105,"1,6-Hexanediamine","2,6-Dimethyl-5-heptenal",=,6.25,mM
105,"1,3-di(aminomethyl)benzene","2,6-Dimethyl-5-heptenal",=,12.5,mM
105,1.9-diaminononane,"2,6-Dimethyl-5-heptenal",=,1.56,mM
105,"2,2',2''-triaminotriethylamine","2,6-Dimethyl-5-heptenal",=,3.12,mM
105,Spermidine,"2,6-Dimethyl-5-heptenal",=,6.25,mM
105,"1,5-diamino-3-azapentane","2,6-Dimethyl-5-heptenal",=,6.25,mM
105,Bis(3-aminopropyl)amine,"2,6-Dimethyl-5-heptenal",=,3.12,mM
105,"3,3'-Diamino-N-methyldipropylamine","2,6-Dimethyl-5-heptenal",=,12.5,mM
105,Spermine,"2,6-Dimethyl-5-heptenal",=,6.25,mM
105,"1,11-diamino-3,6,9-trioxaundecane",4-Nitrobenzaldehyde,=,1.56,mM
105,"1,6-Hexanediamine",4-Nitrobenzaldehyde,=,3.12,mM
105,"1,5-diamino-3-azapentane",4-Nitrobenzaldehyde,=,3.12,mM
105,"1,11-diamino-3,6,9-trioxaundecane",Hexanal,=,0.39,mM
105,"1,6-Hexanediamine",Hexanal,=,0.048,mM
105,"1,11-diamino-3,6,9-trioxaundecane",Vanillin,=,12.5,mM
105,"1,6-Hexanediamine",Vanillin,=,6.25,mM
105,"1,11-diamino-3,6,9-trioxaundecane",Octyl aldehyde,=,0.024,mM
105,"1,6-Hexanediamine",Octyl aldehyde,=,0.098,mM
105,"1,5-diamino-3-azapentane",Octyl aldehyde,=,0.39,mM
105,"1,6-Hexanediamine",Nonyl aldehyde,=,0.19,mM
105,"N-bis-(2-amino-ethyl)-ethane-1,2-diamine",Trans-2-pentenal,=,6.25,mM
105,"2,2-bis(2-aminoethoxy)propane",Trans-2-pentenal,=,1.56,mM
105,(Z)-[bis(2-aminoethyl)amino]-hydroxyimino-oxidoazanium,Trans-2-pentenal,=,0.39,mM
105,"1,7-Diaminoheptane",Trans-2-pentenal,=,0.39,mM
105,"2,2'-diaminodiethyl ether",Trans-2-pentenal,=,3.12,mM
105,"1,11-diamino-3,6,9-trioxaundecane",Trans-2-pentenal,=,3.12,mM
105,"1,5-diaminopentane",Trans-2-pentenal,=,1.56,mM
105,"1,4-diaminobutane",Trans-2-pentenal,=,0.19,mM
105,"1,8-diaminooctan",Trans-2-pentenal,=,0.39,mM
105,p-Phenylenediamine,Trans-2-pentenal,>,12.5,mM
105,"3,7-diazanonane-1,9-diamine",Trans-2-pentenal,=,6.25,mM
105,"(3-aminopropyl)-1,2-ethylenediamine",Trans-2-pentenal,=,6.25,mM
105,"1,3-bis(aminomethyl)cyclohexane",Trans-2-pentenal,=,1.56,mM
105,"2,2'-(ethylenedioxy)bis(ethylamine)",Trans-2-pentenal,=,3.12,mM
105,"N'-(2-aminoethyl)-N'-methylethane-1,2-diamine",Trans-2-pentenal,=,0.78,mM
105,"1,5-diamino-3-azapentane",Trans-2-pentenal,=,6.25,mM
105,Bis(3-aminopropyl)amine,Trans-2-pentenal,=,0.39,mM
105,"1,11-diamino-3,6,9-trioxaundecane",citronellal,=,0.0061,mM
105,"1,5-diamino-3-azapentane",citronellal,=,1.56,mM
105,"1,11-diamino-3,6,9-trioxaundecane",2-Pyridinecarboxaldehyde,=,3.12,mM
105,"1,6-Hexanediamine",2-Pyridinecarboxaldehyde,=,3.12,mM
105,"1,5-diamino-3-azapentane",2-Pyridinecarboxaldehyde,=,12.5,mM
105,"1,11-diamino-3,6,9-trioxaundecane",(E)-hept-2-enal,=,0.049,mM
105,"1,6-Hexanediamine",(E)-hept-2-enal,=,0.048,mM
105,"1,11-diamino-3,6,9-trioxaundecane","(2E,4E)-deca-2,4-dienal",=,0.049,mM
105,"1,6-Hexanediamine","(2E,4E)-deca-2,4-dienal",=,0.19,mM
105,"1,5-diamino-3-azapentane","(2E,4E)-deca-2,4-dienal",=,0.75,mM
105,"1,11-diamino-3,6,9-trioxaundecane",Cinnamaldehyde,=,0.19,mM
105,"1,6-Hexanediamine",Cinnamaldehyde,=,0.39,mM
105,"1,5-diamino-3-azapentane",Cinnamaldehyde,=,3,mM
105,"1,6-Hexanediamine",p-Bromo benzaldehyde,=,6.25,mM
105,"1,11-diamino-3,6,9-trioxaundecane",(E)-non-2-enal,=,0.048,mM
105,"1,6-Hexanediamine",(E)-non-2-enal,=,0.098,mM
105,"1,5-diamino-3-azapentane",(E)-non-2-enal,=,0.38,mM
105,"1,11-diamino-3,6,9-trioxaundecane","(2E)-nona-2,6-dienal",=,0.098,mM
105,"1,6-Hexanediamine","(2E)-nona-2,6-dienal",=,0.19,mM
105,"1,6-Hexanediamine",Citral,=,0.19,mM
105,"1,5-diamino-3-azapentane",Citral,=,0.19,mM
105,"1,11-diamino-3,6,9-trioxaundecane",(E)-hex-2-enal,=,0.19,mM
105,"1,6-Hexanediamine",(E)-hex-2-enal,=,0.39,mM
105,"1,5-diamino-3-azapentane",(E)-hex-2-enal,=,3,mM
105,"1,11-diamino-3,6,9-trioxaundecane",Formaldehyde,=,3.12,mM
105,"1,5-diamino-3-azapentane",Formaldehyde,=,12.5,mM
106,"N-bis-(2-amino-ethyl)-ethane-1,2-diamine",(E)-2-Octenal,=,0.196,mM
106,"2,2-bis(2-aminoethoxy)propane",(E)-2-Octenal,=,0.098,mM
106,"1,7-Diaminoheptane",(E)-2-Octenal,=,0.049,mM
106,"2,2'-diaminodiethyl ether",(E)-2-Octenal,=,0.098,mM
106,"1,11-diamino-3,6,9-trioxaundecane",(E)-2-Octenal,=,0.098,mM
106,"1,5-diaminopentane",(E)-2-Octenal,=,0.098,mM
106,"1,4-diaminobutane",(E)-2-Octenal,=,0.098,mM
106,p-Phenylenediamine,(E)-2-Octenal,>,12.5,mM
106,Polyethylenimine linear,(E)-2-Octenal,=,0.38,mM
106,"3,7-diazanonane-1,9-diamine",(E)-2-Octenal,=,0.196,mM
106,"(3-aminopropyl)-1,2-ethylenediamine",(E)-2-Octenal,=,0.39,mM
106,"1,6-Hexanediamine",(E)-2-Octenal,=,0.098,mM
106,"1,3-bis(aminomethyl)cyclohexane",(E)-2-Octenal,=,0.39,mM
106,1.9-diaminononane,(E)-2-Octenal,=,0.098,mM
106,"2,2'-(ethylenedioxy)bis(ethylamine)",(E)-2-Octenal,=,0.049,mM
106,"2,2',2''-triaminotriethylamine",(E)-2-Octenal,=,0.098,mM
106,"N'-(2-aminoethyl)-N'-methylethane-1,2-diamine",(E)-2-Octenal,=,0.049,mM
106,"1,5-diamino-3-azapentane",(E)-2-Octenal,=,0.38,mM
106,Bis(3-aminopropyl)amine,(E)-2-Octenal,=,0.75,mM
106,"3,3'-Diamino-N-methyldipropylamine",(E)-2-Octenal,=,0.098,mM
106,Spermine,(E)-2-Octenal,=,0.75,mM
106,"1,6-Hexanediamine",1H-Imidazole-2-carboxaldehyde,=,3.12,mM
106,"1,5-diamino-3-azapentane",1H-Imidazole-2-carboxaldehyde,=,0.78,mM
106,"1,11-diamino-3,6,9-trioxaundecane",4-Ethynylbenzaldehyde,=,3.12,mM
106,"1,5-diamino-3-azapentane",4-Ethynylbenzaldehyde,>,12.5,mM
106,"1,11-diamino-3,6,9-trioxaundecane","3,4-Dihydroxybenzaldehyde",=,6.25,mM
106,"1,6-Hexanediamine","3,4-Dihydroxybenzaldehyde",=,6.25,mM
106,"1,11-diamino-3,6,9-trioxaundecane",(E)-Dec-2-enal,=,0.024,mM
106,"1,6-Hexanediamine",(E)-Dec-2-enal,=,0.098,mM
106,"N-bis-(2-amino-ethyl)-ethane-1,2-diamine","2,6-Dimethyl-5-heptenal",=,3.12,mM
106,"2,2-bis(2-aminoethoxy)propane","2,6-Dimethyl-5-heptenal",>,12.5,mM
106,cystamine dihydrochloride,"2,6-Dimethyl-5-heptenal",=,6.25,mM
106,"1,7-Diaminoheptane","2,6-Dimethyl-5-heptenal",=,3.12,mM
106,"2,2'-diaminodiethyl ether","2,6-Dimethyl-5-heptenal",>,12.5,mM
106,"1,11-diamino-3,6,9-trioxaundecane","2,6-Dimethyl-5-heptenal",=,12.5,mM
106,"1,5-diaminopentane","2,6-Dimethyl-5-heptenal",=,6.25,mM
106,"1,4-diaminobutane","2,6-Dimethyl-5-heptenal",=,3.12,mM
106,"2,5-Bis(aminomethyl)furan","2,6-Dimethyl-5-heptenal",=,6.25,mM
106,"1,8-diaminooctan","2,6-Dimethyl-5-heptenal",=,1.56,mM
106,"3,7-diazanonane-1,9-diamine","2,6-Dimethyl-5-heptenal",=,6.25,mM
106,"(3-aminopropyl)-1,2-ethylenediamine","2,6-Dimethyl-5-heptenal",=,12.5,mM
106,"1,3-di(aminomethyl)benzene","2,6-Dimethyl-5-heptenal",=,12.5,mM
106,1.9-diaminononane,"2,6-Dimethyl-5-heptenal",=,1.56,mM
106,"2,2'-(ethylenedioxy)bis(ethylamine)","2,6-Dimethyl-5-heptenal",=,3.12,mM
106,"2,2',2''-triaminotriethylamine","2,6-Dimethyl-5-heptenal",=,3.12,mM
106,"N'-(2-aminoethyl)-N'-methylethane-1,2-diamine","2,6-Dimethyl-5-heptenal",>,12.5,mM
106,Spermidine,"2,6-Dimethyl-5-heptenal",=,6.25,mM
106,"1,5-diamino-3-azapentane","2,6-Dimethyl-5-heptenal",=,6.25,mM
106,"3,3'-Diamino-N-methyldipropylamine","2,6-Dimethyl-5-heptenal",=,12.5,mM
106,Spermine,"2,6-Dimethyl-5-heptenal",=,6.25,mM
106,"1,11-diamino-3,6,9-trioxaundecane",4-Nitrobenzaldehyde,=,1.56,mM
106,"1,6-Hexanediamine",4-Nitrobenzaldehyde,=,3.12,mM
106,"1,5-diamino-3-azapentane",4-Nitrobenzaldehyde,=,3.12,mM
106,"1,11-diamino-3,6,9-trioxaundecane",Hexanal,=,0.39,mM
106,"1,6-Hexanediamine",Hexanal,=,0.048,mM
106,"1,11-diamino-3,6,9-trioxaundecane",Vanillin,=,12.5,mM
106,"1,6-Hexanediamine",Vanillin,=,6.25,mM
106,"1,5-diamino-3-azapentane",Vanillin,=,1.5,mM
106,"1,11-diamino-3,6,9-trioxaundecane",Octyl aldehyde,=,0.024,mM
106,"1,5-diamino-3-azapentane",Octyl aldehyde,=,0.39,mM
106,"1,5-diamino-3-azapentane",Nonyl aldehyde,=,0.098,mM
106,"N-bis-(2-amino-ethyl)-ethane-1,2-diamine",Trans-2-pentenal,=,6.25,mM
106,"2,2-bis(2-aminoethoxy)propane",Trans-2-pentenal,=,1.56,mM
106,(Z)-[bis(2-aminoethyl)amino]-hydroxyimino-oxidoazanium,Trans-2-pentenal,=,0.39,mM
106,"2,2'-diaminodiethyl ether",Trans-2-pentenal,=,3.12,mM
106,"1,11-diamino-3,6,9-trioxaundecane",Trans-2-pentenal,=,3.12,mM
106,"1,5-diaminopentane",Trans-2-pentenal,=,1.56,mM
106,"1,4-diaminobutane",Trans-2-pentenal,=,0.19,mM
106,p-Phenylenediamine,Trans-2-pentenal,>,12.5,mM
106,"3,7-diazanonane-1,9-diamine",Trans-2-pentenal,=,6.25,mM
106,"(3-aminopropyl)-1,2-ethylenediamine",Trans-2-pentenal,=,6.25,mM
106,"1,6-Hexanediamine",Trans-2-pentenal,=,0.19,mM
106,"1,3-bis(aminomethyl)cyclohexane",Trans-2-pentenal,=,1.56,mM
106,1.9-diaminononane,Trans-2-pentenal,=,0.098,mM
106,"2,2'-(ethylenedioxy)bis(ethylamine)",Trans-2-pentenal,=,3.12,mM
106,"N'-(2-aminoethyl)-N'-methylethane-1,2-diamine",Trans-2-pentenal,=,0.78,mM
106,"1,5-diamino-3-azapentane",Trans-2-pentenal,=,6.25,mM
106,"3,3'-Diamino-N-methyldipropylamine",Trans-2-pentenal,=,3.12,mM
106,"1,5-diamino-3-azapentane",citronellal,=,1.56,mM
106,"1,6-Hexanediamine",2-Pyridinecarboxaldehyde,=,3.12,mM
106,"1,5-diamino-3-azapentane",2-Pyridinecarboxaldehyde,=,12.5,mM
106,"1,11-diamino-3,6,9-trioxaundecane",(E)-hept-2-enal,=,0.049,mM
106,"1,6-Hexanediamine","(2E,4E)-deca-2,4-dienal",=,0.19,mM
106,"1,5-diamino-3-azapentane","(2E,4E)-deca-2,4-dienal",=,0.75,mM
106,"1,11-diamino-3,6,9-trioxaundecane",Cinnamaldehyde,=,0.19,mM
106,"1,6-Hexanediamine",Cinnamaldehyde,=,0.39,mM
106,"1,5-diamino-3-azapentane",Cinnamaldehyde,=,3,mM
106,"1,11-diamino-3,6,9-trioxaundecane",p-Bromo benzaldehyde,=,6.25,mM
106,"1,6-Hexanediamine",p-Bromo benzaldehyde,=,6.25,mM
106,"1,5-diamino-3-azapentane",p-Bromo benzaldehyde,=,3.12,mM
106,"1,6-Hexanediamine",(E)-non-2-enal,=,0.098,mM
106,"1,5-diamino-3-azapentane",(E)-non-2-enal,=,0.38,mM
106,"1,5-diamino-3-azapentane","(2E)-nona-2,6-dienal",=,0.19,mM
106,"1,11-diamino-3,6,9-trioxaundecane",Citral,=,0.098,mM
106,"1,6-Hexanediamine",Citral,=,0.19,mM
106,"1,11-diamino-3,6,9-trioxaundecane",(E)-hex-2-enal,=,0.19,mM
106,"1,6-Hexanediamine",(E)-hex-2-enal,=,0.39,mM
106,"1,5-diamino-3-azapentane",(E)-hex-2-enal,=,3,mM
106,"1,11-diamino-3,6,9-trioxaundecane",Formaldehyde,=,3.12,mM
106,"1,5-diamino-3-azapentane",Formaldehyde,=,12.5,mM
107,"2,2-bis(2-aminoethoxy)propane",(E)-2-Octenal,=,0.098,mM
107,(Z)-[bis(2-aminoethyl)amino]-hydroxyimino-oxidoazanium,(E)-2-Octenal,=,0.098,mM
107,"2,2'-diaminodiethyl ether",(E)-2-Octenal,=,0.098,mM
107,"1,11-diamino-3,6,9-trioxaundecane",(E)-2-Octenal,=,0.098,mM
107,"1,4-diaminobutane",(E)-2-Octenal,=,0.098,mM
107,"1,8-diaminooctan",(E)-2-Octenal,=,0.098,mM
107,p-Phenylenediamine,(E)-2-Octenal,>,12.5,mM
107,Polyethylenimine linear,(E)-2-Octenal,=,0.38,mM
107,"3,7-diazanonane-1,9-diamine",(E)-2-Octenal,=,0.196,mM
107,"(3-aminopropyl)-1,2-ethylenediamine",(E)-2-Octenal,=,0.39,mM
107,"1,6-Hexanediamine",(E)-2-Octenal,=,0.098,mM
107,"1,3-bis(aminomethyl)cyclohexane",(E)-2-Octenal,=,0.39,mM
107,1.9-diaminononane,(E)-2-Octenal,=,0.098,mM
107,"2,2'-(ethylenedioxy)bis(ethylamine)",(E)-2-Octenal,=,0.049,mM
107,"2,2',2''-triaminotriethylamine",(E)-2-Octenal,=,0.098,mM
107,"N'-(2-aminoethyl)-N'-methylethane-1,2-diamine",(E)-2-Octenal,=,0.049,mM
107,"1,5-diamino-3-azapentane",(E)-2-Octenal,=,0.38,mM
107,"3,3'-Diamino-N-methyldipropylamine",(E)-2-Octenal,=,0.098,mM
107,Spermine,(E)-2-Octenal,=,0.75,mM
107,"1,5-diamino-3-azapentane",1H-Imidazole-2-carboxaldehyde,=,0.78,mM
107,"1,11-diamino-3,6,9-trioxaundecane",4-Ethynylbenzaldehyde,=,3.12,mM
107,"1,11-diamino-3,6,9-trioxaundecane","3,4-Dihydroxybenzaldehyde",=,6.25,mM
107,"1,6-Hexanediamine","3,4-Dihydroxybenzaldehyde",=,6.25,mM
107,"1,11-diamino-3,6,9-trioxaundecane",(E)-Dec-2-enal,=,0.024,mM
107,"1,6-Hexanediamine",(E)-Dec-2-enal,=,0.098,mM
107,"2,2-bis(2-aminoethoxy)propane","2,6-Dimethyl-5-heptenal",>,12.5,mM
107,(Z)-[bis(2-aminoethyl)amino]-hydroxyimino-oxidoazanium,"2,6-Dimethyl-5-heptenal",=,6.25,mM
107,cystamine dihydrochloride,"2,6-Dimethyl-5-heptenal",=,6.25,mM
107,"2,2'-diaminodiethyl ether","2,6-Dimethyl-5-heptenal",>,12.5,mM
107,"1,11-diamino-3,6,9-trioxaundecane","2,6-Dimethyl-5-heptenal",=,12.5,mM
107,"2,5-Bis(aminomethyl)furan","2,6-Dimethyl-5-heptenal",=,6.25,mM
107,"1,8-diaminooctan","2,6-Dimethyl-5-heptenal",=,1.56,mM
107,"3,7-diazanonane-1,9-diamine","2,6-Dimethyl-5-heptenal",=,6.25,mM
107,"(3-aminopropyl)-1,2-ethylenediamine","2,6-Dimethyl-5-heptenal",=,12.5,mM
107,"1,3-di(aminomethyl)benzene","2,6-Dimethyl-5-heptenal",=,12.5,mM
107,"1,3-bis(aminomethyl)cyclohexane","2,6-Dimethyl-5-heptenal",=,12.5,mM
107,1.9-diaminononane,"2,6-Dimethyl-5-heptenal",=,1.56,mM
107,"2,2',2''-triaminotriethylamine","2,6-Dimethyl-5-heptenal",=,3.12,mM
107,"N'-(2-aminoethyl)-N'-methylethane-1,2-diamine","2,6-Dimethyl-5-heptenal",>,12.5,mM
107,Spermidine,"2,6-Dimethyl-5-heptenal",=,6.25,mM
107,Bis(3-aminopropyl)amine,"2,6-Dimethyl-5-heptenal",=,3.12,mM
107,"3,3'-Diamino-N-methyldipropylamine","2,6-Dimethyl-5-heptenal",=,12.5,mM
107,Spermine,"2,6-Dimethyl-5-heptenal",=,6.25,mM
107,"1,11-diamino-3,6,9-trioxaundecane",4-Nitrobenzaldehyde,=,1.56,mM
107,"1,6-Hexanediamine",4-Nitrobenzaldehyde,=,3.12,mM
107,"1,5-diamino-3-azapentane",4-Nitrobenzaldehyde,=,3.12,mM
107,"1,11-diamino-3,6,9-trioxaundecane",Hexanal,=,0.39,mM
107,"1,5-diamino-3-azapentane",Hexanal,=,0.78,mM
107,"1,11-diamino-3,6,9-trioxaundecane",Vanillin,=,12.5,mM
107,"1,6-Hexanediamine",Vanillin,=,6.25,mM
107,"1,5-diamino-3-azapentane",Vanillin,=,1.5,mM
107,"1,6-Hexanediamine",Octyl aldehyde,=,0.098,mM
107,"1,5-diamino-3-azapentane",Octyl aldehyde,=,0.39,mM
107,"1,6-Hexanediamine",Nonyl aldehyde,=,0.19,mM
107,"1,5-diamino-3-azapentane",Nonyl aldehyde,=,0.098,mM
107,"N-bis-(2-amino-ethyl)-ethane-1,2-diamine",Trans-2-pentenal,=,6.25,mM
107,(Z)-[bis(2-aminoethyl)amino]-hydroxyimino-oxidoazanium,Trans-2-pentenal,=,0.39,mM
107,"1,7-Diaminoheptane",Trans-2-pentenal,=,0.39,mM
107,"1,11-diamino-3,6,9-trioxaundecane",Trans-2-pentenal,=,3.12,mM
107,"1,5-diaminopentane",Trans-2-pentenal,=,1.56,mM
107,"1,8-diaminooctan",Trans-2-pentenal,=,0.39,mM
107,p-Phenylenediamine,Trans-2-pentenal,>,12.5,mM
107,"3,7-diazanonane-1,9-diamine",Trans-2-pentenal,=,6.25,mM
107,"(3-aminopropyl)-1,2-ethylenediamine",Trans-2-pentenal,=,6.25,mM
107,"1,6-Hexanediamine",Trans-2-pentenal,=,0.19,mM
107,"1,3-bis(aminomethyl)cyclohexane",Trans-2-pentenal,=,1.56,mM
107,"2,2'-(ethylenedioxy)bis(ethylamine)",Trans-2-pentenal,=,3.12,mM
107,"N'-(2-aminoethyl)-N'-methylethane-1,2-diamine",Trans-2-pentenal,=,0.78,mM
107,"1,5-diamino-3-azapentane",Trans-2-pentenal,=,6.25,mM
107,Bis(3-aminopropyl)amine,Trans-2-pentenal,=,0.39,mM
107,"3,3'-Diamino-N-methyldipropylamine",Trans-2-pentenal,=,3.12,mM
107,"1,11-diamino-3,6,9-trioxaundecane",citronellal,=,0.0061,mM
107,"1,6-Hexanediamine",citronellal,=,0.048,mM
107,"1,5-diamino-3-azapentane",citronellal,=,1.56,mM
107,"1,11-diamino-3,6,9-trioxaundecane",2-Pyridinecarboxaldehyde,=,3.12,mM
107,"1,5-diamino-3-azapentane",2-Pyridinecarboxaldehyde,=,12.5,mM
107,"1,6-Hexanediamine",(E)-hept-2-enal,=,0.048,mM
107,"1,5-diamino-3-azapentane",(E)-hept-2-enal,=,1.5,mM
107,"1,11-diamino-3,6,9-trioxaundecane","(2E,4E)-deca-2,4-dienal",=,0.049,mM
107,"1,6-Hexanediamine","(2E,4E)-deca-2,4-dienal",=,0.19,mM
107,"1,5-diamino-3-azapentane","(2E,4E)-deca-2,4-dienal",=,0.75,mM
107,"1,11-diamino-3,6,9-trioxaundecane",Cinnamaldehyde,=,0.19,mM
107,"1,6-Hexanediamine",Cinnamaldehyde,=,0.39,mM
107,"1,5-diamino-3-azapentane",Cinnamaldehyde,=,3,mM
107,"1,11-diamino-3,6,9-trioxaundecane",p-Bromo benzaldehyde,=,6.25,mM
107,"1,6-Hexanediamine",p-Bromo benzaldehyde,=,6.25,mM
107,"1,5-diamino-3-azapentane",p-Bromo benzaldehyde,=,3.12,mM
107,"1,11-diamino-3,6,9-trioxaundecane",(E)-non-2-enal,=,0.048,mM
107,"1,6-Hexanediamine",(E)-non-2-enal,=,0.098,mM
107,"1,5-diamino-3-azapentane",(E)-non-2-enal,=,0.38,mM
107,"1,11-diamino-3,6,9-trioxaundecane","(2E)-nona-2,6-dienal",=,0.098,mM
107,"1,6-Hexanediamine","(2E)-nona-2,6-dienal",=,0.19,mM
107,"1,5-diamino-3-azapentane","(2E)-nona-2,6-dienal",=,0.19,mM
107,"1,11-diamino-3,6,9-trioxaundecane",Citral,=,0.098,mM
107,"1,5-diamino-3-azapentane",Citral,=,0.19,mM
107,"1,11-diamino-3,6,9-trioxaundecane",(E)-hex-2-enal,=,0.19,mM
107,"1,6-Hexanediamine",(E)-hex-2-enal,=,0.39,mM
107,"1,5-diamino-3-azapentane",(E)-hex-2-enal,=,3,mM
107,"1,11-diamino-3,6,9-trioxaundecane",Formaldehyde,=,3.12,mM
107,"1,5-diamino-3-azapentane",Formaldehyde,=,12.5,mM
108,"N-bis-(2-amino-ethyl)-ethane-1,2-diamine",(E)-2-Octenal,=,0.196,mM
108,(Z)-[bis(2-aminoethyl)amino]-hydroxyimino-oxidoazanium,(E)-2-Octenal,=,0.098,mM
108,"2,2'-diaminodiethyl ether",(E)-2-Octenal,=,0.098,mM
108,"1,11-diamino-3,6,9-trioxaundecane",(E)-2-Octenal,=,0.098,mM
108,"1,4-diaminobutane",(E)-2-Octenal,=,0.098,mM
108,"1,8-diaminooctan",(E)-2-Octenal,=,0.098,mM
108,p-Phenylenediamine,(E)-2-Octenal,>,12.5,mM
108,Polyethylenimine linear,(E)-2-Octenal,=,0.38,mM
108,"(3-aminopropyl)-1,2-ethylenediamine",(E)-2-Octenal,=,0.39,mM
108,"1,6-Hexanediamine",(E)-2-Octenal,=,0.098,mM
108,1.9-diaminononane,(E)-2-Octenal,=,0.098,mM
108,"2,2'-(ethylenedioxy)bis(ethylamine)",(E)-2-Octenal,=,0.049,mM
108,"2,2',2''-triaminotriethylamine",(E)-2-Octenal,=,0.098,mM
108,Bis(3-aminopropyl)amine,(E)-2-Octenal,=,0.75,mM
108,"3,3'-Diamino-N-methyldipropylamine",(E)-2-Octenal,=,0.098,mM
108,"1,11-diamino-3,6,9-trioxaundecane",1H-Imidazole-2-carboxaldehyde,=,0.39,mM
108,"1,5-diamino-3-azapentane",1H-Imidazole-2-carboxaldehyde,=,0.78,mM
108,"1,11-diamino-3,6,9-trioxaundecane",4-Ethynylbenzaldehyde,=,3.12,mM
108,"1,5-diamino-3-azapentane",4-Ethynylbenzaldehyde,>,12.5,mM
108,"1,11-diamino-3,6,9-trioxaundecane","3,4-Dihydroxybenzaldehyde",=,6.25,mM
108,"1,6-Hexanediamine","3,4-Dihydroxybenzaldehyde",=,6.25,mM
108,"1,11-diamino-3,6,9-trioxaundecane",(E)-Dec-2-enal,=,0.024,mM
108,"1,6-Hexanediamine",(E)-Dec-2-enal,=,0.098,mM
108,"1,5-diamino-3-azapentane",(E)-Dec-2-enal,=,1.5,mM
108,"N-bis-(2-amino-ethyl)-ethane-1,2-diamine","2,6-Dimethyl-5-heptenal",=,3.12,mM
108,"2,2-bis(2-aminoethoxy)propane","2,6-Dimethyl-5-heptenal",>,12.5,mM
108,(Z)-[bis(2-aminoethyl)amino]-hydroxyimino-oxidoazanium,"2,6-Dimethyl-5-heptenal",=,6.25,mM
108,cystamine dihydrochloride,"2,6-Dimethyl-5-heptenal",=,6.25,mM
108,"1,7-Diaminoheptane","2,6-Dimethyl-5-heptenal",=,3.12,mM
108,"2,2'-diaminodiethyl ether","2,6-Dimethyl-5-heptenal",>,12.5,mM
108,"1,5-diaminopentane","2,6-Dimethyl-5-heptenal",=,6.25,mM
108,"1,4-diaminobutane","2,6-Dimethyl-5-heptenal",=,3.12,mM
108,"1,8-diaminooctan","2,6-Dimethyl-5-heptenal",=,1.56,mM
108,p-Phenylenediamine,"2,6-Dimethyl-5-heptenal",=,1.56,mM
108,"(3-aminopropyl)-1,2-ethylenediamine","2,6-Dimethyl-5-heptenal",=,12.5,mM
108,"1,6-Hexanediamine","2,6-Dimethyl-5-heptenal",=,6.25,mM
108,"1,3-bis(aminomethyl)cyclohexane","2,6-Dimethyl-5-heptenal",=,12.5,mM
108,1.9-diaminononane,"2,6-Dimethyl-5-heptenal",=,1.56,mM
108,"2,2'-(ethylenedioxy)bis(ethylamine)","2,6-Dimethyl-5-heptenal",=,3.12,mM
108,"2,2',2''-triaminotriethylamine","2,6-Dimethyl-5-heptenal",=,3.12,mM
108,"N'-(2-aminoethyl)-N'-methylethane-1,2-diamine","2,6-Dimethyl-5-heptenal",>,12.5,mM
108,"1,5-diamino-3-azapentane","2,6-Dimethyl-5-heptenal",=,6.25,mM
108,Bis(3-aminopropyl)amine,"2,6-Dimethyl-5-heptenal",=,3.12,mM
108,"3,3'-Diamino-N-methyldipropylamine","2,6-Dimethyl-5-heptenal",=,12.5,mM
108,Spermine,"2,6-Dimethyl-5-heptenal",=,6.25,mM
108,"1,11-diamino-3,6,9-trioxaundecane",4-Nitrobenzaldehyde,=,1.56,mM
108,"1,6-Hexanediamine",4-Nitrobenzaldehyde,=,3.12,mM
108,"1,5-diamino-3-azapentane",4-Nitrobenzaldehyde,=,3.12,mM
108,"1,11-diamino-3,6,9-trioxaundecane",Hexanal,=,0.39,mM
108,"1,6-Hexanediamine",Hexanal,=,0.048,mM
108,"1,5-diamino-3-azapentane",Hexanal,=,0.78,mM
108,"1,11-diamino-3,6,9-trioxaundecane",Vanillin,=,12.5,mM
108,"1,6-Hexanediamine",Vanillin,=,6.25,mM
108,"1,5-diamino-3-azapentane",Vanillin,=,1.5,mM
108,"1,11-diamino-3,6,9-trioxaundecane",Octyl aldehyde,=,0.024,mM
108,"1,6-Hexanediamine",Octyl aldehyde,=,0.098,mM
108,"1,5-diamino-3-azapentane",Octyl aldehyde,=,0.39,mM
108,"1,6-Hexanediamine",Nonyl aldehyde,=,0.19,mM
108,"1,5-diamino-3-azapentane",Nonyl aldehyde,=,0.098,mM
108,"2,2-bis(2-aminoethoxy)propane",Trans-2-pentenal,=,1.56,mM
108,(Z)-[bis(2-aminoethyl)amino]-hydroxyimino-oxidoazanium,Trans-2-pentenal,=,0.39,mM
108,"1,7-Diaminoheptane",Trans-2-pentenal,=,0.39,mM
108,"2,2'-diaminodiethyl ether",Trans-2-pentenal,=,3.12,mM
108,"1,11-diamino-3,6,9-trioxaundecane",Trans-2-pentenal,=,3.12,mM
108,"1,5-diaminopentane",Trans-2-pentenal,=,1.56,mM
108,"1,4-diaminobutane",Trans-2-pentenal,=,0.19,mM
108,"1,8-diaminooctan",Trans-2-pentenal,=,0.39,mM
108,"(3-aminopropyl)-1,2-ethylenediamine",Trans-2-pentenal,=,6.25,mM
108,"1,6-Hexanediamine",Trans-2-pentenal,=,0.19,mM
108,"1,3-bis(aminomethyl)cyclohexane",Trans-2-pentenal,=,1.56,mM
108,1.9-diaminononane,Trans-2-pentenal,=,0.098,mM
108,"2,2'-(ethylenedioxy)bis(ethylamine)",Trans-2-pentenal,=,3.12,mM
108,"N'-(2-aminoethyl)-N'-methylethane-1,2-diamine",Trans-2-pentenal,=,0.78,mM
108,Bis(3-aminopropyl)amine,Trans-2-pentenal,=,0.39,mM
108,"3,3'-Diamino-N-methyldipropylamine",Trans-2-pentenal,=,3.12,mM
108,"1,11-diamino-3,6,9-trioxaundecane",citronellal,=,0.0061,mM
108,"1,11-diamino-3,6,9-trioxaundecane",2-Pyridinecarboxaldehyde,=,3.12,mM
108,"1,6-Hexanediamine",2-Pyridinecarboxaldehyde,=,3.12,mM
108,"1,5-diamino-3-azapentane",2-Pyridinecarboxaldehyde,=,12.5,mM
108,"1,11-diamino-3,6,9-trioxaundecane",(E)-hept-2-enal,=,0.049,mM
108,"1,6-Hexanediamine",(E)-hept-2-enal,=,0.048,mM
108,"1,11-diamino-3,6,9-trioxaundecane","(2E,4E)-deca-2,4-dienal",=,0.049,mM
108,"1,6-Hexanediamine","(2E,4E)-deca-2,4-dienal",=,0.19,mM
108,"1,5-diamino-3-azapentane","(2E,4E)-deca-2,4-dienal",=,0.75,mM
108,"1,11-diamino-3,6,9-trioxaundecane",Cinnamaldehyde,=,0.19,mM
108,"1,6-Hexanediamine",Cinnamaldehyde,=,0.39,mM
108,"1,5-diamino-3-azapentane",Cinnamaldehyde,=,3,mM
108,"1,6-Hexanediamine",p-Bromo benzaldehyde,=,6.25,mM
108,"1,5-diamino-3-azapentane",p-Bromo benzaldehyde,=,3.12,mM
108,"1,11-diamino-3,6,9-trioxaundecane",(E)-non-2-enal,=,0.048,mM
108,"1,6-Hexanediamine",(E)-non-2-enal,=,0.098,mM
108,"1,11-diamino-3,6,9-trioxaundecane","(2E)-nona-2,6-dienal",=,0.098,mM
108,"1,6-Hexanediamine","(2E)-nona-2,6-dienal",=,0.19,mM
108,"1,11-diamino-3,6,9-trioxaundecane",Citral,=,0.098,mM
108,"1,6-Hexanediamine",Citral,=,0.19,mM
108,"1,5-diamino-3-azapentane",Citral,=,0.19,mM
108,"1,11-diamino-3,6,9-trioxaundecane",(E)-hex-2-enal,=,0.19,mM
108,"1,5-diamino-3-azapentane",(E)-hex-2-enal,=,3,mM
108,"1,11-diamino-3,6,9-trioxaundecane",Formaldehyde,=,3.12,mM
108,"1,5-diamino-3-azapentane",Formaldehyde,=,12.5,mM
109,"2,2-bis(2-aminoethoxy)propane",(E)-2-Octenal,=,0.098,mM
109,"2,2'-diaminodiethyl ether",(E)-2-Octenal,=,0.098,mM
109,"1,11-diamino-3,6,9-trioxaundecane",(E)-2-Octenal,=,0.098,mM
109,"1,5-diaminopentane",(E)-2-Octenal,=,0.098,mM
109,"1,4-diaminobutane",(E)-2-Octenal,=,0.098,mM
109,"1,8-diaminooctan",(E)-2-Octenal,=,0.098,mM
109,p-Phenylenediamine,(E)-2-Octenal,>,12.5,mM
109,Polyethylenimine linear,(E)-2-Octenal,=,0.38,mM
109,"(3-aminopropyl)-1,2-ethylenediamine",(E)-2-Octenal,=,0.39,mM
109,"1,3-bis(aminomethyl)cyclohexane",(E)-2-Octenal,=,0.39,mM
109,1.9-diaminononane,(E)-2-Octenal,=,0.098,mM
109,"2,2'-(ethylenedioxy)bis(ethylamine)",(E)-2-Octenal,=,0.049,mM
109,"2,2',2''-triaminotriethylamine",(E)-2-Octenal,=,0.098,mM
109,"N'-(2-aminoethyl)-N'-methylethane-1,2-diamine",(E)-2-Octenal,=,0.049,mM
109,"1,5-diamino-3-azapentane",(E)-2-Octenal,=,0.38,mM
109,Bis(3-aminopropyl)amine,(E)-2-Octenal,=,0.75,mM
109,"3,3'-Diamino-N-methyldipropylamine",(E)-2-Octenal,=,0.098,mM
109,Spermine,(E)-2-Octenal,=,0.75,mM
109,"1,6-Hexanediamine",1H-Imidazole-2-carboxaldehyde,=,3.12,mM
109,"1,11-diamino-3,6,9-trioxaundecane",4-Ethynylbenzaldehyde,=,3.12,mM
109,"1,5-diamino-3-azapentane",4-Ethynylbenzaldehyde,>,12.5,mM
109,"1,11-diamino-3,6,9-trioxaundecane","3,4-Dihydroxybenzaldehyde",=,6.25,mM
109,"1,6-Hexanediamine","3,4-Dihydroxybenzaldehyde",=,6.25,mM
109,"1,11-diamino-3,6,9-trioxaundecane",(E)-Dec-2-enal,=,0.024,mM
109,"N-bis-(2-amino-ethyl)-ethane-1,2-diamine","2,6-Dimethyl-5-heptenal",=,3.12,mM
109,"2,2-bis(2-aminoethoxy)propane","2,6-Dimethyl-5-heptenal",>,12.5,mM
109,cystamine dihydrochloride,"2,6-Dimethyl-5-heptenal",=,6.25,mM
109,"1,7-Diaminoheptane","2,6-Dimethyl-5-heptenal",=,3.12,mM
109,"2,2'-diaminodiethyl ether","2,6-Dimethyl-5-heptenal",>,12.5,mM
109,"1,11-diamino-3,6,9-trioxaundecane","2,6-Dimethyl-5-heptenal",=,12.5,mM
109,"1,4-diaminobutane","2,6-Dimethyl-5-heptenal",=,3.12,mM
109,"2,5-Bis(aminomethyl)furan","2,6-Dimethyl-5-heptenal",=,6.25,mM
109,"1,8-diaminooctan","2,6-Dimethyl-5-heptenal",=,1.56,mM
109,p-Phenylenediamine,"2,6-Dimethyl-5-heptenal",=,1.56,mM
109,"(3-aminopropyl)-1,2-ethylenediamine","2,6-Dimethyl-5-heptenal",=,12.5,mM
109,"1,3-di(aminomethyl)benzene","2,6-Dimethyl-5-heptenal",=,12.5,mM
109,1.9-diaminononane,"2,6-Dimethyl-5-heptenal",=,1.56,mM
109,"2,2'-(ethylenedioxy)bis(ethylamine)","2,6-Dimethyl-5-heptenal",=,3.12,mM
109,"2,2',2''-triaminotriethylamine","2,6-Dimethyl-5-heptenal",=,3.12,mM
109,"N'-(2-aminoethyl)-N'-methylethane-1,2-diamine","2,6-Dimethyl-5-heptenal",>,12.5,mM
109,Spermidine,"2,6-Dimethyl-5-heptenal",=,6.25,mM
109,"1,5-diamino-3-azapentane","2,6-Dimethyl-5-heptenal",=,6.25,mM
109,Bis(3-aminopropyl)amine,"2,6-Dimethyl-5-heptenal",=,3.12,mM
109,"3,3'-Diamino-N-methyldipropylamine","2,6-Dimethyl-5-heptenal",=,12.5,mM
109,Spermine,"2,6-Dimethyl-5-heptenal",=,6.25,mM
109,"1,11-diamino-3,6,9-trioxaundecane",4-Nitrobenzaldehyde,=,1.56,mM
109,"1,6-Hexanediamine",4-Nitrobenzaldehyde,=,3.12,mM
109,"1,5-diamino-3-azapentane",4-Nitrobenzaldehyde,=,3.12,mM
109,"1,11-diamino-3,6,9-trioxaundecane",Hexanal,=,0.39,mM
109,"1,6-Hexanediamine",Hexanal,=,0.048,mM
109,"1,5-diamino-3-azapentane",Hexanal,=,0.78,mM
109,"1,11-diamino-3,6,9-trioxaundecane",Vanillin,=,12.5,mM
109,"1,6-Hexanediamine",Vanillin,=,6.25,mM
109,"1,5-diamino-3-azapentane",Vanillin,=,1.5,mM
109,"1,11-diamino-3,6,9-trioxaundecane",Octyl aldehyde,=,0.024,mM
109,"1,5-diamino-3-azapentane",Octyl aldehyde,=,0.39,mM
109,"1,6-Hexanediamine",Nonyl aldehyde,=,0.19,mM
109,"1,5-diamino-3-azapentane",Nonyl aldehyde,=,0.098,mM
109,"N-bis-(2-amino-ethyl)-ethane-1,2-diamine",Trans-2-pentenal,=,6.25,mM
109,"2,2-bis(2-aminoethoxy)propane",Trans-2-pentenal,=,1.56,mM
109,(Z)-[bis(2-aminoethyl)amino]-hydroxyimino-oxidoazanium,Trans-2-pentenal,=,0.39,mM
109,"1,7-Diaminoheptane",Trans-2-pentenal,=,0.39,mM
109,"2,2'-diaminodiethyl ether",Trans-2-pentenal,=,3.12,mM
109,"1,11-diamino-3,6,9-trioxaundecane",Trans-2-pentenal,=,3.12,mM
109,"1,5-diaminopentane",Trans-2-pentenal,=,1.56,mM
109,"1,4-diaminobutane",Trans-2-pentenal,=,0.19,mM
109,"1,8-diaminooctan",Trans-2-pentenal,=,0.39,mM
109,p-Phenylenediamine,Trans-2-pentenal,>,12.5,mM
109,"3,7-diazanonane-1,9-diamine",Trans-2-pentenal,=,6.25,mM
109,"1,6-Hexanediamine",Trans-2-pentenal,=,0.19,mM
109,"1,3-bis(aminomethyl)cyclohexane",Trans-2-pentenal,=,1.56,mM
109,1.9-diaminononane,Trans-2-pentenal,=,0.098,mM
109,Bis(3-aminopropyl)amine,Trans-2-pentenal,=,0.39,mM
109,"3,3'-Diamino-N-methyldipropylamine",Trans-2-pentenal,=,3.12,mM
109,"1,11-diamino-3,6,9-trioxaundecane",citronellal,=,0.0061,mM
109,"1,6-Hexanediamine",citronellal,=,0.048,mM
109,"1,5-diamino-3-azapentane",citronellal,=,1.56,mM
109,"1,5-diamino-3-azapentane",2-Pyridinecarboxaldehyde,=,12.5,mM
109,"1,11-diamino-3,6,9-trioxaundecane",(E)-hept-2-enal,=,0.049,mM
109,"1,6-Hexanediamine",(E)-hept-2-enal,=,0.048,mM
109,"1,5-diamino-3-azapentane",(E)-hept-2-enal,=,1.5,mM
109,"1,11-diamino-3,6,9-trioxaundecane","(2E,4E)-deca-2,4-dienal",=,0.049,mM
109,"1,5-diamino-3-azapentane","(2E,4E)-deca-2,4-dienal",=,0.75,mM
109,"1,11-diamino-3,6,9-trioxaundecane",Cinnamaldehyde,=,0.19,mM
109,"1,6-Hexanediamine",Cinnamaldehyde,=,0.39,mM
109,"1,5-diamino-3-azapentane",Cinnamaldehyde,=,3,mM
109,"1,6-Hexanediamine",p-Bromo benzaldehyde,=,6.25,mM
109,"1,5-diamino-3-azapentane",p-Bromo benzaldehyde,=,3.12,mM
109,"1,11-diamino-3,6,9-trioxaundecane",(E)-non-2-enal,=,0.048,mM
109,"1,6-Hexanediamine",(E)-non-2-enal,=,0.098,mM
109,"1,5-diamino-3-azapentane",(E)-non-2-enal,=,0.38,mM
109,"1,11-diamino-3,6,9-trioxaundecane","(2E)-nona-2,6-dienal",=,0.098,mM
109,"1,6-Hexanediamine","(2E)-nona-2,6-dienal",=,0.19,mM
109,"1,5-diamino-3-azapentane","(2E)-nona-2,6-dienal",=,0.19,mM
109,"1,6-Hexanediamine",Citral,=,0.19,mM
109,"1,5-diamino-3-azapentane",Citral,=,0.19,mM
109,"1,11-diamino-3,6,9-trioxaundecane",(E)-hex-2-enal,=,0.19,mM
109,"1,6-Hexanediamine",(E)-hex-2-enal,=,0.39,mM
109,"1,5-diamino-3-azapentane",(E)-hex-2-enal,=,3,mM
109,"1,11-diamino-3,6,9-trioxaundecane",Formaldehyde,=,3.12,mM
110,"N-bis-(2-amino-ethyl)-ethane-1,2-diamine",(E)-2-Octenal,=,0.196,mM
110,"2,2-bis(2-aminoethoxy)propane",(E)-2-Octenal,=,0.098,mM
110,(Z)-[bis(2-aminoethyl)amino]-hydroxyimino-oxidoazanium,(E)-2-Octenal,=,0.098,mM
110,"2,2'-diaminodiethyl ether",(E)-2-Octenal,=,0.098,mM
110,"1,11-diamino-3,6,9-trioxaundecane",(E)-2-Octenal,=,0.098,mM
110,"1,5-diaminopentane",(E)-2-Octenal,=,0.098,mM
110,"1,4-diaminobutane",(E)-2-Octenal,=,0.098,mM
110,"1,8-diaminooctan",(E)-2-Octenal,=,0.098,mM
110,Polyethylenimine linear,(E)-2-Octenal,=,0.38,mM
110,"3,7-diazanonane-1,9-diamine",(E)-2-Octenal,=,0.196,mM
110,"(3-aminopropyl)-1,2-ethylenediamine",(E)-2-Octenal,=,0.39,mM
110,"1,6-Hexanediamine",(E)-2-Octenal,=,0.098,mM
110,1.9-diaminononane,(E)-2-Octenal,=,0.098,mM
110,"2,2'-(ethylenedioxy)bis(ethylamine)",(E)-2-Octenal,=,0.049,mM
110,"2,2',2''-triaminotriethylamine",(E)-2-Octenal,=,0.098,mM
110,"N'-(2-aminoethyl)-N'-methylethane-1,2-diamine",(E)-2-Octenal,=,0.049,mM
110,"1,5-diamino-3-azapentane",(E)-2-Octenal,=,0.38,mM
110,"3,3'-Diamino-N-methyldipropylamine",(E)-2-Octenal,=,0.098,mM
110,Spermine,(E)-2-Octenal,=,0.75,mM
110,"1,11-diamino-3,6,9-trioxaundecane",1H-Imidazole-2-carboxaldehyde,=,0.39,mM
110,"1,6-Hexanediamine",1H-Imidazole-2-carboxaldehyde,=,3.12,mM
110,"1,11-diamino-3,6,9-trioxaundecane",4-Ethynylbenzaldehyde,=,3.12,mM
110,"1,5-diamino-3-azapentane",4-Ethynylbenzaldehyde,>,12.5,mM
110,"1,11-diamino-3,6,9-trioxaundecane","3,4-Dihydroxybenzaldehyde",=,6.25,mM
110,"1,11-diamino-3,6,9-trioxaundecane",(E)-Dec-2-enal,=,0.024,mM
110,"1,6-Hexanediamine",(E)-Dec-2-enal,=,0.098,mM
110,"N-bis-(2-amino-ethyl)-ethane-1,2-diamine","2,6-Dimethyl-5-heptenal",=,3.12,mM
110,"2,2-bis(2-aminoethoxy)propane","2,6-Dimethyl-5-heptenal",>,12.5,mM
110,(Z)-[bis(2-aminoethyl)amino]-hydroxyimino-oxidoazanium,"2,6-Dimethyl-5-heptenal",=,6.25,mM
110,cystamine dihydrochloride,"2,6-Dimethyl-5-heptenal",=,6.25,mM
110,"1,7-Diaminoheptane","2,6-Dimethyl-5-heptenal",=,3.12,mM
110,"2,2'-diaminodiethyl ether","2,6-Dimethyl-5-heptenal",>,12.5,mM
110,"1,11-diamino-3,6,9-trioxaundecane","2,6-Dimethyl-5-heptenal",=,12.5,mM
110,"1,5-diaminopentane","2,6-Dimethyl-5-heptenal",=,6.25,mM
110,"2,5-Bis(aminomethyl)furan","2,6-Dimethyl-5-heptenal",=,6.25,mM
110,"1,8-diaminooctan","2,6-Dimethyl-5-heptenal",=,1.56,mM
110,p-Phenylenediamine,"2,6-Dimethyl-5-heptenal",=,1.56,mM
110,"3,7-diazanonane-1,9-diamine","2,6-Dimethyl-5-heptenal",=,6.25,mM
110,"(3-aminopropyl)-1,2-ethylenediamine","2,6-Dimethyl-5-heptenal",=,12.5,mM
110,"1,6-Hexanediamine","2,6-Dimethyl-5-heptenal",=,6.25,mM
110,"1,3-di(aminomethyl)benzene","2,6-Dimethyl-5-heptenal",=,12.5,mM
110,"1,3-bis(aminomethyl)cyclohexane","2,6-Dimethyl-5-heptenal",=,12.5,mM
110,1.9-diaminononane,"2,6-Dimethyl-5-heptenal",=,1.56,mM
110,"2,2',2''-triaminotriethylamine","2,6-Dimethyl-5-heptenal",=,3.12,mM
110,Spermidine,"2,6-Dimethyl-5-heptenal",=,6.25,mM
110,Bis(3-aminopropyl)amine,"2,6-Dimethyl-5-heptenal",=,3.12,mM
110,Spermine,"2,6-Dimethyl-5-heptenal",=,6.25,mM
110,"1,11-diamino-3,6,9-trioxaundecane",4-Nitrobenzaldehyde,=,1.56,mM
110,"1,6-Hexanediamine",4-Nitrobenzaldehyde,=,3.12,mM
110,"1,5-diamino-3-azapentane",4-Nitrobenzaldehyde,=,3.12,mM
110,"1,11-diamino-3,6,9-trioxaundecane",Hexanal,=,0.39,mM
110,"1,11-diamino-3,6,9-trioxaundecane",Vanillin,=,12.5,mM
110,"1,6-Hexanediamine",Vanillin,=,6.25,mM
110,"1,5-diamino-3-azapentane",Vanillin,=,1.5,mM
110,"1,11-diamino-3,6,9-trioxaundecane",Octyl aldehyde,=,0.024,mM
110,"1,6-Hexanediamine",Octyl aldehyde,=,0.098,mM
110,"1,5-diamino-3-azapentane",Octyl aldehyde,=,0.39,mM
110,"1,6-Hexanediamine",Nonyl aldehyde,=,0.19,mM
110,"2,2-bis(2-aminoethoxy)propane",Trans-2-pentenal,=,1.56,mM
110,"1,7-Diaminoheptane",Trans-2-pentenal,=,0.39,mM
110,"2,2'-diaminodiethyl ether",Trans-2-pentenal,=,3.12,mM
110,"1,11-diamino-3,6,9-trioxaundecane",Trans-2-pentenal,=,3.12,mM
110,"1,5-diaminopentane",Trans-2-pentenal,=,1.56,mM
110,"1,4-diaminobutane",Trans-2-pentenal,=,0.19,mM
110,p-Phenylenediamine,Trans-2-pentenal,>,12.5,mM
110,"3,7-diazanonane-1,9-diamine",Trans-2-pentenal,=,6.25,mM
110,"(3-aminopropyl)-1,2-ethylenediamine",Trans-2-pentenal,=,6.25,mM
110,"1,6-Hexanediamine",Trans-2-pentenal,=,0.19,mM
110,1.9-diaminononane,Trans-2-pentenal,=,0.098,mM
110,"2,2'-(ethylenedioxy)bis(ethylamine)",Trans-2-pentenal,=,3.12,mM
110,"N'-(2-aminoethyl)-N'-methylethane-1,2-diamine",Trans-2-pentenal,=,0.78,mM
110,"1,5-diamino-3-azapentane",Trans-2-pentenal,=,6.25,mM
110,Bis(3-aminopropyl)amine,Trans-2-pentenal,=,0.39,mM
110,"3,3'-Diamino-N-methyldipropylamine",Trans-2-pentenal,=,3.12,mM
110,"1,11-diamino-3,6,9-trioxaundecane",citronellal,=,0.0061,mM
110,"1,6-Hexanediamine",citronellal,=,0.048,mM
110,"1,5-diamino-3-azapentane",citronellal,=,1.56,mM
110,"1,11-diamino-3,6,9-trioxaundecane",2-Pyridinecarboxaldehyde,=,3.12,mM
110,"1,6-Hexanediamine",2-Pyridinecarboxaldehyde,=,3.12,mM
110,"1,5-diamino-3-azapentane",2-Pyridinecarboxaldehyde,=,12.5,mM
110,"1,11-diamino-3,6,9-trioxaundecane",(E)-hept-2-enal,=,0.049,mM
110,"1,6-Hexanediamine",(E)-hept-2-enal,=,0.048,mM
110,"1,5-diamino-3-azapentane",(E)-hept-2-enal,=,1.5,mM
110,"1,11-diamino-3,6,9-trioxaundecane","(2E,4E)-deca-2,4-dienal",=,0.049,mM
110,"1,6-Hexanediamine","(2E,4E)-deca-2,4-dienal",=,0.19,mM
110,"1,5-diamino-3-azapentane","(2E,4E)-deca-2,4-dienal",=,0.75,mM
110,"1,11-diamino-3,6,9-trioxaundecane",Cinnamaldehyde,=,0.19,mM
110,"1,5-diamino-3-azapentane",Cinnamaldehyde,=,3,mM
110,"1,11-diamino-3,6,9-trioxaundecane",p-Bromo benzaldehyde,=,6.25,mM
110,"1,6-Hexanediamine",p-Bromo benzaldehyde,=,6.25,mM
110,"1,5-diamino-3-azapentane",p-Bromo benzaldehyde,=,3.12,mM
110,"1,11-diamino-3,6,9-trioxaundecane",(E)-non-2-enal,=,0.048,mM
110,"1,5-diamino-3-azapentane",(E)-non-2-enal,=,0.38,mM
110,"1,11-diamino-3,6,9-trioxaundecane","(2E)-nona-2,6-dienal",=,0.098,mM
110,"1,6-Hexanediamine","(2E)-nona-2,6-dienal",=,0.19,mM
110,"1,5-diamino-3-azapentane","(2E)-nona-2,6-dienal",=,0.19,mM
110,"1,11-diamino-3,6,9-trioxaundecane",Citral,=,0.098,mM
110,"1,5-diamino-3-azapentane",Citral,=,0.19,mM
110,"1,11-diamino-3,6,9-trioxaundecane",(E)-hex-2-enal,=,0.19,mM
110,"1,5-diamino-3-azapentane",(E)-hex-2-enal,=,3,mM
111,"N-bis-(2-amino-ethyl)-ethane-1,2-diamine",(E)-2-Octenal,=,0.196,mM
111,"2,2-bis(2-aminoethoxy)propane",(E)-2-Octenal,=,0.098,mM
111,(Z)-[bis(2-aminoethyl)amino]-hydroxyimino-oxidoazanium,(E)-2-Octenal,=,0.098,mM
111,"1,7-Diaminoheptane",(E)-2-Octenal,=,0.049,mM
111,"2,2'-diaminodiethyl ether",(E)-2-Octenal,=,0.098,mM
111,"1,5-diaminopentane",(E)-2-Octenal,=,0.098,mM
111,"1,4-diaminobutane",(E)-2-Octenal,=,0.098,mM
111,"1,8-diaminooctan",(E)-2-Octenal,=,0.098,mM
111,p-Phenylenediamine,(E)-2-Octenal,>,12.5,mM
111,Polyethylenimine linear,(E)-2-Octenal,=,0.38,mM
111,"3,7-diazanonane-1,9-diamine",(E)-2-Octenal,=,0.196,mM
111,"(3-aminopropyl)-1,2-ethylenediamine",(E)-2-Octenal,=,0.39,mM
111,"1,6-Hexanediamine",(E)-2-Octenal,=,0.098,mM
111,"1,3-bis(aminomethyl)cyclohexane",(E)-2-Octenal,=,0.39,mM
111,1.9-diaminononane,(E)-2-Octenal,=,0.098,mM
111,"2,2',2''-triaminotriethylamine",(E)-2-Octenal,=,0.098,mM
111,"N'-(2-aminoethyl)-N'-methylethane-1,2-diamine",(E)-2-Octenal,=,0.049,mM
111,Bis(3-aminopropyl)amine,(E)-2-Octenal,=,0.75,mM
111,"3,3'-Diamino-N-methyldipropylamine",(E)-2-Octenal,=,0.098,mM
111,Spermine,(E)-2-Octenal,=,0.75,mM
111,"1,11-diamino-3,6,9-trioxaundecane",1H-Imidazole-2-carboxaldehyde,=,0.39,mM
111,"1,6-Hexanediamine",1H-Imidazole-2-carboxaldehyde,=,3.12,mM
111,"1,5-diamino-3-azapentane",1H-Imidazole-2-carboxaldehyde,=,0.78,mM
111,"1,5-diamino-3-azapentane",4-Ethynylbenzaldehyde,>,12.5,mM
111,"1,11-diamino-3,6,9-trioxaundecane","3,4-Dihydroxybenzaldehyde",=,6.25,mM
111,"1,6-Hexanediamine","3,4-Dihydroxybenzaldehyde",=,6.25,mM
111,"1,11-diamino-3,6,9-trioxaundecane",(E)-Dec-2-enal,=,0.024,mM
111,"1,6-Hexanediamine",(E)-Dec-2-enal,=,0.098,mM
111,"1,5-diamino-3-azapentane",(E)-Dec-2-enal,=,1.5,mM
111,"N-bis-(2-amino-ethyl)-ethane-1,2-diamine","2,6-Dimethyl-5-heptenal",=,3.12,mM
111,"2,2-bis(2-aminoethoxy)propane","2,6-Dimethyl-5-heptenal",>,12.5,mM
111,(Z)-[bis(2-aminoethyl)amino]-hydroxyimino-oxidoazanium,"2,6-Dimethyl-5-heptenal",=,6.25,mM
111,cystamine dihydrochloride,"2,6-Dimethyl-5-heptenal",=,6.25,mM
111,"1,7-Diaminoheptane","2,6-Dimethyl-5-heptenal",=,3.12,mM
111,"2,2'-diaminodiethyl ether","2,6-Dimethyl-5-heptenal",>,12.5,mM
111,"1,11-diamino-3,6,9-trioxaundecane","2,6-Dimethyl-5-heptenal",=,12.5,mM
111,"1,5-diaminopentane","2,6-Dimethyl-5-heptenal",=,6.25,mM
111,"1,4-diaminobutane","2,6-Dimethyl-5-heptenal",=,3.12,mM
111,"2,5-Bis(aminomethyl)furan","2,6-Dimethyl-5-heptenal",=,6.25,mM
111,"1,8-diaminooctan","2,6-Dimethyl-5-heptenal",=,1.56,mM
111,p-Phenylenediamine,"2,6-Dimethyl-5-heptenal",=,1.56,mM
111,"(3-aminopropyl)-1,2-ethylenediamine","2,6-Dimethyl-5-heptenal",=,12.5,mM
111,"1,6-Hexanediamine","2,6-Dimethyl-5-heptenal",=,6.25,mM
111,"1,3-bis(aminomethyl)cyclohexane","2,6-Dimethyl-5-heptenal",=,12.5,mM
111,"2,2'-(ethylenedioxy)bis(ethylamine)","2,6-Dimethyl-5-heptenal",=,3.12,mM
111,"2,2',2''-triaminotriethylamine","2,6-Dimethyl-5-heptenal",=,3.12,mM
111,Spermidine,"2,6-Dimethyl-5-heptenal",=,6.25,mM
111,"1,5-diamino-3-azapentane","2,6-Dimethyl-5-heptenal",=,6.25,mM
111,Bis(3-aminopropyl)amine,"2,6-Dimethyl-5-heptenal",=,3.12,mM
111,"3,3'-Diamino-N-methyldipropylamine","2,6-Dimethyl-5-heptenal",=,12.5,mM
111,Spermine,"2,6-Dimethyl-5-heptenal",=,6.25,mM
111,"1,11-diamino-3,6,9-trioxaundecane",4-Nitrobenzaldehyde,=,1.56,mM
111,"1,5-diamino-3-azapentane",4-Nitrobenzaldehyde,=,3.12,mM
111,"1,11-diamino-3,6,9-trioxaundecane",Hexanal,=,0.39,mM
111,"1,11-diamino-3,6,9-trioxaundecane",Vanillin,=,12.5,mM
111,"1,6-Hexanediamine",Vanillin,=,6.25,mM
111,"1,5-diamino-3-azapentane",Vanillin,=,1.5,mM
111,"1,6-Hexanediamine",Octyl aldehyde,=,0.098,mM
111,"1,5-diamino-3-azapentane",Octyl aldehyde,=,0.39,mM
111,"1,6-Hexanediamine",Nonyl aldehyde,=,0.19,mM
111,"1,5-diamino-3-azapentane",Nonyl aldehyde,=,0.098,mM
111,"N-bis-(2-amino-ethyl)-ethane-1,2-diamine",Trans-2-pentenal,=,6.25,mM
111,"2,2-bis(2-aminoethoxy)propane",Trans-2-pentenal,=,1.56,mM
111,(Z)-[bis(2-aminoethyl)amino]-hydroxyimino-oxidoazanium,Trans-2-pentenal,=,0.39,mM
111,"1,7-Diaminoheptane",Trans-2-pentenal,=,0.39,mM
111,"1,11-diamino-3,6,9-trioxaundecane",Trans-2-pentenal,=,3.12,mM
111,"1,5-diaminopentane",Trans-2-pentenal,=,1.56,mM
111,"1,4-diaminobutane",Trans-2-pentenal,=,0.19,mM
111,p-Phenylenediamine,Trans-2-pentenal,>,12.5,mM
111,"(3-aminopropyl)-1,2-ethylenediamine",Trans-2-pentenal,=,6.25,mM
111,"1,6-Hexanediamine",Trans-2-pentenal,=,0.19,mM
111,"1,3-bis(aminomethyl)cyclohexane",Trans-2-pentenal,=,1.56,mM
111,1.9-diaminononane,Trans-2-pentenal,=,0.098,mM
111,"2,2'-(ethylenedioxy)bis(ethylamine)",Trans-2-pentenal,=,3.12,mM
111,"N'-(2-aminoethyl)-N'-methylethane-1,2-diamine",Trans-2-pentenal,=,0.78,mM
111,"1,5-diamino-3-azapentane",Trans-2-pentenal,=,6.25,mM
111,"3,3'-Diamino-N-methyldipropylamine",Trans-2-pentenal,=,3.12,mM
111,"1,11-diamino-3,6,9-trioxaundecane",citronellal,=,0.0061,mM
111,"1,5-diamino-3-azapentane",citronellal,=,1.56,mM
111,"1,11-diamino-3,6,9-trioxaundecane",2-Pyridinecarboxaldehyde,=,3.12,mM
111,"1,6-Hexanediamine",2-Pyridinecarboxaldehyde,=,3.12,mM
111,"1,11-diamino-3,6,9-trioxaundecane",(E)-hept-2-enal,=,0.049,mM
111,"1,11-diamino-3,6,9-trioxaundecane","(2E,4E)-deca-2,4-dienal",=,0.049,mM
111,"1,6-Hexanediamine","(2E,4E)-deca-2,4-dienal",=,0.19,mM
111,"1,11-diamino-3,6,9-trioxaundecane",Cinnamaldehyde,=,0.19,mM
111,"1,6-Hexanediamine",Cinnamaldehyde,=,0.39,mM
111,"1,11-diamino-3,6,9-trioxaundecane",p-Bromo benzaldehyde,=,6.25,mM
111,"1,6-Hexanediamine",p-Bromo benzaldehyde,=,6.25,mM
111,"1,5-diamino-3-azapentane",p-Bromo benzaldehyde,=,3.12,mM
111,"1,11-diamino-3,6,9-trioxaundecane",(E)-non-2-enal,=,0.048,mM
111,"1,5-diamino-3-azapentane",(E)-non-2-enal,=,0.38,mM
111,"1,11-diamino-3,6,9-trioxaundecane","(2E)-nona-2,6-dienal",=,0.098,mM
111,"1,6-Hexanediamine","(2E)-nona-2,6-dienal",=,0.19,mM
111,"1,5-diamino-3-azapentane","(2E)-nona-2,6-dienal",=,0.19,mM
111,"1,11-diamino-3,6,9-trioxaundecane",Citral,=,0.098,mM
111,"1,5-diamino-3-azapentane",Citral,=,0.19,mM
111,"1,11-diamino-3,6,9-trioxaundecane",(E)-hex-2-enal,=,0.19,mM
111,"1,6-Hexanediamine",(E)-hex-2-enal,=,0.39,mM
111,"1,11-diamino-3,6,9-trioxaundecane",Formaldehyde,=,3.12,mM
111,"1,5-diamino-3-azapentane",Formaldehyde,=,12.5,mM
112,"N-bis-(2-amino-ethyl)-ethane-1,2-diamine",(E)-2-Octenal,=,0.196,mM
112,"2,2-bis(2-aminoethoxy)propane",(E)-2-Octenal,=,0.098,mM
112,(Z)-[bis(2-aminoethyl)amino]-hydroxyimino-oxidoazanium,(E)-2-Octenal,=,0.098,mM
112,"1,7-Diaminoheptane",(E)-2-Octenal,=,0.049,mM
112,"2,2'-diaminodiethyl ether",(E)-2-Octenal,=,0.098,mM
112,"1,11-diamino-3,6,9-trioxaundecane",(E)-2-Octenal,=,0.098,mM
112,"1,4-diaminobutane",(E)-2-Octenal,=,0.098,mM
112,"1,8-diaminooctan",(E)-2-Octenal,=,0.098,mM
112,p-Phenylenediamine,(E)-2-Octenal,>,12.5,mM
112,Polyethylenimine linear,(E)-2-Octenal,=,0.38,mM
112,"3,7-diazanonane-1,9-diamine",(E)-2-Octenal,=,0.196,mM
112,"(3-aminopropyl)-1,2-ethylenediamine",(E)-2-Octenal,=,0.39,mM
112,"1,3-bis(aminomethyl)cyclohexane",(E)-2-Octenal,=,0.39,mM
112,"2,2'-(ethylenedioxy)bis(ethylamine)",(E)-2-Octenal,=,0.049,mM
112,"2,2',2''-triaminotriethylamine",(E)-2-Octenal,=,0.098,mM
112,"N'-(2-aminoethyl)-N'-methylethane-1,2-diamine",(E)-2-Octenal,=,0.049,mM
112,Bis(3-aminopropyl)amine,(E)-2-Octenal,=,0.75,mM
112,Spermine,(E)-2-Octenal,=,0.75,mM
112,"1,11-diamino-3,6,9-trioxaundecane",1H-Imidazole-2-carboxaldehyde,=,0.39,mM
112,"1,6-Hexanediamine",1H-Imidazole-2-carboxaldehyde,=,3.12,mM
112,"1,11-diamino-3,6,9-trioxaundecane",4-Ethynylbenzaldehyde,=,3.12,mM
112,"1,5-diamino-3-azapentane",4-Ethynylbenzaldehyde,>,12.5,mM
112,"1,11-diamino-3,6,9-trioxaundecane","3,4-Dihydroxybenzaldehyde",=,6.25,mM
112,"1,6-Hexanediamine","3,4-Dihydroxybenzaldehyde",=,6.25,mM
112,"1,11-diamino-3,6,9-trioxaundecane",(E)-Dec-2-enal,=,0.024,mM
112,"N-bis-(2-amino-ethyl)-ethane-1,2-diamine","2,6-Dimethyl-5-heptenal",=,3.12,mM
112,(Z)-[bis(2-aminoethyl)amino]-hydroxyimino-oxidoazanium,"2,6-Dimethyl-5-heptenal",=,6.25,mM
112,cystamine dihydrochloride,"2,6-Dimethyl-5-heptenal",=,6.25,mM
112,"1,7-Diaminoheptane","2,6-Dimethyl-5-heptenal",=,3.12,mM
112,"2,2'-diaminodiethyl ether","2,6-Dimethyl-5-heptenal",>,12.5,mM
112,"1,11-diamino-3,6,9-trioxaundecane","2,6-Dimethyl-5-heptenal",=,12.5,mM
112,"1,5-diaminopentane","2,6-Dimethyl-5-heptenal",=,6.25,mM
112,"1,4-diaminobutane","2,6-Dimethyl-5-heptenal",=,3.12,mM
112,"2,5-Bis(aminomethyl)furan","2,6-Dimethyl-5-heptenal",=,6.25,mM
112,"1,8-diaminooctan","2,6-Dimethyl-5-heptenal",=,1.56,mM
112,p-Phenylenediamine,"2,6-Dimethyl-5-heptenal",=,1.56,mM
112,"3,7-diazanonane-1,9-diamine","2,6-Dimethyl-5-heptenal",=,6.25,mM
112,"(3-aminopropyl)-1,2-ethylenediamine","2,6-Dimethyl-5-heptenal",=,12.5,mM
112,"1,3-di(aminomethyl)benzene","2,6-Dimethyl-5-heptenal",=,12.5,mM
112,"1,3-bis(aminomethyl)cyclohexane","2,6-Dimethyl-5-heptenal",=,12.5,mM
112,1.9-diaminononane,"2,6-Dimethyl-5-heptenal",=,1.56,mM
112,"2,2'-(ethylenedioxy)bis(ethylamine)","2,6-Dimethyl-5-heptenal",=,3.12,mM
112,"2,2',2''-triaminotriethylamine","2,6-Dimethyl-5-heptenal",=,3.12,mM
112,"N'-(2-aminoethyl)-N'-methylethane-1,2-diamine","2,6-Dimethyl-5-heptenal",>,12.5,mM
112,Spermidine,"2,6-Dimethyl-5-heptenal",=,6.25,mM
112,"1,5-diamino-3-azapentane","2,6-Dimethyl-5-heptenal",=,6.25,mM
112,Bis(3-aminopropyl)amine,"2,6-Dimethyl-5-heptenal",=,3.12,mM
112,Spermine,"2,6-Dimethyl-5-heptenal",=,6.25,mM
112,"1,11-diamino-3,6,9-trioxaundecane",4-Nitrobenzaldehyde,=,1.56,mM
112,"1,6-Hexanediamine",Hexanal,=,0.048,mM
112,"1,5-diamino-3-azapentane",Hexanal,=,0.78,mM
112,"1,11-diamino-3,6,9-trioxaundecane",Vanillin,=,12.5,mM
112,"1,6-Hexanediamine",Vanillin,=,6.25,mM
112,"1,11-diamino-3,6,9-trioxaundecane",Octyl aldehyde,=,0.024,mM
112,"1,6-Hexanediamine",Octyl aldehyde,=,0.098,mM
112,"1,5-diamino-3-azapentane",Octyl aldehyde,=,0.39,mM
112,"1,6-Hexanediamine",Nonyl aldehyde,=,0.19,mM
112,"1,5-diamino-3-azapentane",Nonyl aldehyde,=,0.098,mM
112,"N-bis-(2-amino-ethyl)-ethane-1,2-diamine",Trans-2-pentenal,=,6.25,mM
112,"2,2-bis(2-aminoethoxy)propane",Trans-2-pentenal,=,1.56,mM
112,(Z)-[bis(2-aminoethyl)amino]-hydroxyimino-oxidoazanium,Trans-2-pentenal,=,0.39,mM
112,"1,7-Diaminoheptane",Trans-2-pentenal,=,0.39,mM
112,"2,2'-diaminodiethyl ether",Trans-2-pentenal,=,3.12,mM
112,"1,11-diamino-3,6,9-trioxaundecane",Trans-2-pentenal,=,3.12,mM
112,"1,5-diaminopentane",Trans-2-pentenal,=,1.56,mM
112,"1,4-diaminobutane",Trans-2-pentenal,=,0.19,mM
112,p-Phenylenediamine,Trans-2-pentenal,>,12.5,mM
112,"3,7-diazanonane-1,9-diamine",Trans-2-pentenal,=,6.25,mM
112,"(3-aminopropyl)-1,2-ethylenediamine",Trans-2-pentenal,=,6.25,mM
112,"1,6-Hexanediamine",Trans-2-pentenal,=,0.19,mM
112,"1,3-bis(aminomethyl)cyclohexane",Trans-2-pentenal,=,1.56,mM
112,"N'-(2-aminoethyl)-N'-methylethane-1,2-diamine",Trans-2-pentenal,=,0.78,mM
112,Bis(3-aminopropyl)amine,Trans-2-pentenal,=,0.39,mM
112,"3,3'-Diamino-N-methyldipropylamine",Trans-2-pentenal,=,3.12,mM
112,"1,11-diamino-3,6,9-trioxaundecane",citronellal,=,0.0061,mM
112,"1,6-Hexanediamine",citronellal,=,0.048,mM
112,"1,5-diamino-3-azapentane",citronellal,=,1.56,mM
112,"1,11-diamino-3,6,9-trioxaundecane",2-Pyridinecarboxaldehyde,=,3.12,mM
112,"1,6-Hexanediamine",2-Pyridinecarboxaldehyde,=,3.12,mM
112,"1,5-diamino-3-azapentane",2-Pyridinecarboxaldehyde,=,12.5,mM
112,"1,11-diamino-3,6,9-trioxaundecane",(E)-hept-2-enal,=,0.049,mM
112,"1,6-Hexanediamine",(E)-hept-2-enal,=,0.048,mM
112,"1,5-diamino-3-azapentane",(E)-hept-2-enal,=,1.5,mM
112,"1,11-diamino-3,6,9-trioxaundecane","(2E,4E)-deca-2,4-dienal",=,0.049,mM
112,"1,6-Hexanediamine","(2E,4E)-deca-2,4-dienal",=,0.19,mM
112,"1,5-diamino-3-azapentane","(2E,4E)-deca-2,4-dienal",=,0.75,mM
112,"1,5-diamino-3-azapentane",Cinnamaldehyde,=,3,mM
112,"1,11-diamino-3,6,9-trioxaundecane",p-Bromo benzaldehyde,=,6.25,mM
112,"1,6-Hexanediamine",p-Bromo benzaldehyde,=,6.25,mM
112,"1,5-diamino-3-azapentane",p-Bromo benzaldehyde,=,3.12,mM
112,"1,11-diamino-3,6,9-trioxaundecane",(E)-non-2-enal,=,0.048,mM
112,"1,6-Hexanediamine",(E)-non-2-enal,=,0.098,mM
112,"1,11-diamino-3,6,9-trioxaundecane","(2E)-nona-2,6-dienal",=,0.098,mM
112,"1,6-Hexanediamine","(2E)-nona-2,6-dienal",=,0.19,mM
112,"1,5-diamino-3-azapentane","(2E)-nona-2,6-dienal",=,0.19,mM
112,"1,6-Hexanediamine",Citral,=,0.19,mM
112,"1,5-diamino-3-azapentane",Citral,=,0.19,mM
112,"1,11-diamino-3,6,9-trioxaundecane",(E)-hex-2-enal,=,0.19,mM
112,"1,11-diamino-3,6,9-trioxaundecane",Formaldehyde,=,3.12,mM
112,"1,5-diamino-3-azapentane",Formaldehyde,=,12.5,mM
113,"N-bis-(2-amino-ethyl)-ethane-1,2-diamine",(E)-2-Octenal,=,0.196,mM
113,"2,2-bis(2-aminoethoxy)propane",(E)-2-Octenal,=,0.098,mM
113,(Z)-[bis(2-aminoethyl)amino]-hydroxyimino-oxidoazanium,(E)-2-Octenal,=,0.098,mM
113,"1,7-Diaminoheptane",(E)-2-Octenal,=,0.049,mM
113,"2,2'-diaminodiethyl ether",(E)-2-Octenal,=,0.098,mM
113,"1,11-diamino-3,6,9-trioxaundecane",(E)-2-Octenal,=,0.098,mM
113,"1,5-diaminopentane",(E)-2-Octenal,=,0.098,mM
113,"1,4-diaminobutane",(E)-2-Octenal,=,0.098,mM
113,"1,8-diaminooctan",(E)-2-Octenal,=,0.098,mM
113,p-Phenylenediamine,(E)-2-Octenal,>,12.5,mM
113,"(3-aminopropyl)-1,2-ethylenediamine",(E)-2-Octenal,=,0.39,mM
113,"1,6-Hexanediamine",(E)-2-Octenal,=,0.098,mM
113,"1,3-bis(aminomethyl)cyclohexane",(E)-2-Octenal,=,0.39,mM
113,"2,2'-(ethylenedioxy)bis(ethylamine)",(E)-2-Octenal,=,0.049,mM
113,"N'-(2-aminoethyl)-N'-methylethane-1,2-diamine",(E)-2-Octenal,=,0.049,mM
113,"1,5-diamino-3-azapentane",(E)-2-Octenal,=,0.38,mM
113,"3,3'-Diamino-N-methyldipropylamine",(E)-2-Octenal,=,0.098,mM
113,Spermine,(E)-2-Octenal,=,0.75,mM
113,"1,11-diamino-3,6,9-trioxaundecane",1H-Imidazole-2-carboxaldehyde,=,0.39,mM
113,"1,6-Hexanediamine",1H-Imidazole-2-carboxaldehyde,=,3.12,mM
113,"1,11-diamino-3,6,9-trioxaundecane",4-Ethynylbenzaldehyde,=,3.12,mM
113,"1,5-diamino-3-azapentane",4-Ethynylbenzaldehyde,>,12.5,mM
113,"1,11-diamino-3,6,9-trioxaundecane","3,4-Dihydroxybenzaldehyde",=,6.25,mM
113,"1,6-Hexanediamine","3,4-Dihydroxybenzaldehyde",=,6.25,mM
113,"1,11-diamino-3,6,9-trioxaundecane",(E)-Dec-2-enal,=,0.024,mM
113,"1,6-Hexanediamine",(E)-Dec-2-enal,=,0.098,mM
113,"1,5-diamino-3-azapentane",(E)-Dec-2-enal,=,1.5,mM
113,"N-bis-(2-amino-ethyl)-ethane-1,2-diamine","2,6-Dimethyl-5-heptenal",=,3.12,mM
113,(Z)-[bis(2-aminoethyl)amino]-hydroxyimino-oxidoazanium,"2,6-Dimethyl-5-heptenal",=,6.25,mM
113,cystamine dihydrochloride,"2,6-Dimethyl-5-heptenal",=,6.25,mM
113,"2,2'-diaminodiethyl ether","2,6-Dimethyl-5-heptenal",>,12.5,mM
113,"1,11-diamino-3,6,9-trioxaundecane","2,6-Dimethyl-5-heptenal",=,12.5,mM
113,"1,4-diaminobutane","2,6-Dimethyl-5-heptenal",=,3.12,mM
113,"2,5-Bis(aminomethyl)furan","2,6-Dimethyl-5-heptenal",=,6.25,mM
113,"1,8-diaminooctan","2,6-Dimethyl-5-heptenal",=,1.56,mM
113,p-Phenylenediamine,"2,6-Dimethyl-5-heptenal",=,1.56,mM
113,"3,7-diazanonane-1,9-diamine","2,6-Dimethyl-5-heptenal",=,6.25,mM
113,"(3-aminopropyl)-1,2-ethylenediamine","2,6-Dimethyl-5-heptenal",=,12.5,mM
113,"1,6-Hexanediamine","2,6-Dimethyl-5-heptenal",=,6.25,mM
113,"1,3-di(aminomethyl)benzene","2,6-Dimethyl-5-heptenal",=,12.5,mM
113,"1,3-bis(aminomethyl)cyclohexane","2,6-Dimethyl-5-heptenal",=,12.5,mM
113,1.9-diaminononane,"2,6-Dimethyl-5-heptenal",=,1.56,mM
113,"2,2'-(ethylenedioxy)bis(ethylamine)","2,6-Dimethyl-5-heptenal",=,3.12,mM
113,"2,2',2''-triaminotriethylamine","2,6-Dimethyl-5-heptenal",=,3.12,mM
113,"N'-(2-aminoethyl)-N'-methylethane-1,2-diamine","2,6-Dimethyl-5-heptenal",>,12.5,mM
113,Spermidine,"2,6-Dimethyl-5-heptenal",=,6.25,mM
113,"1,5-diamino-3-azapentane","2,6-Dimethyl-5-heptenal",=,6.25,mM
113,"3,3'-Diamino-N-methyldipropylamine","2,6-Dimethyl-5-heptenal",=,12.5,mM
113,Spermine,"2,6-Dimethyl-5-heptenal",=,6.25,mM
113,"1,11-diamino-3,6,9-trioxaundecane",4-Nitrobenzaldehyde,=,1.56,mM
113,"1,5-diamino-3-azapentane",4-Nitrobenzaldehyde,=,3.12,mM
113,"1,11-diamino-3,6,9-trioxaundecane",Hexanal,=,0.39,mM
113,"1,6-Hexanediamine",Hexanal,=,0.048,mM
113,"1,5-diamino-3-azapentane",Hexanal,=,0.78,mM
113,"1,6-Hexanediamine",Vanillin,=,6.25,mM
113,"1,5-diamino-3-azapentane",Vanillin,=,1.5,mM
113,"1,11-diamino-3,6,9-trioxaundecane",Octyl aldehyde,=,0.024,mM
113,"1,6-Hexanediamine",Octyl aldehyde,=,0.098,mM
113,"1,5-diamino-3-azapentane",Octyl aldehyde,=,0.39,mM
113,"1,6-Hexanediamine",Nonyl aldehyde,=,0.19,mM
113,"1,5-diamino-3-azapentane",Nonyl aldehyde,=,0.098,mM
113,"N-bis-(2-amino-ethyl)-ethane-1,2-diamine",Trans-2-pentenal,=,6.25,mM
113,"2,2-bis(2-aminoethoxy)propane",Trans-2-pentenal,=,1.56,mM
113,(Z)-[bis(2-aminoethyl)amino]-hydroxyimino-oxidoazanium,Trans-2-pentenal,=,0.39,mM
113,"1,7-Diaminoheptane",Trans-2-pentenal,=,0.39,mM
113,"2,2'-diaminodiethyl ether",Trans-2-pentenal,=,3.12,mM
113,"1,11-diamino-3,6,9-trioxaundecane",Trans-2-pentenal,=,3.12,mM
113,"1,5-diaminopentane",Trans-2-pentenal,=,1.56,mM
113,"1,8-diaminooctan",Trans-2-pentenal,=,0.39,mM
113,"(3-aminopropyl)-1,2-ethylenediamine",Trans-2-pentenal,=,6.25,mM
113,"1,6-Hexanediamine",Trans-2-pentenal,=,0.19,mM
113,"1,3-bis(aminomethyl)cyclohexane",Trans-2-pentenal,=,1.56,mM
113,1.9-diaminononane,Trans-2-pentenal,=,0.098,mM
113,"1,5-diamino-3-azapentane",Trans-2-pentenal,=,6.25,mM
113,Bis(3-aminopropyl)amine,Trans-2-pentenal,=,0.39,mM
113,"3,3'-Diamino-N-methyldipropylamine",Trans-2-pentenal,=,3.12,mM
113,"1,11-diamino-3,6,9-trioxaundecane",citronellal,=,0.0061,mM
113,"1,6-Hexanediamine",citronellal,=,0.048,mM
113,"1,5-diamino-3-azapentane",citronellal,=,1.56,mM
113,"1,11-diamino-3,6,9-trioxaundecane",2-Pyridinecarboxaldehyde,=,3.12,mM
113,"1,5-diamino-3-azapentane",2-Pyridinecarboxaldehyde,=,12.5,mM
113,"1,6-Hexanediamine",(E)-hept-2-enal,=,0.048,mM
113,"1,11-diamino-3,6,9-trioxaundecane","(2E,4E)-deca-2,4-dienal",=,0.049,mM
113,"1,6-Hexanediamine","(2E,4E)-deca-2,4-dienal",=,0.19,mM
113,"1,5-diamino-3-azapentane","(2E,4E)-deca-2,4-dienal",=,0.75,mM
113,"1,11-diamino-3,6,9-trioxaundecane",Cinnamaldehyde,=,0.19,mM
113,"1,6-Hexanediamine",Cinnamaldehyde,=,0.39,mM
113,"1,5-diamino-3-azapentane",Cinnamaldehyde,=,3,mM
113,"1,6-Hexanediamine",p-Bromo benzaldehyde,=,6.25,mM
113,"1,5-diamino-3-azapentane",p-Bromo benzaldehyde,=,3.12,mM
113,"1,11-diamino-3,6,9-trioxaundecane",(E)-non-2-enal,=,0.048,mM
113,"1,5-diamino-3-azapentane",(E)-non-2-enal,=,0.38,mM
113,"1,11-diamino-3,6,9-trioxaundecane","(2E)-nona-2,6-dienal",=,0.098,mM
113,"1,5-diamino-3-azapentane","(2E)-nona-2,6-dienal",=,0.19,mM
113,"1,11-diamino-3,6,9-trioxaundecane",Citral,=,0.098,mM
113,"1,5-diamino-3-azapentane",Citral,=,0.19,mM
113,"1,6-Hexanediamine",(E)-hex-2-enal,=,0.39,mM
113,"1,5-diamino-3-azapentane",(E)-hex-2-enal,=,3,mM
113,"1,11-diamino-3,6,9-trioxaundecane",Formaldehyde,=,3.12,mM
113,"1,5-diamino-3-azapentane",Formaldehyde,=,12.5,mM
114,"N-bis-(2-amino-ethyl)-ethane-1,2-diamine",(E)-2-Octenal,=,0.196,mM
114,"2,2-bis(2-aminoethoxy)propane",(E)-2-Octenal,=,0.098,mM
114,"2,2'-diaminodiethyl ether",(E)-2-Octenal,=,0.098,mM
114,"1,11-diamino-3,6,9-trioxaundecane",(E)-2-Octenal,=,0.098,mM
114,"1,5-diaminopentane",(E)-2-Octenal,=,0.098,mM
114,"1,4-diaminobutane",(E)-2-Octenal,=,0.098,mM
114,"1,8-diaminooctan",(E)-2-Octenal,=,0.098,mM
114,p-Phenylenediamine,(E)-2-Octenal,>,12.5,mM
114,Polyethylenimine linear,(E)-2-Octenal,=,0.38,mM
114,"3,7-diazanonane-1,9-diamine",(E)-2-Octenal,=,0.196,mM
114,"(3-aminopropyl)-1,2-ethylenediamine",(E)-2-Octenal,=,0.39,mM
114,"1,6-Hexanediamine",(E)-2-Octenal,=,0.098,mM
114,"1,3-bis(aminomethyl)cyclohexane",(E)-2-Octenal,=,0.39,mM
114,1.9-diaminononane,(E)-2-Octenal,=,0.098,mM
114,"2,2'-(ethylenedioxy)bis(ethylamine)",(E)-2-Octenal,=,0.049,mM
114,"2,2',2''-triaminotriethylamine",(E)-2-Octenal,=,0.098,mM
114,"N'-(2-aminoethyl)-N'-methylethane-1,2-diamine",(E)-2-Octenal,=,0.049,mM
114,"1,5-diamino-3-azapentane",(E)-2-Octenal,=,0.38,mM
114,"3,3'-Diamino-N-methyldipropylamine",(E)-2-Octenal,=,0.098,mM
114,"1,11-diamino-3,6,9-trioxaundecane",1H-Imidazole-2-carboxaldehyde,=,0.39,mM
114,"1,6-Hexanediamine",1H-Imidazole-2-carboxaldehyde,=,3.12,mM
114,"1,11-diamino-3,6,9-trioxaundecane",4-Ethynylbenzaldehyde,=,3.12,mM
114,"1,5-diamino-3-azapentane",4-Ethynylbenzaldehyde,>,12.5,mM
114,"1,11-diamino-3,6,9-trioxaundecane","3,4-Dihydroxybenzaldehyde",=,6.25,mM
114,"1,6-Hexanediamine","3,4-Dihydroxybenzaldehyde",=,6.25,mM
114,"1,11-diamino-3,6,9-trioxaundecane",(E)-Dec-2-enal,=,0.024,mM
114,"2,2-bis(2-aminoethoxy)propane","2,6-Dimethyl-5-heptenal",>,12.5,mM
114,(Z)-[bis(2-aminoethyl)amino]-hydroxyimino-oxidoazanium,"2,6-Dimethyl-5-heptenal",=,6.25,mM
114,cystamine dihydrochloride,"2,6-Dimethyl-5-heptenal",=,6.25,mM
114,"1,7-Diaminoheptane","2,6-Dimethyl-5-heptenal",=,3.12,mM
114,"1,11-diamino-3,6,9-trioxaundecane","2,6-Dimethyl-5-heptenal",=,12.5,mM
114,"1,5-diaminopentane","2,6-Dimethyl-5-heptenal",=,6.25,mM
114,"1,4-diaminobutane","2,6-Dimethyl-5-heptenal",=,3.12,mM
114,"2,5-Bis(aminomethyl)furan","2,6-Dimethyl-5-heptenal",=,6.25,mM
114,p-Phenylenediamine,"2,6-Dimethyl-5-heptenal",=,1.56,mM
114,"(3-aminopropyl)-1,2-ethylenediamine","2,6-Dimethyl-5-heptenal",=,12.5,mM
114,"1,6-Hexanediamine","2,6-Dimethyl-5-heptenal",=,6.25,mM
114,"1,3-di(aminomethyl)benzene","2,6-Dimethyl-5-heptenal",=,12.5,mM
114,"1,3-bis(aminomethyl)cyclohexane","2,6-Dimethyl-5-heptenal",=,12.5,mM
114,1.9-diaminononane,"2,6-Dimethyl-5-heptenal",=,1.56,mM
114,"2,2'-(ethylenedioxy)bis(ethylamine)","2,6-Dimethyl-5-heptenal",=,3.12,mM
114,"N'-(2-aminoethyl)-N'-methylethane-1,2-diamine","2,6-Dimethyl-5-heptenal",>,12.5,mM
114,Spermidine,"2,6-Dimethyl-5-heptenal",=,6.25,mM
114,"1,5-diamino-3-azapentane","2,6-Dimethyl-5-heptenal",=,6.25,mM
114,Bis(3-aminopropyl)amine,"2,6-Dimethyl-5-heptenal",=,3.12,mM
114,"3,3'-Diamino-N-methyldipropylamine","2,6-Dimethyl-5-heptenal",=,12.5,mM
114,Spermine,"2,6-Dimethyl-5-heptenal",=,6.25,mM
114,"1,11-diamino-3,6,9-trioxaundecane",4-Nitrobenzaldehyde,=,1.56,mM
114,"1,6-Hexanediamine",4-Nitrobenzaldehyde,=,3.12,mM
114,"1,5-diamino-3-azapentane",4-Nitrobenzaldehyde,=,3.12,mM
114,"1,11-diamino-3,6,9-trioxaundecane",Hexanal,=,0.39,mM
114,"1,11-diamino-3,6,9-trioxaundecane",Vanillin,=,12.5,mM
114,"1,6-Hexanediamine",Vanillin,=,6.25,mM
114,"1,11-diamino-3,6,9-trioxaundecane",Octyl aldehyde,=,0.024,mM
114,"1,6-Hexanediamine",Octyl aldehyde,=,0.098,mM
114,"1,5-diamino-3-azapentane",Octyl aldehyde,=,0.39,mM
114,"1,6-Hexanediamine",Nonyl aldehyde,=,0.19,mM
114,"1,5-diamino-3-azapentane",Nonyl aldehyde,=,0.098,mM
114,"N-bis-(2-amino-ethyl)-ethane-1,2-diamine",Trans-2-pentenal,=,6.25,mM
114,"2,2-bis(2-aminoethoxy)propane",Trans-2-pentenal,=,1.56,mM
114,(Z)-[bis(2-aminoethyl)amino]-hydroxyimino-oxidoazanium,Trans-2-pentenal,=,0.39,mM
114,"1,7-Diaminoheptane",Trans-2-pentenal,=,0.39,mM
114,"2,2'-diaminodiethyl ether",Trans-2-pentenal,=,3.12,mM
114,"1,11-diamino-3,6,9-trioxaundecane",Trans-2-pentenal,=,3.12,mM
114,"1,5-diaminopentane",Trans-2-pentenal,=,1.56,mM
114,"1,4-diaminobutane",Trans-2-pentenal,=,0.19,mM
114,"1,8-diaminooctan",Trans-2-pentenal,=,0.39,mM
114,p-Phenylenediamine,Trans-2-pentenal,>,12.5,mM
114,"(3-aminopropyl)-1,2-ethylenediamine",Trans-2-pentenal,=,6.25,mM
114,"1,6-Hexanediamine",Trans-2-pentenal,=,0.19,mM
114,"1,3-bis(aminomethyl)cyclohexane",Trans-2-pentenal,=,1.56,mM
114,1.9-diaminononane,Trans-2-pentenal,=,0.098,mM
114,"2,2'-(ethylenedioxy)bis(ethylamine)",Trans-2-pentenal,=,3.12,mM
114,"N'-(2-aminoethyl)-N'-methylethane-1,2-diamine",Trans-2-pentenal,=,0.78,mM
114,"3,3'-Diamino-N-methyldipropylamine",Trans-2-pentenal,=,3.12,mM
114,"1,11-diamino-3,6,9-trioxaundecane",citronellal,=,0.0061,mM
114,"1,6-Hexanediamine",citronellal,=,0.048,mM
114,"1,5-diamino-3-azapentane",citronellal,=,1.56,mM
114,"1,6-Hexanediamine",2-Pyridinecarboxaldehyde,=,3.12,mM
114,"1,5-diamino-3-azapentane",2-Pyridinecarboxaldehyde,=,12.5,mM
114,"1,11-diamino-3,6,9-trioxaundecane",(E)-hept-2-enal,=,0.049,mM
114,"1,6-Hexanediamine",(E)-hept-2-enal,=,0.048,mM
114,"1,11-diamino-3,6,9-trioxaundecane","(2E,4E)-deca-2,4-dienal",=,0.049,mM
114,"1,6-Hexanediamine","(2E,4E)-deca-2,4-dienal",=,0.19,mM
114,"1,5-diamino-3-azapentane","(2E,4E)-deca-2,4-dienal",=,0.75,mM
114,"1,11-diamino-3,6,9-trioxaundecane",Cinnamaldehyde,=,0.19,mM
114,"1,5-diamino-3-azapentane",Cinnamaldehyde,=,3,mM
114,"1,11-diamino-3,6,9-trioxaundecane",p-Bromo benzaldehyde,=,6.25,mM
114,"1,6-Hexanediamine",p-Bromo benzaldehyde,=,6.25,mM
114,"1,6-Hexanediamine",(E)-non-2-enal,=,0.098,mM
114,"1,5-diamino-3-azapentane",(E)-non-2-enal,=,0.38,mM
114,"1,11-diamino-3,6,9-trioxaundecane","(2E)-nona-2,6-dienal",=,0.098,mM
114,"1,6-Hexanediamine","(2E)-nona-2,6-dienal",=,0.19,mM
114,"1,5-diamino-3-azapentane","(2E)-nona-2,6-dienal",=,0.19,mM
114,"1,11-diamino-3,6,9-trioxaundecane",Citral,=,0.098,mM
114,"1,5-diamino-3-azapentane",Citral,=,0.19,mM
114,"1,11-diamino-3,6,9-trioxaundecane",(E)-hex-2-enal,=,0.19,mM
114,"1,6-Hexanediamine",(E)-hex-2-enal,=,0.39,mM
114,"1,5-diamino-3-azapentane",(E)-hex-2-enal,=,3,mM
114,"1,5-diamino-3-azapentane",Formaldehyde,=,12.5,mM
115,"N-bis-(2-amino-ethyl)-ethane-1,2-diamine",(E)-2-Octenal,=,0.196,mM
115,"2,2-bis(2-aminoethoxy)propane",(E)-2-Octenal,=,0.098,mM
115,(Z)-[bis(2-aminoethyl)amino]-hydroxyimino-oxidoazanium,(E)-2-Octenal,=,0.098,mM
115,"1,7-Diaminoheptane",(E)-2-Octenal,=,0.049,mM
115,"1,11-diamino-3,6,9-trioxaundecane",(E)-2-Octenal,=,0.098,mM
115,"1,4-diaminobutane",(E)-2-Octenal,=,0.098,mM
115,"1,8-diaminooctan",(E)-2-Octenal,=,0.098,mM
115,p-Phenylenediamine,(E)-2-Octenal,>,12.5,mM
115,Polyethylenimine linear,(E)-2-Octenal,=,0.38,mM
115,"3,7-diazanonane-1,9-diamine",(E)-2-Octenal,=,0.196,mM
115,"(3-aminopropyl)-1,2-ethylenediamine",(E)-2-Octenal,=,0.39,mM
115,"1,6-Hexanediamine",(E)-2-Octenal,=,0.098,mM
115,"1,3-bis(aminomethyl)cyclohexane",(E)-2-Octenal,=,0.39,mM
115,1.9-diaminononane,(E)-2-Octenal,=,0.098,mM
115,"2,2'-(ethylenedioxy)bis(ethylamine)",(E)-2-Octenal,=,0.049,mM
115,"2,2',2''-triaminotriethylamine",(E)-2-Octenal,=,0.098,mM
115,"N'-(2-aminoethyl)-N'-methylethane-1,2-diamine",(E)-2-Octenal,=,0.049,mM
115,"1,5-diamino-3-azapentane",(E)-2-Octenal,=,0.38,mM
115,Bis(3-aminopropyl)amine,(E)-2-Octenal,=,0.75,mM
115,"3,3'-Diamino-N-methyldipropylamine",(E)-2-Octenal,=,0.098,mM
115,Spermine,(E)-2-Octenal,=,0.75,mM
115,"1,11-diamino-3,6,9-trioxaundecane",1H-Imidazole-2-carboxaldehyde,=,0.39,mM
115,"1,6-Hexanediamine",1H-Imidazole-2-carboxaldehyde,=,3.12,mM
115,"1,5-diamino-3-azapentane",1H-Imidazole-2-carboxaldehyde,=,0.78,mM
115,"1,11-diamino-3,6,9-trioxaundecane",4-Ethynylbenzaldehyde,=,3.12,mM
115,"1,5-diamino-3-azapentane",4-Ethynylbenzaldehyde,>,12.5,mM
115,"1,11-diamino-3,6,9-trioxaundecane","3,4-Dihydroxybenzaldehyde",=,6.25,mM
115,"1,11-diamino-3,6,9-trioxaundecane",(E)-Dec-2-enal,=,0.024,mM
115,"1,6-Hexanediamine",(E)-Dec-2-enal,=,0.098,mM
115,"1,5-diamino-3-azapentane",(E)-Dec-2-enal,=,1.5,mM
115,"2,2-bis(2-aminoethoxy)propane","2,6-Dimethyl-5-heptenal",>,12.5,mM
115,(Z)-[bis(2-aminoethyl)amino]-hydroxyimino-oxidoazanium,"2,6-Dimethyl-5-heptenal",=,6.25,mM
115,cystamine dihydrochloride,"2,6-Dimethyl-5-heptenal",=,6.25,mM
115,"1,7-Diaminoheptane","2,6-Dimethyl-5-heptenal",=,3.12,mM
115,"2,2'-diaminodiethyl ether","2,6-Dimethyl-5-heptenal",>,12.5,mM
115,"1,11-diamino-3,6,9-trioxaundecane","2,6-Dimethyl-5-heptenal",=,12.5,mM
115,"1,5-diaminopentane","2,6-Dimethyl-5-heptenal",=,6.25,mM
115,"1,4-diaminobutane","2,6-Dimethyl-5-heptenal",=,3.12,mM
115,"2,5-Bis(aminomethyl)furan","2,6-Dimethyl-5-heptenal",=,6.25,mM
115,"1,8-diaminooctan","2,6-Dimethyl-5-heptenal",=,1.56,mM
115,p-Phenylenediamine,"2,6-Dimethyl-5-heptenal",=,1.56,mM
115,"3,7-diazanonane-1,9-diamine","2,6-Dimethyl-5-heptenal",=,6.25,mM
115,"1,3-bis(aminomethyl)cyclohexane","2,6-Dimethyl-5-heptenal",=,12.5,mM
115,1.9-diaminononane,"2,6-Dimethyl-5-heptenal",=,1.56,mM
115,"2,2'-(ethylenedioxy)bis(ethylamine)","2,6-Dimethyl-5-heptenal",=,3.12,mM
115,"2,2',2''-triaminotriethylamine","2,6-Dimethyl-5-heptenal",=,3.12,mM
115,"N'-(2-aminoethyl)-N'-methylethane-1,2-diamine","2,6-Dimethyl-5-heptenal",>,12.5,mM
115,"1,5-diamino-3-azapentane","2,6-Dimethyl-5-heptenal",=,6.25,mM
115,Bis(3-aminopropyl)amine,"2,6-Dimethyl-5-heptenal",=,3.12,mM
115,Spermine,"2,6-Dimethyl-5-heptenal",=,6.25,mM
115,"1,11-diamino-3,6,9-trioxaundecane",4-Nitrobenzaldehyde,=,1.56,mM
115,"1,5-diamino-3-azapentane",4-Nitrobenzaldehyde,=,3.12,mM
115,"1,11-diamino-3,6,9-trioxaundecane",Hexanal,=,0.39,mM
115,"1,6-Hexanediamine",Hexanal,=,0.048,mM
115,"1,5-diamino-3-azapentane",Hexanal,=,0.78,mM
115,"1,11-diamino-3,6,9-trioxaundecane",Vanillin,=,12.5,mM
115,"1,6-Hexanediamine",Vanillin,=,6.25,mM
115,"1,11-diamino-3,6,9-trioxaundecane",Octyl aldehyde,=,0.024,mM
115,"1,6-Hexanediamine",Octyl aldehyde,=,0.098,mM
115,"1,5-diamino-3-azapentane",Octyl aldehyde,=,0.39,mM
115,"1,6-Hexanediamine",Nonyl aldehyde,=,0.19,mM
115,"1,5-diamino-3-azapentane",Nonyl aldehyde,=,0.098,mM
115,"2,2-bis(2-aminoethoxy)propane",Trans-2-pentenal,=,1.56,mM
115,"1,11-diamino-3,6,9-trioxaundecane",Trans-2-pentenal,=,3.12,mM
115,"1,5-diaminopentane",Trans-2-pentenal,=,1.56,mM
115,"1,4-diaminobutane",Trans-2-pentenal,=,0.19,mM
115,p-Phenylenediamine,Trans-2-pentenal,>,12.5,mM
115,"(3-aminopropyl)-1,2-ethylenediamine",Trans-2-pentenal,=,6.25,mM
115,"1,6-Hexanediamine",Trans-2-pentenal,=,0.19,mM
115,"2,2'-(ethylenedioxy)bis(ethylamine)",Trans-2-pentenal,=,3.12,mM
115,"N'-(2-aminoethyl)-N'-methylethane-1,2-diamine",Trans-2-pentenal,=,0.78,mM
115,"1,5-diamino-3-azapentane",Trans-2-pentenal,=,6.25,mM
115,"3,3'-Diamino-N-methyldipropylamine",Trans-2-pentenal,=,3.12,mM
115,"1,11-diamino-3,6,9-trioxaundecane",2-Pyridinecarboxaldehyde,=,3.12,mM
115,"1,6-Hexanediamine",2-Pyridinecarboxaldehyde,=,3.12,mM
115,"1,5-diamino-3-azapentane",2-Pyridinecarboxaldehyde,=,12.5,mM
115,"1,11-diamino-3,6,9-trioxaundecane",(E)-hept-2-enal,=,0.049,mM
115,"1,6-Hexanediamine",(E)-hept-2-enal,=,0.048,mM
115,"1,5-diamino-3-azapentane",(E)-hept-2-enal,=,1.5,mM
115,"1,5-diamino-3-azapentane","(2E,4E)-deca-2,4-dienal",=,0.75,mM
115,"1,11-diamino-3,6,9-trioxaundecane",Cinnamaldehyde,=,0.19,mM
115,"1,6-Hexanediamine",Cinnamaldehyde,=,0.39,mM
115,"1,5-diamino-3-azapentane",Cinnamaldehyde,=,3,mM
115,"1,11-diamino-3,6,9-trioxaundecane",p-Bromo benzaldehyde,=,6.25,mM
115,"1,6-Hexanediamine",p-Bromo benzaldehyde,=,6.25,mM
115,"1,5-diamino-3-azapentane",p-Bromo benzaldehyde,=,3.12,mM
115,"1,11-diamino-3,6,9-trioxaundecane",(E)-non-2-enal,=,0.048,mM
115,"1,6-Hexanediamine",(E)-non-2-enal,=,0.098,mM
115,"1,5-diamino-3-azapentane",(E)-non-2-enal,=,0.38,mM
115,"1,11-diamino-3,6,9-trioxaundecane","(2E)-nona-2,6-dienal",=,0.098,mM
115,"1,6-Hexanediamine","(2E)-nona-2,6-dienal",=,0.19,mM
115,"1,5-diamino-3-azapentane","(2E)-nona-2,6-dienal",=,0.19,mM
115,"1,11-diamino-3,6,9-trioxaundecane",Citral,=,0.098,mM
115,"1,6-Hexanediamine",Citral,=,0.19,mM
115,"1,5-diamino-3-azapentane",Citral,=,0.19,mM
115,"1,11-diamino-3,6,9-trioxaundecane",(E)-hex-2-enal,=,0.19,mM
115,"1,6-Hexanediamine",(E)-hex-2-enal,=,0.39,mM
115,"1,5-diamino-3-azapentane",(E)-hex-2-enal,=,3,mM
115,"1,11-diamino-3,6,9-trioxaundecane",Formaldehyde,=,3.12,mM
115,"1,5-diamino-3-azapentane",Formaldehyde,=,12.5,mM
116,"N-bis-(2-amino-ethyl)-ethane-1,2-diamine",(E)-2-Octenal,=,0.196,mM
116,"2,2-bis(2-aminoethoxy)propane",(E)-2-Octenal,=,0.098,mM
116,(Z)-[bis(2-aminoethyl)amino]-hydroxyimino-oxidoazanium,(E)-2-Octenal,=,0.098,mM
116,"1,7-Diaminoheptane",(E)-2-Octenal,=,0.049,mM
116,"2,2'-diaminodiethyl ether",(E)-2-Octenal,=,0.098,mM
116,"1,11-diamino-3,6,9-trioxaundecane",(E)-2-Octenal,=,0.098,mM
116,"1,5-diaminopentane",(E)-2-Octenal,=,0.098,mM
116,"1,4-diaminobutane",(E)-2-Octenal,=,0.098,mM
116,"1,8-diaminooctan",(E)-2-Octenal,=,0.098,mM
116,p-Phenylenediamine,(E)-2-Octenal,>,12.5,mM
116,Polyethylenimine linear,(E)-2-Octenal,=,0.38,mM
116,"3,7-diazanonane-1,9-diamine",(E)-2-Octenal,=,0.196,mM
116,"(3-aminopropyl)-1,2-ethylenediamine",(E)-2-Octenal,=,0.39,mM
116,"1,6-Hexanediamine",(E)-2-Octenal,=,0.098,mM
116,"1,3-bis(aminomethyl)cyclohexane",(E)-2-Octenal,=,0.39,mM
116,1.9-diaminononane,(E)-2-Octenal,=,0.098,mM
116,"2,2'-(ethylenedioxy)bis(ethylamine)",(E)-2-Octenal,=,0.049,mM
116,"2,2',2''-triaminotriethylamine",(E)-2-Octenal,=,0.098,mM
116,"N'-(2-aminoethyl)-N'-methylethane-1,2-diamine",(E)-2-Octenal,=,0.049,mM
116,"1,5-diamino-3-azapentane",(E)-2-Octenal,=,0.38,mM
116,Bis(3-aminopropyl)amine,(E)-2-Octenal,=,0.75,mM
116,"3,3'-Diamino-N-methyldipropylamine",(E)-2-Octenal,=,0.098,mM
116,"1,11-diamino-3,6,9-trioxaundecane",1H-Imidazole-2-carboxaldehyde,=,0.39,mM
116,"1,11-diamino-3,6,9-trioxaundecane",4-Ethynylbenzaldehyde,=,3.12,mM
116,"1,5-diamino-3-azapentane",4-Ethynylbenzaldehyde,>,12.5,mM
116,"1,11-diamino-3,6,9-trioxaundecane","3,4-Dihydroxybenzaldehyde",=,6.25,mM
116,"1,6-Hexanediamine","3,4-Dihydroxybenzaldehyde",=,6.25,mM
116,"1,11-diamino-3,6,9-trioxaundecane",(E)-Dec-2-enal,=,0.024,mM
116,"N-bis-(2-amino-ethyl)-ethane-1,2-diamine","2,6-Dimethyl-5-heptenal",=,3.12,mM
116,(Z)-[bis(2-aminoethyl)amino]-hydroxyimino-oxidoazanium,"2,6-Dimethyl-5-heptenal",=,6.25,mM
116,cystamine dihydrochloride,"2,6-Dimethyl-5-heptenal",=,6.25,mM
116,"1,7-Diaminoheptane","2,6-Dimethyl-5-heptenal",=,3.12,mM
116,"2,2'-diaminodiethyl ether","2,6-Dimethyl-5-heptenal",>,12.5,mM
116,"1,11-diamino-3,6,9-trioxaundecane","2,6-Dimethyl-5-heptenal",=,12.5,mM
116,"1,5-diaminopentane","2,6-Dimethyl-5-heptenal",=,6.25,mM
116,"1,4-diaminobutane","2,6-Dimethyl-5-heptenal",=,3.12,mM
116,"2,5-Bis(aminomethyl)furan","2,6-Dimethyl-5-heptenal",=,6.25,mM
116,"1,8-diaminooctan","2,6-Dimethyl-5-heptenal",=,1.56,mM
116,p-Phenylenediamine,"2,6-Dimethyl-5-heptenal",=,1.56,mM
116,"(3-aminopropyl)-1,2-ethylenediamine","2,6-Dimethyl-5-heptenal",=,12.5,mM
116,"1,6-Hexanediamine","2,6-Dimethyl-5-heptenal",=,6.25,mM
116,"1,3-di(aminomethyl)benzene","2,6-Dimethyl-5-heptenal",=,12.5,mM
116,"1,3-bis(aminomethyl)cyclohexane","2,6-Dimethyl-5-heptenal",=,12.5,mM
116,1.9-diaminononane,"2,6-Dimethyl-5-heptenal",=,1.56,mM
116,"2,2'-(ethylenedioxy)bis(ethylamine)","2,6-Dimethyl-5-heptenal",=,3.12,mM
116,"2,2',2''-triaminotriethylamine","2,6-Dimethyl-5-heptenal",=,3.12,mM
116,Spermidine,"2,6-Dimethyl-5-heptenal",=,6.25,mM
116,"1,5-diamino-3-azapentane","2,6-Dimethyl-5-heptenal",=,6.25,mM
116,Bis(3-aminopropyl)amine,"2,6-Dimethyl-5-heptenal",=,3.12,mM
116,"3,3'-Diamino-N-methyldipropylamine","2,6-Dimethyl-5-heptenal",=,12.5,mM
116,"1,5-diamino-3-azapentane",4-Nitrobenzaldehyde,=,3.12,mM
116,"1,11-diamino-3,6,9-trioxaundecane",Hexanal,=,0.39,mM
116,"1,6-Hexanediamine",Hexanal,=,0.048,mM
116,"1,5-diamino-3-azapentane",Hexanal,=,0.78,mM
116,"1,11-diamino-3,6,9-trioxaundecane",Vanillin,=,12.5,mM
116,"1,6-Hexanediamine",Vanillin,=,6.25,mM
116,"1,11-diamino-3,6,9-trioxaundecane",Octyl aldehyde,=,0.024,mM
116,"1,6-Hexanediamine",Octyl aldehyde,=,0.098,mM
116,"1,5-diamino-3-azapentane",Octyl aldehyde,=,0.39,mM
116,"1,6-Hexanediamine",Nonyl aldehyde,=,0.19,mM
116,"1,5-diamino-3-azapentane",Nonyl aldehyde,=,0.098,mM
116,"N-bis-(2-amino-ethyl)-ethane-1,2-diamine",Trans-2-pentenal,=,6.25,mM
116,"2,2-bis(2-aminoethoxy)propane",Trans-2-pentenal,=,1.56,mM
116,"2,2'-diaminodiethyl ether",Trans-2-pentenal,=,3.12,mM
116,"1,11-diamino-3,6,9-trioxaundecane",Trans-2-pentenal,=,3.12,mM
116,"1,5-diaminopentane",Trans-2-pentenal,=,1.56,mM
116,"1,4-diaminobutane",Trans-2-pentenal,=,0.19,mM
116,"1,8-diaminooctan",Trans-2-pentenal,=,0.39,mM
116,"3,7-diazanonane-1,9-diamine",Trans-2-pentenal,=,6.25,mM
116,"1,6-Hexanediamine",Trans-2-pentenal,=,0.19,mM
116,"1,3-bis(aminomethyl)cyclohexane",Trans-2-pentenal,=,1.56,mM
116,1.9-diaminononane,Trans-2-pentenal,=,0.098,mM
116,"N'-(2-aminoethyl)-N'-methylethane-1,2-diamine",Trans-2-pentenal,=,0.78,mM
116,"1,5-diamino-3-azapentane",Trans-2-pentenal,=,6.25,mM
116,"1,11-diamino-3,6,9-trioxaundecane",citronellal,=,0.0061,mM
116,"1,6-Hexanediamine",citronellal,=,0.048,mM
116,"1,5-diamino-3-azapentane",citronellal,=,1.56,mM
116,"1,11-diamino-3,6,9-trioxaundecane",2-Pyridinecarboxaldehyde,=,3.12,mM
116,"1,5-diamino-3-azapentane",2-Pyridinecarboxaldehyde,=,12.5,mM
116,"1,11-diamino-3,6,9-trioxaundecane",(E)-hept-2-enal,=,0.049,mM
116,"1,6-Hexanediamine",(E)-hept-2-enal,=,0.048,mM
116,"1,11-diamino-3,6,9-trioxaundecane","(2E,4E)-deca-2,4-dienal",=,0.049,mM
116,"1,6-Hexanediamine","(2E,4E)-deca-2,4-dienal",=,0.19,mM
116,"1,5-diamino-3-azapentane","(2E,4E)-deca-2,4-dienal",=,0.75,mM
116,"1,11-diamino-3,6,9-trioxaundecane",Cinnamaldehyde,=,0.19,mM
116,"1,6-Hexanediamine",Cinnamaldehyde,=,0.39,mM
116,"1,5-diamino-3-azapentane",Cinnamaldehyde,=,3,mM
116,"1,6-Hexanediamine",p-Bromo benzaldehyde,=,6.25,mM
116,"1,5-diamino-3-azapentane",p-Bromo benzaldehyde,=,3.12,mM
116,"1,11-diamino-3,6,9-trioxaundecane",(E)-non-2-enal,=,0.048,mM
116,"1,6-Hexanediamine",(E)-non-2-enal,=,0.098,mM
116,"1,11-diamino-3,6,9-trioxaundecane","(2E)-nona-2,6-dienal",=,0.098,mM
116,"1,6-Hexanediamine","(2E)-nona-2,6-dienal",=,0.19,mM
116,"1,5-diamino-3-azapentane","(2E)-nona-2,6-dienal",=,0.19,mM
116,"1,11-diamino-3,6,9-trioxaundecane",Citral,=,0.098,mM
116,"1,6-Hexanediamine",Citral,=,0.19,mM
116,"1,5-diamino-3-azapentane",Citral,=,0.19,mM
116,"1,6-Hexanediamine",(E)-hex-2-enal,=,0.39,mM
116,"1,5-diamino-3-azapentane",(E)-hex-2-enal,=,3,mM
116,"1,11-diamino-3,6,9-trioxaundecane",Formaldehyde,=,3.12,mM
117,"N-bis-(2-amino-ethyl)-ethane-1,2-diamine",(E)-2-Octenal,=,0.196,mM
117,"2,2-bis(2-aminoethoxy)propane",(E)-2-Octenal,=,0.098,mM
117,(Z)-[bis(2-aminoethyl)amino]-hydroxyimino-oxidoazanium,(E)-2-Octenal,=,0.098,mM
117,"1,7-Diaminoheptane",(E)-2-Octenal,=,0.049,mM
117,"2,2'-diaminodiethyl ether",(E)-2-Octenal,=,0.098,mM
117,"1,5-diaminopentane",(E)-2-Octenal,=,0.098,mM
117,"1,4-diaminobutane",(E)-2-Octenal,=,0.098,mM
117,"1,8-diaminooctan",(E)-2-Octenal,=,0.098,mM
117,Polyethylenimine linear,(E)-2-Octenal,=,0.38,mM
117,"3,7-diazanonane-1,9-diamine",(E)-2-Octenal,=,0.196,mM
117,"(3-aminopropyl)-1,2-ethylenediamine",(E)-2-Octenal,=,0.39,mM
117,"1,6-Hexanediamine",(E)-2-Octenal,=,0.098,mM
117,"1,3-bis(aminomethyl)cyclohexane",(E)-2-Octenal,=,0.39,mM
117,1.9-diaminononane,(E)-2-Octenal,=,0.098,mM
117,"2,2'-(ethylenedioxy)bis(ethylamine)",(E)-2-Octenal,=,0.049,mM
117,"2,2',2''-triaminotriethylamine",(E)-2-Octenal,=,0.098,mM
117,"N'-(2-aminoethyl)-N'-methylethane-1,2-diamine",(E)-2-Octenal,=,0.049,mM
117,"1,5-diamino-3-azapentane",(E)-2-Octenal,=,0.38,mM
117,"3,3'-Diamino-N-methyldipropylamine",(E)-2-Octenal,=,0.098,mM
117,"1,11-diamino-3,6,9-trioxaundecane",1H-Imidazole-2-carboxaldehyde,=,0.39,mM
117,"1,6-Hexanediamine",1H-Imidazole-2-carboxaldehyde,=,3.12,mM
117,"1,5-diamino-3-azapentane",1H-Imidazole-2-carboxaldehyde,=,0.78,mM
117,"1,11-diamino-3,6,9-trioxaundecane",4-Ethynylbenzaldehyde,=,3.12,mM
117,"1,5-diamino-3-azapentane",4-Ethynylbenzaldehyde,>,12.5,mM
117,"1,11-diamino-3,6,9-trioxaundecane","3,4-Dihydroxybenzaldehyde",=,6.25,mM
117,"1,6-Hexanediamine","3,4-Dihydroxybenzaldehyde",=,6.25,mM
117,"1,6-Hexanediamine",(E)-Dec-2-enal,=,0.098,mM
117,"1,5-diamino-3-azapentane",(E)-Dec-2-enal,=,1.5,mM
117,"2,2-bis(2-aminoethoxy)propane","2,6-Dimethyl-5-heptenal",>,12.5,mM
117,(Z)-[bis(2-aminoethyl)amino]-hydroxyimino-oxidoazanium,"2,6-Dimethyl-5-heptenal",=,6.25,mM
117,cystamine dihydrochloride,"2,6-Dimethyl-5-heptenal",=,6.25,mM
117,"1,7-Diaminoheptane","2,6-Dimethyl-5-heptenal",=,3.12,mM
117,"2,2'-diaminodiethyl ether","2,6-Dimethyl-5-heptenal",>,12.5,mM
117,"1,11-diamino-3,6,9-trioxaundecane","2,6-Dimethyl-5-heptenal",=,12.5,mM
117,"1,4-diaminobutane","2,6-Dimethyl-5-heptenal",=,3.12,mM
117,"1,8-diaminooctan","2,6-Dimethyl-5-heptenal",=,1.56,mM
117,"3,7-diazanonane-1,9-diamine","2,6-Dimethyl-5-heptenal",=,6.25,mM
117,"(3-aminopropyl)-1,2-ethylenediamine","2,6-Dimethyl-5-heptenal",=,12.5,mM
117,"1,6-Hexanediamine","2,6-Dimethyl-5-heptenal",=,6.25,mM
117,"1,3-di(aminomethyl)benzene","2,6-Dimethyl-5-heptenal",=,12.5,mM
117,"1,3-bis(aminomethyl)cyclohexane","2,6-Dimethyl-5-heptenal",=,12.5,mM
117,1.9-diaminononane,"2,6-Dimethyl-5-heptenal",=,1.56,mM
117,"2,2',2''-triaminotriethylamine","2,6-Dimethyl-5-heptenal",=,3.12,mM
117,"N'-(2-aminoethyl)-N'-methylethane-1,2-diamine","2,6-Dimethyl-5-heptenal",>,12.5,mM
117,Spermidine,"2,6-Dimethyl-5-heptenal",=,6.25,mM
117,"1,5-diamino-3-azapentane","2,6-Dimethyl-5-heptenal",=,6.25,mM
117,Bis(3-aminopropyl)amine,"2,6-Dimethyl-5-heptenal",=,3.12,mM
117,"3,3'-Diamino-N-methyldipropylamine","2,6-Dimethyl-5-heptenal",=,12.5,mM
117,Spermine,"2,6-Dimethyl-5-heptenal",=,6.25,mM
117,"1,11-diamino-3,6,9-trioxaundecane",4-Nitrobenzaldehyde,=,1.56,mM
117,"1,11-diamino-3,6,9-trioxaundecane",Hexanal,=,0.39,mM
117,"1,6-Hexanediamine",Hexanal,=,0.048,mM
117,"1,5-diamino-3-azapentane",Hexanal,=,0.78,mM
117,"1,11-diamino-3,6,9-trioxaundecane",Vanillin,=,12.5,mM
117,"1,6-Hexanediamine",Vanillin,=,6.25,mM
117,"1,5-diamino-3-azapentane",Vanillin,=,1.5,mM
117,"1,6-Hexanediamine",Octyl aldehyde,=,0.098,mM
117,"1,5-diamino-3-azapentane",Octyl aldehyde,=,0.39,mM
117,"1,5-diamino-3-azapentane",Nonyl aldehyde,=,0.098,mM
117,"N-bis-(2-amino-ethyl)-ethane-1,2-diamine",Trans-2-pentenal,=,6.25,mM
117,"2,2-bis(2-aminoethoxy)propane",Trans-2-pentenal,=,1.56,mM
117,(Z)-[bis(2-aminoethyl)amino]-hydroxyimino-oxidoazanium,Trans-2-pentenal,=,0.39,mM
117,"2,2'-diaminodiethyl ether",Trans-2-pentenal,=,3.12,mM
117,"1,11-diamino-3,6,9-trioxaundecane",Trans-2-pentenal,=,3.12,mM
117,"1,5-diaminopentane",Trans-2-pentenal,=,1.56,mM
117,"1,4-diaminobutane",Trans-2-pentenal,=,0.19,mM
117,"1,8-diaminooctan",Trans-2-pentenal,=,0.39,mM
117,p-Phenylenediamine,Trans-2-pentenal,>,12.5,mM
117,"(3-aminopropyl)-1,2-ethylenediamine",Trans-2-pentenal,=,6.25,mM
117,"1,6-Hexanediamine",Trans-2-pentenal,=,0.19,mM
117,"1,3-bis(aminomethyl)cyclohexane",Trans-2-pentenal,=,1.56,mM
117,1.9-diaminononane,Trans-2-pentenal,=,0.098,mM
117,"2,2'-(ethylenedioxy)bis(ethylamine)",Trans-2-pentenal,=,3.12,mM
117,"N'-(2-aminoethyl)-N'-methylethane-1,2-diamine",Trans-2-pentenal,=,0.78,mM
117,"1,5-diamino-3-azapentane",Trans-2-pentenal,=,6.25,mM
117,"3,3'-Diamino-N-methyldipropylamine",Trans-2-pentenal,=,3.12,mM
117,"1,11-diamino-3,6,9-trioxaundecane",citronellal,=,0.0061,mM
117,"1,6-Hexanediamine",citronellal,=,0.048,mM
117,"1,5-diamino-3-azapentane",citronellal,=,1.56,mM
117,"1,11-diamino-3,6,9-trioxaundecane",2-Pyridinecarboxaldehyde,=,3.12,mM
117,"1,6-Hexanediamine",2-Pyridinecarboxaldehyde,=,3.12,mM
117,"1,5-diamino-3-azapentane",2-Pyridinecarboxaldehyde,=,12.5,mM
117,"1,11-diamino-3,6,9-trioxaundecane",(E)-hept-2-enal,=,0.049,mM
117,"1,6-Hexanediamine",(E)-hept-2-enal,=,0.048,mM
117,"1,5-diamino-3-azapentane",(E)-hept-2-enal,=,1.5,mM
117,"1,11-diamino-3,6,9-trioxaundecane","(2E,4E)-deca-2,4-dienal",=,0.049,mM
117,"1,6-Hexanediamine","(2E,4E)-deca-2,4-dienal",=,0.19,mM
117,"1,5-diamino-3-azapentane","(2E,4E)-deca-2,4-dienal",=,0.75,mM
117,"1,11-diamino-3,6,9-trioxaundecane",Cinnamaldehyde,=,0.19,mM
117,"1,6-Hexanediamine",Cinnamaldehyde,=,0.39,mM
117,"1,5-diamino-3-azapentane",Cinnamaldehyde,=,3,mM
117,"1,6-Hexanediamine",p-Bromo benzaldehyde,=,6.25,mM
117,"1,5-diamino-3-azapentane",p-Bromo benzaldehyde,=,3.12,mM
117,"1,11-diamino-3,6,9-trioxaundecane",(E)-non-2-enal,=,0.048,mM
117,"1,6-Hexanediamine",(E)-non-2-enal,=,0.098,mM
117,"1,11-diamino-3,6,9-trioxaundecane","(2E)-nona-2,6-dienal",=,0.098,mM
117,"1,5-diamino-3-azapentane",Citral,=,0.19,mM
117,"1,11-diamino-3,6,9-trioxaundecane",(E)-hex-2-enal,=,0.19,mM
117,"1,5-diamino-3-azapentane",(E)-hex-2-enal,=,3,mM
117,"1,11-diamino-3,6,9-trioxaundecane",Formaldehyde,=,3.12,mM
118,"N-bis-(2-amino-ethyl)-ethane-1,2-diamine",(E)-2-Octenal,=,0.196,mM
118,(Z)-[bis(2-aminoethyl)amino]-hydroxyimino-oxidoazanium,(E)-2-Octenal,=,0.098,mM
118,"1,7-Diaminoheptane",(E)-2-Octenal,=,0.049,mM
118,"1,11-diamino-3,6,9-trioxaundecane",(E)-2-Octenal,=,0.098,mM
118,"1,5-diaminopentane",(E)-2-Octenal,=,0.098,mM
118,"1,4-diaminobutane",(E)-2-Octenal,=,0.098,mM
118,"1,8-diaminooctan",(E)-2-Octenal,=,0.098,mM
118,Polyethylenimine linear,(E)-2-Octenal,=,0.38,mM
118,"3,7-diazanonane-1,9-diamine",(E)-2-Octenal,=,0.196,mM
118,"(3-aminopropyl)-1,2-ethylenediamine",(E)-2-Octenal,=,0.39,mM
118,"1,3-bis(aminomethyl)cyclohexane",(E)-2-Octenal,=,0.39,mM
118,1.9-diaminononane,(E)-2-Octenal,=,0.098,mM
118,"2,2'-(ethylenedioxy)bis(ethylamine)",(E)-2-Octenal,=,0.049,mM
118,"N'-(2-aminoethyl)-N'-methylethane-1,2-diamine",(E)-2-Octenal,=,0.049,mM
118,"1,5-diamino-3-azapentane",(E)-2-Octenal,=,0.38,mM
118,Bis(3-aminopropyl)amine,(E)-2-Octenal,=,0.75,mM
118,"3,3'-Diamino-N-methyldipropylamine",(E)-2-Octenal,=,0.098,mM
118,Spermine,(E)-2-Octenal,=,0.75,mM
118,"1,11-diamino-3,6,9-trioxaundecane",1H-Imidazole-2-carboxaldehyde,=,0.39,mM
118,"1,11-diamino-3,6,9-trioxaundecane",4-Ethynylbenzaldehyde,=,3.12,mM
118,"1,5-diamino-3-azapentane",4-Ethynylbenzaldehyde,>,12.5,mM
118,"1,11-diamino-3,6,9-trioxaundecane","3,4-Dihydroxybenzaldehyde",=,6.25,mM
118,"1,11-diamino-3,6,9-trioxaundecane",(E)-Dec-2-enal,=,0.024,mM
118,"1,6-Hexanediamine",(E)-Dec-2-enal,=,0.098,mM
118,"1,5-diamino-3-azapentane",(E)-Dec-2-enal,=,1.5,mM
118,"N-bis-(2-amino-ethyl)-ethane-1,2-diamine","2,6-Dimethyl-5-heptenal",=,3.12,mM
118,(Z)-[bis(2-aminoethyl)amino]-hydroxyimino-oxidoazanium,"2,6-Dimethyl-5-heptenal",=,6.25,mM
118,cystamine dihydrochloride,"2,6-Dimethyl-5-heptenal",=,6.25,mM
118,"1,7-Diaminoheptane","2,6-Dimethyl-5-heptenal",=,3.12,mM
118,"1,11-diamino-3,6,9-trioxaundecane","2,6-Dimethyl-5-heptenal",=,12.5,mM
118,"1,5-diaminopentane","2,6-Dimethyl-5-heptenal",=,6.25,mM
118,"1,4-diaminobutane","2,6-Dimethyl-5-heptenal",=,3.12,mM
118,"2,5-Bis(aminomethyl)furan","2,6-Dimethyl-5-heptenal",=,6.25,mM
118,"1,8-diaminooctan","2,6-Dimethyl-5-heptenal",=,1.56,mM
118,p-Phenylenediamine,"2,6-Dimethyl-5-heptenal",=,1.56,mM
118,"3,7-diazanonane-1,9-diamine","2,6-Dimethyl-5-heptenal",=,6.25,mM
118,"(3-aminopropyl)-1,2-ethylenediamine","2,6-Dimethyl-5-heptenal",=,12.5,mM
118,"1,6-Hexanediamine","2,6-Dimethyl-5-heptenal",=,6.25,mM
118,"1,3-bis(aminomethyl)cyclohexane","2,6-Dimethyl-5-heptenal",=,12.5,mM
118,1.9-diaminononane,"2,6-Dimethyl-5-heptenal",=,1.56,mM
118,"2,2'-(ethylenedioxy)bis(ethylamine)","2,6-Dimethyl-5-heptenal",=,3.12,mM
118,"2,2',2''-triaminotriethylamine","2,6-Dimethyl-5-heptenal",=,3.12,mM
118,"N'-(2-aminoethyl)-N'-methylethane-1,2-diamine","2,6-Dimethyl-5-heptenal",>,12.5,mM
118,Spermidine,"2,6-Dimethyl-5-heptenal",=,6.25,mM
118,"1,5-diamino-3-azapentane","2,6-Dimethyl-5-heptenal",=,6.25,mM
118,Bis(3-aminopropyl)amine,"2,6-Dimethyl-5-heptenal",=,3.12,mM
118,"3,3'-Diamino-N-methyldipropylamine","2,6-Dimethyl-5-heptenal",=,12.5,mM
118,"1,11-diamino-3,6,9-trioxaundecane",4-Nitrobenzaldehyde,=,1.56,mM
118,"1,6-Hexanediamine",4-Nitrobenzaldehyde,=,3.12,mM
118,"1,5-diamino-3-azapentane",4-Nitrobenzaldehyde,=,3.12,mM
118,"1,11-diamino-3,6,9-trioxaundecane",Hexanal,=,0.39,mM
118,"1,6-Hexanediamine",Hexanal,=,0.048,mM
118,"1,5-diamino-3-azapentane",Hexanal,=,0.78,mM
118,"1,11-diamino-3,6,9-trioxaundecane",Vanillin,=,12.5,mM
118,"1,6-Hexanediamine",Vanillin,=,6.25,mM
118,"1,5-diamino-3-azapentane",Vanillin,=,1.5,mM
118,"1,6-Hexanediamine",Nonyl aldehyde,=,0.19,mM
118,"2,2-bis(2-aminoethoxy)propane",Trans-2-pentenal,=,1.56,mM
118,(Z)-[bis(2-aminoethyl)amino]-hydroxyimino-oxidoazanium,Trans-2-pentenal,=,0.39,mM
118,"1,7-Diaminoheptane",Trans-2-pentenal,=,0.39,mM
118,"2,2'-diaminodiethyl ether",Trans-2-pentenal,=,3.12,mM
118,"1,11-diamino-3,6,9-trioxaundecane",Trans-2-pentenal,=,3.12,mM
118,"1,5-diaminopentane",Trans-2-pentenal,=,1.56,mM
118,"1,4-diaminobutane",Trans-2-pentenal,=,0.19,mM
118,p-Phenylenediamine,Trans-2-pentenal,>,12.5,mM
118,"(3-aminopropyl)-1,2-ethylenediamine",Trans-2-pentenal,=,6.25,mM
118,"1,6-Hexanediamine",Trans-2-pentenal,=,0.19,mM
118,"1,3-bis(aminomethyl)cyclohexane",Trans-2-pentenal,=,1.56,mM
118,1.9-diaminononane,Trans-2-pentenal,=,0.098,mM
118,"2,2'-(ethylenedioxy)bis(ethylamine)",Trans-2-pentenal,=,3.12,mM
118,"N'-(2-aminoethyl)-N'-methylethane-1,2-diamine",Trans-2-pentenal,=,0.78,mM
118,Bis(3-aminopropyl)amine,Trans-2-pentenal,=,0.39,mM
118,"1,11-diamino-3,6,9-trioxaundecane",citronellal,=,0.0061,mM
118,"1,6-Hexanediamine",citronellal,=,0.048,mM
118,"1,6-Hexanediamine",2-Pyridinecarboxaldehyde,=,3.12,mM
118,"1,5-diamino-3-azapentane",2-Pyridinecarboxaldehyde,=,12.5,mM
118,"1,11-diamino-3,6,9-trioxaundecane",(E)-hept-2-enal,=,0.049,mM
118,"1,5-diamino-3-azapentane",(E)-hept-2-enal,=,1.5,mM
118,"1,11-diamino-3,6,9-trioxaundecane","(2E,4E)-deca-2,4-dienal",=,0.049,mM
118,"1,5-diamino-3-azapentane","(2E,4E)-deca-2,4-dienal",=,0.75,mM
118,"1,11-diamino-3,6,9-trioxaundecane",Cinnamaldehyde,=,0.19,mM
118,"1,6-Hexanediamine",Cinnamaldehyde,=,0.39,mM
118,"1,5-diamino-3-azapentane",Cinnamaldehyde,=,3,mM
118,"1,11-diamino-3,6,9-trioxaundecane",p-Bromo benzaldehyde,=,6.25,mM
118,"1,6-Hexanediamine",p-Bromo benzaldehyde,=,6.25,mM
118,"1,5-diamino-3-azapentane",p-Bromo benzaldehyde,=,3.12,mM
118,"1,11-diamino-3,6,9-trioxaundecane",(E)-non-2-enal,=,0.048,mM
118,"1,6-Hexanediamine",(E)-non-2-enal,=,0.098,mM
118,"1,5-diamino-3-azapentane",(E)-non-2-enal,=,0.38,mM
118,"1,11-diamino-3,6,9-trioxaundecane","(2E)-nona-2,6-dienal",=,0.098,mM
118,"1,6-Hexanediamine","(2E)-nona-2,6-dienal",=,0.19,mM
118,"1,5-diamino-3-azapentane","(2E)-nona-2,6-dienal",=,0.19,mM
118,"1,11-diamino-3,6,9-trioxaundecane",Citral,=,0.098,mM
118,"1,6-Hexanediamine",Citral,=,0.19,mM
118,"1,5-diamino-3-azapentane",Citral,=,0.19,mM
118,"1,11-diamino-3,6,9-trioxaundecane",(E)-hex-2-enal,=,0.19,mM
118,"1,6-Hexanediamine",(E)-hex-2-enal,=,0.39,mM
118,"1,5-diamino-3-azapentane",(E)-hex-2-enal,=,3,mM
118,"1,11-diamino-3,6,9-trioxaundecane",Formaldehyde,=,3.12,mM
118,"1,5-diamino-3-azapentane",Formaldehyde,=,12.5,mM
119,"N-bis-(2-amino-ethyl)-ethane-1,2-diamine",(E)-2-Octenal,=,0.196,mM
119,(Z)-[bis(2-aminoethyl)amino]-hydroxyimino-oxidoazanium,(E)-2-Octenal,=,0.098,mM
119,"2,2'-diaminodiethyl ether",(E)-2-Octenal,=,0.098,mM
119,"1,11-diamino-3,6,9-trioxaundecane",(E)-2-Octenal,=,0.098,mM
119,"1,5-diaminopentane",(E)-2-Octenal,=,0.098,mM
119,"1,4-diaminobutane",(E)-2-Octenal,=,0.098,mM
119,"1,8-diaminooctan",(E)-2-Octenal,=,0.098,mM
119,p-Phenylenediamine,(E)-2-Octenal,>,12.5,mM
119,Polyethylenimine linear,(E)-2-Octenal,=,0.38,mM
119,"3,7-diazanonane-1,9-diamine",(E)-2-Octenal,=,0.196,mM
119,"(3-aminopropyl)-1,2-ethylenediamine",(E)-2-Octenal,=,0.39,mM
119,"1,6-Hexanediamine",(E)-2-Octenal,=,0.098,mM
119,"1,3-bis(aminomethyl)cyclohexane",(E)-2-Octenal,=,0.39,mM
119,1.9-diaminononane,(E)-2-Octenal,=,0.098,mM
119,"N'-(2-aminoethyl)-N'-methylethane-1,2-diamine",(E)-2-Octenal,=,0.049,mM
119,"1,5-diamino-3-azapentane",(E)-2-Octenal,=,0.38,mM
119,Bis(3-aminopropyl)amine,(E)-2-Octenal,=,0.75,mM
119,"3,3'-Diamino-N-methyldipropylamine",(E)-2-Octenal,=,0.098,mM
119,Spermine,(E)-2-Octenal,=,0.75,mM
119,"1,6-Hexanediamine",1H-Imidazole-2-carboxaldehyde,=,3.12,mM
119,"1,5-diamino-3-azapentane",1H-Imidazole-2-carboxaldehyde,=,0.78,mM
119,"1,11-diamino-3,6,9-trioxaundecane",4-Ethynylbenzaldehyde,=,3.12,mM
119,"1,5-diamino-3-azapentane",4-Ethynylbenzaldehyde,>,12.5,mM
119,"1,11-diamino-3,6,9-trioxaundecane","3,4-Dihydroxybenzaldehyde",=,6.25,mM
119,"1,6-Hexanediamine","3,4-Dihydroxybenzaldehyde",=,6.25,mM
119,"1,6-Hexanediamine",(E)-Dec-2-enal,=,0.098,mM
119,"1,5-diamino-3-azapentane",(E)-Dec-2-enal,=,1.5,mM
119,"N-bis-(2-amino-ethyl)-ethane-1,2-diamine","2,6-Dimethyl-5-heptenal",=,3.12,mM
119,"2,2-bis(2-aminoethoxy)propane","2,6-Dimethyl-5-heptenal",>,12.5,mM
119,cystamine dihydrochloride,"2,6-Dimethyl-5-heptenal",=,6.25,mM
119,"2,2'-diaminodiethyl ether","2,6-Dimethyl-5-heptenal",>,12.5,mM
119,"1,11-diamino-3,6,9-trioxaundecane","2,6-Dimethyl-5-heptenal",=,12.5,mM
119,"1,5-diaminopentane","2,6-Dimethyl-5-heptenal",=,6.25,mM
119,"1,4-diaminobutane","2,6-Dimethyl-5-heptenal",=,3.12,mM
119,"1,8-diaminooctan","2,6-Dimethyl-5-heptenal",=,1.56,mM
119,p-Phenylenediamine,"2,6-Dimethyl-5-heptenal",=,1.56,mM
119,"3,7-diazanonane-1,9-diamine","2,6-Dimethyl-5-heptenal",=,6.25,mM
119,"(3-aminopropyl)-1,2-ethylenediamine","2,6-Dimethyl-5-heptenal",=,12.5,mM
119,"1,3-di(aminomethyl)benzene","2,6-Dimethyl-5-heptenal",=,12.5,mM
119,"1,3-bis(aminomethyl)cyclohexane","2,6-Dimethyl-5-heptenal",=,12.5,mM
119,1.9-diaminononane,"2,6-Dimethyl-5-heptenal",=,1.56,mM
119,"2,2'-(ethylenedioxy)bis(ethylamine)","2,6-Dimethyl-5-heptenal",=,3.12,mM
119,"2,2',2''-triaminotriethylamine","2,6-Dimethyl-5-heptenal",=,3.12,mM
119,Spermidine,"2,6-Dimethyl-5-heptenal",=,6.25,mM
119,"1,5-diamino-3-azapentane","2,6-Dimethyl-5-heptenal",=,6.25,mM
119,Bis(3-aminopropyl)amine,"2,6-Dimethyl-5-heptenal",=,3.12,mM
119,"3,3'-Diamino-N-methyldipropylamine","2,6-Dimethyl-5-heptenal",=,12.5,mM
119,Spermine,"2,6-Dimethyl-5-heptenal",=,6.25,mM
119,"1,11-diamino-3,6,9-trioxaundecane",4-Nitrobenzaldehyde,=,1.56,mM
119,"1,6-Hexanediamine",4-Nitrobenzaldehyde,=,3.12,mM
119,"1,5-diamino-3-azapentane",4-Nitrobenzaldehyde,=,3.12,mM
119,"1,11-diamino-3,6,9-trioxaundecane",Hexanal,=,0.39,mM
119,"1,6-Hexanediamine",Hexanal,=,0.048,mM
119,"1,5-diamino-3-azapentane",Hexanal,=,0.78,mM
119,"1,11-diamino-3,6,9-trioxaundecane",Vanillin,=,12.5,mM
119,"1,6-Hexanediamine",Vanillin,=,6.25,mM
119,"1,11-diamino-3,6,9-trioxaundecane",Octyl aldehyde,=,0.024,mM
119,"1,6-Hexanediamine",Octyl aldehyde,=,0.098,mM
119,"1,5-diamino-3-azapentane",Octyl aldehyde,=,0.39,mM
119,"1,6-Hexanediamine",Nonyl aldehyde,=,0.19,mM
119,"N-bis-(2-amino-ethyl)-ethane-1,2-diamine",Trans-2-pentenal,=,6.25,mM
119,"2,2-bis(2-aminoethoxy)propane",Trans-2-pentenal,=,1.56,mM
119,(Z)-[bis(2-aminoethyl)amino]-hydroxyimino-oxidoazanium,Trans-2-pentenal,=,0.39,mM
119,"1,7-Diaminoheptane",Trans-2-pentenal,=,0.39,mM
119,"2,2'-diaminodiethyl ether",Trans-2-pentenal,=,3.12,mM
119,"1,8-diaminooctan",Trans-2-pentenal,=,0.39,mM
119,p-Phenylenediamine,Trans-2-pentenal,>,12.5,mM
119,"3,7-diazanonane-1,9-diamine",Trans-2-pentenal,=,6.25,mM
119,"(3-aminopropyl)-1,2-ethylenediamine",Trans-2-pentenal,=,6.25,mM
119,"1,3-bis(aminomethyl)cyclohexane",Trans-2-pentenal,=,1.56,mM
119,1.9-diaminononane,Trans-2-pentenal,=,0.098,mM
119,"2,2'-(ethylenedioxy)bis(ethylamine)",Trans-2-pentenal,=,3.12,mM
119,"N'-(2-aminoethyl)-N'-methylethane-1,2-diamine",Trans-2-pentenal,=,0.78,mM
119,"1,5-diamino-3-azapentane",Trans-2-pentenal,=,6.25,mM
119,Bis(3-aminopropyl)amine,Trans-2-pentenal,=,0.39,mM
119,"3,3'-Diamino-N-methyldipropylamine",Trans-2-pentenal,=,3.12,mM
119,"1,6-Hexanediamine",citronellal,=,0.048,mM
119,"1,5-diamino-3-azapentane",2-Pyridinecarboxaldehyde,=,12.5,mM
119,"1,11-diamino-3,6,9-trioxaundecane",(E)-hept-2-enal,=,0.049,mM
119,"1,6-Hexanediamine",(E)-hept-2-enal,=,0.048,mM
119,"1,5-diamino-3-azapentane",(E)-hept-2-enal,=,1.5,mM
119,"1,11-diamino-3,6,9-trioxaundecane","(2E,4E)-deca-2,4-dienal",=,0.049,mM
119,"1,11-diamino-3,6,9-trioxaundecane",Cinnamaldehyde,=,0.19,mM
119,"1,6-Hexanediamine",Cinnamaldehyde,=,0.39,mM
119,"1,5-diamino-3-azapentane",Cinnamaldehyde,=,3,mM
119,"1,11-diamino-3,6,9-trioxaundecane",p-Bromo benzaldehyde,=,6.25,mM
119,"1,6-Hexanediamine",p-Bromo benzaldehyde,=,6.25,mM
119,"1,5-diamino-3-azapentane",p-Bromo benzaldehyde,=,3.12,mM
119,"1,11-diamino-3,6,9-trioxaundecane",(E)-non-2-enal,=,0.048,mM
119,"1,6-Hexanediamine",(E)-non-2-enal,=,0.098,mM
119,"1,11-diamino-3,6,9-trioxaundecane","(2E)-nona-2,6-dienal",=,0.098,mM
119,"1,6-Hexanediamine","(2E)-nona-2,6-dienal",=,0.19,mM
119,"1,5-diamino-3-azapentane","(2E)-nona-2,6-dienal",=,0.19,mM
119,"1,11-diamino-3,6,9-trioxaundecane",Citral,=,0.098,mM
119,"1,6-Hexanediamine",Citral,=,0.19,mM
119,"1,5-diamino-3-azapentane",Citral,=,0.19,mM
119,"1,6-Hexanediamine",(E)-hex-2-enal,=,0.39,mM
119,"1,5-diamino-3-azapentane",(E)-hex-2-enal,=,3,mM
119,"1,11-diamino-3,6,9-trioxaundecane",Formaldehyde,=,3.12,mM
119,"1,5-diamino-3-azapentane",Formaldehyde,=,12.5,mM
120,"2,2-bis(2-aminoethoxy)propane",(E)-2-Octenal,=,0.098,mM
120,(Z)-[bis(2-aminoethyl)amino]-hydroxyimino-oxidoazanium,(E)-2-Octenal,=,0.098,mM
120,"1,7-Diaminoheptane",(E)-2-Octenal,=,0.049,mM
120,"2,2'-diaminodiethyl ether",(E)-2-Octenal,=,0.098,mM
120,"1,11-diamino-3,6,9-trioxaundecane",(E)-2-Octenal,=,0.098,mM
120,"1,5-diaminopentane",(E)-2-Octenal,=,0.098,mM
120,"1,4-diaminobutane",(E)-2-Octenal,=,0.098,mM
120,p-Phenylenediamine,(E)-2-Octenal,>,12.5,mM
120,Polyethylenimine linear,(E)-2-Octenal,=,0.38,mM
120,"3,7-diazanonane-1,9-diamine",(E)-2-Octenal,=,0.196,mM
120,"(3-aminopropyl)-1,2-ethylenediamine",(E)-2-Octenal,=,0.39,mM
120,"1,6-Hexanediamine",(E)-2-Octenal,=,0.098,mM
120,"1,3-bis(aminomethyl)cyclohexane",(E)-2-Octenal,=,0.39,mM
120,1.9-diaminononane,(E)-2-Octenal,=,0.098,mM
120,"2,2',2''-triaminotriethylamine",(E)-2-Octenal,=,0.098,mM
120,"N'-(2-aminoethyl)-N'-methylethane-1,2-diamine",(E)-2-Octenal,=,0.049,mM
120,"1,5-diamino-3-azapentane",(E)-2-Octenal,=,0.38,mM
120,Bis(3-aminopropyl)amine,(E)-2-Octenal,=,0.75,mM
120,"3,3'-Diamino-N-methyldipropylamine",(E)-2-Octenal,=,0.098,mM
120,Spermine,(E)-2-Octenal,=,0.75,mM
120,"1,11-diamino-3,6,9-trioxaundecane",1H-Imidazole-2-carboxaldehyde,=,0.39,mM
120,"1,6-Hexanediamine",1H-Imidazole-2-carboxaldehyde,=,3.12,mM
120,"1,5-diamino-3-azapentane",1H-Imidazole-2-carboxaldehyde,=,0.78,mM
120,"1,5-diamino-3-azapentane",4-Ethynylbenzaldehyde,>,12.5,mM
120,"1,11-diamino-3,6,9-trioxaundecane","3,4-Dihydroxybenzaldehyde",=,6.25,mM
120,"1,11-diamino-3,6,9-trioxaundecane",(E)-Dec-2-enal,=,0.024,mM
120,"1,6-Hexanediamine",(E)-Dec-2-enal,=,0.098,mM
120,"1,5-diamino-3-azapentane",(E)-Dec-2-enal,=,1.5,mM
120,"2,2-bis(2-aminoethoxy)propane","2,6-Dimethyl-5-heptenal",>,12.5,mM
120,(Z)-[bis(2-aminoethyl)amino]-hydroxyimino-oxidoazanium,"2,6-Dimethyl-5-heptenal",=,6.25,mM
120,cystamine dihydrochloride,"2,6-Dimethyl-5-heptenal",=,6.25,mM
120,"1,7-Diaminoheptane","2,6-Dimethyl-5-heptenal",=,3.12,mM
120,"2,2'-diaminodiethyl ether","2,6-Dimethyl-5-heptenal",>,12.5,mM
120,"1,11-diamino-3,6,9-trioxaundecane","2,6-Dimethyl-5-heptenal",=,12.5,mM
120,"1,5-diaminopentane","2,6-Dimethyl-5-heptenal",=,6.25,mM
120,"1,4-diaminobutane","2,6-Dimethyl-5-heptenal",=,3.12,mM
120,"1,8-diaminooctan","2,6-Dimethyl-5-heptenal",=,1.56,mM
120,p-Phenylenediamine,"2,6-Dimethyl-5-heptenal",=,1.56,mM
120,"(3-aminopropyl)-1,2-ethylenediamine","2,6-Dimethyl-5-heptenal",=,12.5,mM
120,"1,3-di(aminomethyl)benzene","2,6-Dimethyl-5-heptenal",=,12.5,mM
120,"1,3-bis(aminomethyl)cyclohexane","2,6-Dimethyl-5-heptenal",=,12.5,mM
120,1.9-diaminononane,"2,6-Dimethyl-5-heptenal",=,1.56,mM
120,"2,2'-(ethylenedioxy)bis(ethylamine)","2,6-Dimethyl-5-heptenal",=,3.12,mM
120,"N'-(2-aminoethyl)-N'-methylethane-1,2-diamine","2,6-Dimethyl-5-heptenal",>,12.5,mM
120,"1,5-diamino-3-azapentane","2,6-Dimethyl-5-heptenal",=,6.25,mM
120,Bis(3-aminopropyl)amine,"2,6-Dimethyl-5-heptenal",=,3.12,mM
120,"3,3'-Diamino-N-methyldipropylamine","2,6-Dimethyl-5-heptenal",=,12.5,mM
120,Spermine,"2,6-Dimethyl-5-heptenal",=,6.25,mM
120,"1,11-diamino-3,6,9-trioxaundecane",4-Nitrobenzaldehyde,=,1.56,mM
120,"1,6-Hexanediamine",4-Nitrobenzaldehyde,=,3.12,mM
120,"1,5-diamino-3-azapentane",4-Nitrobenzaldehyde,=,3.12,mM
120,"1,11-diamino-3,6,9-trioxaundecane",Hexanal,=,0.39,mM
120,"1,6-Hexanediamine",Hexanal,=,0.048,mM
120,"1,5-diamino-3-azapentane",Hexanal,=,0.78,mM
120,"1,11-diamino-3,6,9-trioxaundecane",Vanillin,=,12.5,mM
120,"1,6-Hexanediamine",Vanillin,=,6.25,mM
120,"1,5-diamino-3-azapentane",Vanillin,=,1.5,mM
120,"1,6-Hexanediamine",Octyl aldehyde,=,0.098,mM
120,"1,5-diamino-3-azapentane",Octyl aldehyde,=,0.39,mM
120,"1,6-Hexanediamine",Nonyl aldehyde,=,0.19,mM
120,"1,5-diamino-3-azapentane",Nonyl aldehyde,=,0.098,mM
120,"2,2-bis(2-aminoethoxy)propane",Trans-2-pentenal,=,1.56,mM
120,(Z)-[bis(2-aminoethyl)amino]-hydroxyimino-oxidoazanium,Trans-2-pentenal,=,0.39,mM
120,"1,7-Diaminoheptane",Trans-2-pentenal,=,0.39,mM
120,"2,2'-diaminodiethyl ether",Trans-2-pentenal,=,3.12,mM
120,"1,11-diamino-3,6,9-trioxaundecane",Trans-2-pentenal,=,3.12,mM
120,"3,7-diazanonane-1,9-diamine",Trans-2-pentenal,=,6.25,mM
120,"(3-aminopropyl)-1,2-ethylenediamine",Trans-2-pentenal,=,6.25,mM
120,"1,6-Hexanediamine",Trans-2-pentenal,=,0.19,mM
120,"1,3-bis(aminomethyl)cyclohexane",Trans-2-pentenal,=,1.56,mM
120,1.9-diaminononane,Trans-2-pentenal,=,0.098,mM
120,"2,2'-(ethylenedioxy)bis(ethylamine)",Trans-2-pentenal,=,3.12,mM
120,"N'-(2-aminoethyl)-N'-methylethane-1,2-diamine",Trans-2-pentenal,=,0.78,mM
120,Bis(3-aminopropyl)amine,Trans-2-pentenal,=,0.39,mM
120,"3,3'-Diamino-N-methyldipropylamine",Trans-2-pentenal,=,3.12,mM
120,"1,11-diamino-3,6,9-trioxaundecane",citronellal,=,0.0061,mM
120,"1,6-Hexanediamine",citronellal,=,0.048,mM
120,"1,5-diamino-3-azapentane",citronellal,=,1.56,mM
120,"1,11-diamino-3,6,9-trioxaundecane",2-Pyridinecarboxaldehyde,=,3.12,mM
120,"1,6-Hexanediamine",2-Pyridinecarboxaldehyde,=,3.12,mM
120,"1,5-diamino-3-azapentane",2-Pyridinecarboxaldehyde,=,12.5,mM
120,"1,11-diamino-3,6,9-trioxaundecane",(E)-hept-2-enal,=,0.049,mM
120,"1,11-diamino-3,6,9-trioxaundecane","(2E,4E)-deca-2,4-dienal",=,0.049,mM
120,"1,6-Hexanediamine","(2E,4E)-deca-2,4-dienal",=,0.19,mM
120,"1,11-diamino-3,6,9-trioxaundecane",Cinnamaldehyde,=,0.19,mM
120,"1,5-diamino-3-azapentane",Cinnamaldehyde,=,3,mM
120,"1,11-diamino-3,6,9-trioxaundecane",p-Bromo benzaldehyde,=,6.25,mM
120,"1,6-Hexanediamine",p-Bromo benzaldehyde,=,6.25,mM
120,"1,11-diamino-3,6,9-trioxaundecane",(E)-non-2-enal,=,0.048,mM
120,"1,5-diamino-3-azapentane",(E)-non-2-enal,=,0.38,mM
120,"1,11-diamino-3,6,9-trioxaundecane","(2E)-nona-2,6-dienal",=,0.098,mM
120,"1,6-Hexanediamine","(2E)-nona-2,6-dienal",=,0.19,mM
120,"1,11-diamino-3,6,9-trioxaundecane",Citral,=,0.098,mM
120,"1,6-Hexanediamine",Citral,=,0.19,mM
120,"1,5-diamino-3-azapentane",Citral,=,0.19,mM
120,"1,11-diamino-3,6,9-trioxaundecane",(E)-hex-2-enal,=,0.19,mM
120,"1,6-Hexanediamine",(E)-hex-2-enal,=,0.39,mM
120,"1,5-diamino-3-azapentane",(E)-hex-2-enal,=,3,mM
120,"1,11-diamino-3,6,9-trioxaundecane",Formaldehyde,=,3.12,mM
120,"1,5-diamino-3-azapentane",Formaldehyde,=,12.5,mM
121,"N-bis-(2-amino-ethyl)-ethane-1,2-diamine",(E)-2-Octenal,=,0.196,mM
121,"2,2-bis(2-aminoethoxy)propane",(E)-2-Octenal,=,0.098,mM
121,"1,7-Diaminoheptane",(E)-2-Octenal,=,0.049,mM
121,"2,2'-diaminodiethyl ether",(E)-2-Octenal,=,0.098,mM
121,"1,11-diamino-3,6,9-trioxaundecane",(E)-2-Octenal,=,0.098,mM
121,"1,5-diaminopentane",(E)-2-Octenal,=,0.098,mM
121,"1,4-diaminobutane",(E)-2-Octenal,=,0.098,mM
121,p-Phenylenediamine,(E)-2-Octenal,>,12.5,mM
121,Polyethylenimine linear,(E)-2-Octenal,=,0.38,mM
121,"3,7-diazanonane-1,9-diamine",(E)-2-Octenal,=,0.196,mM
121,"1,6-Hexanediamine",(E)-2-Octenal,=,0.098,mM
121,"1,3-bis(aminomethyl)cyclohexane",(E)-2-Octenal,=,0.39,mM
121,1.9-diaminononane,(E)-2-Octenal,=,0.098,mM
121,"2,2'-(ethylenedioxy)bis(ethylamine)",(E)-2-Octenal,=,0.049,mM
121,"2,2',2''-triaminotriethylamine",(E)-2-Octenal,=,0.098,mM
121,"N'-(2-aminoethyl)-N'-methylethane-1,2-diamine",(E)-2-Octenal,=,0.049,mM
121,Bis(3-aminopropyl)amine,(E)-2-Octenal,=,0.75,mM
121,"3,3'-Diamino-N-methyldipropylamine",(E)-2-Octenal,=,0.098,mM
121,Spermine,(E)-2-Octenal,=,0.75,mM
121,"1,11-diamino-3,6,9-trioxaundecane",1H-Imidazole-2-carboxaldehyde,=,0.39,mM
121,"1,6-Hexanediamine",1H-Imidazole-2-carboxaldehyde,=,3.12,mM
121,"1,5-diamino-3-azapentane",1H-Imidazole-2-carboxaldehyde,=,0.78,mM
121,"1,11-diamino-3,6,9-trioxaundecane",4-Ethynylbenzaldehyde,=,3.12,mM
121,"1,5-diamino-3-azapentane",4-Ethynylbenzaldehyde,>,12.5,mM
121,"1,11-diamino-3,6,9-trioxaundecane","3,4-Dihydroxybenzaldehyde",=,6.25,mM
121,"1,6-Hexanediamine","3,4-Dihydroxybenzaldehyde",=,6.25,mM
121,"1,11-diamino-3,6,9-trioxaundecane",(E)-Dec-2-enal,=,0.024,mM
121,"1,6-Hexanediamine",(E)-Dec-2-enal,=,0.098,mM
121,"1,5-diamino-3-azapentane",(E)-Dec-2-enal,=,1.5,mM
121,"N-bis-(2-amino-ethyl)-ethane-1,2-diamine","2,6-Dimethyl-5-heptenal",=,3.12,mM
121,"2,2-bis(2-aminoethoxy)propane","2,6-Dimethyl-5-heptenal",>,12.5,mM
121,(Z)-[bis(2-aminoethyl)amino]-hydroxyimino-oxidoazanium,"2,6-Dimethyl-5-heptenal",=,6.25,mM
121,cystamine dihydrochloride,"2,6-Dimethyl-5-heptenal",=,6.25,mM
121,"1,7-Diaminoheptane","2,6-Dimethyl-5-heptenal",=,3.12,mM
121,"2,2'-diaminodiethyl ether","2,6-Dimethyl-5-heptenal",>,12.5,mM
121,"1,4-diaminobutane","2,6-Dimethyl-5-heptenal",=,3.12,mM
121,"2,5-Bis(aminomethyl)furan","2,6-Dimethyl-5-heptenal",=,6.25,mM
121,"1,8-diaminooctan","2,6-Dimethyl-5-heptenal",=,1.56,mM
121,p-Phenylenediamine,"2,6-Dimethyl-5-heptenal",=,1.56,mM
121,"3,7-diazanonane-1,9-diamine","2,6-Dimethyl-5-heptenal",=,6.25,mM
121,"(3-aminopropyl)-1,2-ethylenediamine","2,6-Dimethyl-5-heptenal",=,12.5,mM
121,"1,3-di(aminomethyl)benzene","2,6-Dimethyl-5-heptenal",=,12.5,mM
121,"1,3-bis(aminomethyl)cyclohexane","2,6-Dimethyl-5-heptenal",=,12.5,mM
121,"2,2'-(ethylenedioxy)bis(ethylamine)","2,6-Dimethyl-5-heptenal",=,3.12,mM
121,"2,2',2''-triaminotriethylamine","2,6-Dimethyl-5-heptenal",=,3.12,mM
121,"N'-(2-aminoethyl)-N'-methylethane-1,2-diamine","2,6-Dimethyl-5-heptenal",>,12.5,mM
121,Spermidine,"2,6-Dimethyl-5-heptenal",=,6.25,mM
121,"1,5-diamino-3-azapentane","2,6-Dimethyl-5-heptenal",=,6.25,mM
121,Bis(3-aminopropyl)amine,"2,6-Dimethyl-5-heptenal",=,3.12,mM
121,Spermine,"2,6-Dimethyl-5-heptenal",=,6.25,mM
121,"1,6-Hexanediamine",4-Nitrobenzaldehyde,=,3.12,mM
121,"1,5-diamino-3-azapentane",4-Nitrobenzaldehyde,=,3.12,mM
121,"1,11-diamino-3,6,9-trioxaundecane",Hexanal,=,0.39,mM
121,"1,6-Hexanediamine",Hexanal,=,0.048,mM
121,"1,11-diamino-3,6,9-trioxaundecane",Vanillin,=,12.5,mM
121,"1,6-Hexanediamine",Vanillin,=,6.25,mM
121,"1,5-diamino-3-azapentane",Vanillin,=,1.5,mM
121,"1,11-diamino-3,6,9-trioxaundecane",Octyl aldehyde,=,0.024,mM
121,"1,5-diamino-3-azapentane",Octyl aldehyde,=,0.39,mM
121,"1,6-Hexanediamine",Nonyl aldehyde,=,0.19,mM
121,"1,5-diamino-3-azapentane",Nonyl aldehyde,=,0.098,mM
121,"N-bis-(2-amino-ethyl)-ethane-1,2-diamine",Trans-2-pentenal,=,6.25,mM
121,(Z)-[bis(2-aminoethyl)amino]-hydroxyimino-oxidoazanium,Trans-2-pentenal,=,0.39,mM
121,"1,7-Diaminoheptane",Trans-2-pentenal,=,0.39,mM
121,"1,11-diamino-3,6,9-trioxaundecane",Trans-2-pentenal,=,3.12,mM
121,"1,5-diaminopentane",Trans-2-pentenal,=,1.56,mM
121,"1,8-diaminooctan",Trans-2-pentenal,=,0.39,mM
121,p-Phenylenediamine,Trans-2-pentenal,>,12.5,mM
121,"3,7-diazanonane-1,9-diamine",Trans-2-pentenal,=,6.25,mM
121,"(3-aminopropyl)-1,2-ethylenediamine",Trans-2-pentenal,=,6.25,mM
121,"1,6-Hexanediamine",Trans-2-pentenal,=,0.19,mM
121,"1,3-bis(aminomethyl)cyclohexane",Trans-2-pentenal,=,1.56,mM
121,1.9-diaminononane,Trans-2-pentenal,=,0.098,mM
121,"2,2'-(ethylenedioxy)bis(ethylamine)",Trans-2-pentenal,=,3.12,mM
121,"N'-(2-aminoethyl)-N'-methylethane-1,2-diamine",Trans-2-pentenal,=,0.78,mM
121,"1,5-diamino-3-azapentane",Trans-2-pentenal,=,6.25,mM
121,Bis(3-aminopropyl)amine,Trans-2-pentenal,=,0.39,mM
121,"3,3'-Diamino-N-methyldipropylamine",Trans-2-pentenal,=,3.12,mM
121,"1,6-Hexanediamine",citronellal,=,0.048,mM
121,"1,5-diamino-3-azapentane",citronellal,=,1.56,mM
121,"1,11-diamino-3,6,9-trioxaundecane",2-Pyridinecarboxaldehyde,=,3.12,mM
121,"1,6-Hexanediamine",2-Pyridinecarboxaldehyde,=,3.12,mM
121,"1,5-diamino-3-azapentane",2-Pyridinecarboxaldehyde,=,12.5,mM
121,"1,11-diamino-3,6,9-trioxaundecane",(E)-hept-2-enal,=,0.049,mM
121,"1,6-Hexanediamine",(E)-hept-2-enal,=,0.048,mM
121,"1,5-diamino-3-azapentane",(E)-hept-2-enal,=,1.5,mM
121,"1,11-diamino-3,6,9-trioxaundecane","(2E,4E)-deca-2,4-dienal",=,0.049,mM
121,"1,11-diamino-3,6,9-trioxaundecane",Cinnamaldehyde,=,0.19,mM
121,"1,5-diamino-3-azapentane",Cinnamaldehyde,=,3,mM
121,"1,11-diamino-3,6,9-trioxaundecane",p-Bromo benzaldehyde,=,6.25,mM
121,"1,5-diamino-3-azapentane",p-Bromo benzaldehyde,=,3.12,mM
121,"1,11-diamino-3,6,9-trioxaundecane",(E)-non-2-enal,=,0.048,mM
121,"1,6-Hexanediamine",(E)-non-2-enal,=,0.098,mM
121,"1,11-diamino-3,6,9-trioxaundecane","(2E)-nona-2,6-dienal",=,0.098,mM
121,"1,6-Hexanediamine","(2E)-nona-2,6-dienal",=,0.19,mM
121,"1,5-diamino-3-azapentane","(2E)-nona-2,6-dienal",=,0.19,mM
121,"1,11-diamino-3,6,9-trioxaundecane",Citral,=,0.098,mM
121,"1,6-Hexanediamine",Citral,=,0.19,mM
121,"1,11-diamino-3,6,9-trioxaundecane",(E)-hex-2-enal,=,0.19,mM
121,"1,6-Hexanediamine",(E)-hex-2-enal,=,0.39,mM
122,"N-bis-(2-amino-ethyl)-ethane-1,2-diamine",(E)-2-Octenal,=,0.196,mM
122,"2,2-bis(2-aminoethoxy)propane",(E)-2-Octenal,=,0.098,mM
122,(Z)-[bis(2-aminoethyl)amino]-hydroxyimino-oxidoazanium,(E)-2-Octenal,=,0.098,mM
122,"1,7-Diaminoheptane",(E)-2-Octenal,=,0.049,mM
122,"1,11-diamino-3,6,9-trioxaundecane",(E)-2-Octenal,=,0.098,mM
122,"1,5-diaminopentane",(E)-2-Octenal,=,0.098,mM
122,"1,4-diaminobutane",(E)-2-Octenal,=,0.098,mM
122,"1,8-diaminooctan",(E)-2-Octenal,=,0.098,mM
122,p-Phenylenediamine,(E)-2-Octenal,>,12.5,mM
122,"3,7-diazanonane-1,9-diamine",(E)-2-Octenal,=,0.196,mM
122,"1,6-Hexanediamine",(E)-2-Octenal,=,0.098,mM
122,"2,2'-(ethylenedioxy)bis(ethylamine)",(E)-2-Octenal,=,0.049,mM
122,"2,2',2''-triaminotriethylamine",(E)-2-Octenal,=,0.098,mM
122,"N'-(2-aminoethyl)-N'-methylethane-1,2-diamine",(E)-2-Octenal,=,0.049,mM
122,"3,3'-Diamino-N-methyldipropylamine",(E)-2-Octenal,=,0.098,mM
122,Spermine,(E)-2-Octenal,=,0.75,mM
122,"1,11-diamino-3,6,9-trioxaundecane",1H-Imidazole-2-carboxaldehyde,=,0.39,mM
122,"1,6-Hexanediamine",1H-Imidazole-2-carboxaldehyde,=,3.12,mM
122,"1,5-diamino-3-azapentane",1H-Imidazole-2-carboxaldehyde,=,0.78,mM
122,"1,11-diamino-3,6,9-trioxaundecane",4-Ethynylbenzaldehyde,=,3.12,mM
122,"1,5-diamino-3-azapentane",4-Ethynylbenzaldehyde,>,12.5,mM
122,"1,11-diamino-3,6,9-trioxaundecane","3,4-Dihydroxybenzaldehyde",=,6.25,mM
122,"1,6-Hexanediamine","3,4-Dihydroxybenzaldehyde",=,6.25,mM
122,"1,11-diamino-3,6,9-trioxaundecane",(E)-Dec-2-enal,=,0.024,mM
122,"1,6-Hexanediamine",(E)-Dec-2-enal,=,0.098,mM
122,"N-bis-(2-amino-ethyl)-ethane-1,2-diamine","2,6-Dimethyl-5-heptenal",=,3.12,mM
122,"2,2-bis(2-aminoethoxy)propane","2,6-Dimethyl-5-heptenal",>,12.5,mM
122,(Z)-[bis(2-aminoethyl)amino]-hydroxyimino-oxidoazanium,"2,6-Dimethyl-5-heptenal",=,6.25,mM
122,"1,7-Diaminoheptane","2,6-Dimethyl-5-heptenal",=,3.12,mM
122,"2,2'-diaminodiethyl ether","2,6-Dimethyl-5-heptenal",>,12.5,mM
122,"1,11-diamino-3,6,9-trioxaundecane","2,6-Dimethyl-5-heptenal",=,12.5,mM
122,"1,5-diaminopentane","2,6-Dimethyl-5-heptenal",=,6.25,mM
122,"2,5-Bis(aminomethyl)furan","2,6-Dimethyl-5-heptenal",=,6.25,mM
122,"1,8-diaminooctan","2,6-Dimethyl-5-heptenal",=,1.56,mM
122,p-Phenylenediamine,"2,6-Dimethyl-5-heptenal",=,1.56,mM
122,"3,7-diazanonane-1,9-diamine","2,6-Dimethyl-5-heptenal",=,6.25,mM
122,"(3-aminopropyl)-1,2-ethylenediamine","2,6-Dimethyl-5-heptenal",=,12.5,mM
122,"1,3-di(aminomethyl)benzene","2,6-Dimethyl-5-heptenal",=,12.5,mM
122,"1,3-bis(aminomethyl)cyclohexane","2,6-Dimethyl-5-heptenal",=,12.5,mM
122,1.9-diaminononane,"2,6-Dimethyl-5-heptenal",=,1.56,mM
122,"N'-(2-aminoethyl)-N'-methylethane-1,2-diamine","2,6-Dimethyl-5-heptenal",>,12.5,mM
122,Spermidine,"2,6-Dimethyl-5-heptenal",=,6.25,mM
122,"1,5-diamino-3-azapentane","2,6-Dimethyl-5-heptenal",=,6.25,mM
122,"3,3'-Diamino-N-methyldipropylamine","2,6-Dimethyl-5-heptenal",=,12.5,mM
122,Spermine,"2,6-Dimethyl-5-heptenal",=,6.25,mM
122,"1,11-diamino-3,6,9-trioxaundecane",4-Nitrobenzaldehyde,=,1.56,mM
122,"1,6-Hexanediamine",4-Nitrobenzaldehyde,=,3.12,mM
122,"1,5-diamino-3-azapentane",4-Nitrobenzaldehyde,=,3.12,mM
122,"1,11-diamino-3,6,9-trioxaundecane",Hexanal,=,0.39,mM
122,"1,6-Hexanediamine",Hexanal,=,0.048,mM
122,"1,5-diamino-3-azapentane",Hexanal,=,0.78,mM
122,"1,11-diamino-3,6,9-trioxaundecane",Vanillin,=,12.5,mM
122,"1,6-Hexanediamine",Vanillin,=,6.25,mM
122,"1,5-diamino-3-azapentane",Vanillin,=,1.5,mM
122,"1,11-diamino-3,6,9-trioxaundecane",Octyl aldehyde,=,0.024,mM
122,"1,6-Hexanediamine",Octyl aldehyde,=,0.098,mM
122,"1,6-Hexanediamine",Nonyl aldehyde,=,0.19,mM
122,"1,5-diamino-3-azapentane",Nonyl aldehyde,=,0.098,mM
122,"2,2-bis(2-aminoethoxy)propane",Trans-2-pentenal,=,1.56,mM
122,(Z)-[bis(2-aminoethyl)amino]-hydroxyimino-oxidoazanium,Trans-2-pentenal,=,0.39,mM
122,"1,7-Diaminoheptane",Trans-2-pentenal,=,0.39,mM
122,"2,2'-diaminodiethyl ether",Trans-2-pentenal,=,3.12,mM
122,"1,11-diamino-3,6,9-trioxaundecane",Trans-2-pentenal,=,3.12,mM
122,"1,5-diaminopentane",Trans-2-pentenal,=,1.56,mM
122,"1,4-diaminobutane",Trans-2-pentenal,=,0.19,mM
122,"1,8-diaminooctan",Trans-2-pentenal,=,0.39,mM
122,"3,7-diazanonane-1,9-diamine",Trans-2-pentenal,=,6.25,mM
122,"(3-aminopropyl)-1,2-ethylenediamine",Trans-2-pentenal,=,6.25,mM
122,"1,3-bis(aminomethyl)cyclohexane",Trans-2-pentenal,=,1.56,mM
122,1.9-diaminononane,Trans-2-pentenal,=,0.098,mM
122,"N'-(2-aminoethyl)-N'-methylethane-1,2-diamine",Trans-2-pentenal,=,0.78,mM
122,"1,5-diamino-3-azapentane",Trans-2-pentenal,=,6.25,mM
122,Bis(3-aminopropyl)amine,Trans-2-pentenal,=,0.39,mM
122,"3,3'-Diamino-N-methyldipropylamine",Trans-2-pentenal,=,3.12,mM
122,"1,11-diamino-3,6,9-trioxaundecane",citronellal,=,0.0061,mM
122,"1,6-Hexanediamine",citronellal,=,0.048,mM
122,"1,5-diamino-3-azapentane",citronellal,=,1.56,mM
122,"1,11-diamino-3,6,9-trioxaundecane",2-Pyridinecarboxaldehyde,=,3.12,mM
122,"1,6-Hexanediamine",2-Pyridinecarboxaldehyde,=,3.12,mM
122,"1,5-diamino-3-azapentane",2-Pyridinecarboxaldehyde,=,12.5,mM
122,"1,11-diamino-3,6,9-trioxaundecane",(E)-hept-2-enal,=,0.049,mM
122,"1,5-diamino-3-azapentane",(E)-hept-2-enal,=,1.5,mM
122,"1,11-diamino-3,6,9-trioxaundecane","(2E,4E)-deca-2,4-dienal",=,0.049,mM
122,"1,6-Hexanediamine","(2E,4E)-deca-2,4-dienal",=,0.19,mM
122,"1,5-diamino-3-azapentane","(2E,4E)-deca-2,4-dienal",=,0.75,mM
122,"1,11-diamino-3,6,9-trioxaundecane",Cinnamaldehyde,=,0.19,mM
122,"1,5-diamino-3-azapentane",Cinnamaldehyde,=,3,mM
122,"1,5-diamino-3-azapentane",p-Bromo benzaldehyde,=,3.12,mM
122,"1,11-diamino-3,6,9-trioxaundecane",(E)-non-2-enal,=,0.048,mM
122,"1,5-diamino-3-azapentane",(E)-non-2-enal,=,0.38,mM
122,"1,11-diamino-3,6,9-trioxaundecane","(2E)-nona-2,6-dienal",=,0.098,mM
122,"1,6-Hexanediamine","(2E)-nona-2,6-dienal",=,0.19,mM
122,"1,5-diamino-3-azapentane","(2E)-nona-2,6-dienal",=,0.19,mM
122,"1,11-diamino-3,6,9-trioxaundecane",Citral,=,0.098,mM
122,"1,6-Hexanediamine",Citral,=,0.19,mM
122,"1,5-diamino-3-azapentane",Citral,=,0.19,mM
122,"1,11-diamino-3,6,9-trioxaundecane",(E)-hex-2-enal,=,0.19,mM
122,"1,5-diamino-3-azapentane",(E)-hex-2-enal,=,3,mM
122,"1,11-diamino-3,6,9-trioxaundecane",Formaldehyde,=,3.12,mM
122,"1,5-diamino-3-azapentane",Formaldehyde,=,12.5,mM
123,"N-bis-(2-amino-ethyl)-ethane-1,2-diamine",(E)-2-Octenal,=,0.196,mM
123,(Z)-[bis(2-aminoethyl)amino]-hydroxyimino-oxidoazanium,(E)-2-Octenal,=,0.098,mM
123,"1,7-Diaminoheptane",(E)-2-Octenal,=,0.049,mM
123,"2,2'-diaminodiethyl ether",(E)-2-Octenal,=,0.098,mM
123,"1,5-diaminopentane",(E)-2-Octenal,=,0.098,mM
123,"1,4-diaminobutane",(E)-2-Octenal,=,0.098,mM
123,"1,8-diaminooctan",(E)-2-Octenal,=,0.098,mM
123,p-Phenylenediamine,(E)-2-Octenal,>,12.5,mM
123,"3,7-diazanonane-1,9-diamine",(E)-2-Octenal,=,0.196,mM
123,"(3-aminopropyl)-1,2-ethylenediamine",(E)-2-Octenal,=,0.39,mM
123,"1,6-Hexanediamine",(E)-2-Octenal,=,0.098,mM
123,"1,3-bis(aminomethyl)cyclohexane",(E)-2-Octenal,=,0.39,mM
123,1.9-diaminononane,(E)-2-Octenal,=,0.098,mM
123,"2,2'-(ethylenedioxy)bis(ethylamine)",(E)-2-Octenal,=,0.049,mM
123,"N'-(2-aminoethyl)-N'-methylethane-1,2-diamine",(E)-2-Octenal,=,0.049,mM
123,"1,5-diamino-3-azapentane",(E)-2-Octenal,=,0.38,mM
123,Bis(3-aminopropyl)amine,(E)-2-Octenal,=,0.75,mM
123,"3,3'-Diamino-N-methyldipropylamine",(E)-2-Octenal,=,0.098,mM
123,Spermine,(E)-2-Octenal,=,0.75,mM
123,"1,6-Hexanediamine",1H-Imidazole-2-carboxaldehyde,=,3.12,mM
123,"1,5-diamino-3-azapentane",1H-Imidazole-2-carboxaldehyde,=,0.78,mM
123,"1,11-diamino-3,6,9-trioxaundecane",4-Ethynylbenzaldehyde,=,3.12,mM
123,"1,5-diamino-3-azapentane",4-Ethynylbenzaldehyde,>,12.5,mM
123,"1,6-Hexanediamine","3,4-Dihydroxybenzaldehyde",=,6.25,mM
123,"1,11-diamino-3,6,9-trioxaundecane",(E)-Dec-2-enal,=,0.024,mM
123,"1,6-Hexanediamine",(E)-Dec-2-enal,=,0.098,mM
123,"1,5-diamino-3-azapentane",(E)-Dec-2-enal,=,1.5,mM
123,"2,2-bis(2-aminoethoxy)propane","2,6-Dimethyl-5-heptenal",>,12.5,mM
123,cystamine dihydrochloride,"2,6-Dimethyl-5-heptenal",=,6.25,mM
123,"1,7-Diaminoheptane","2,6-Dimethyl-5-heptenal",=,3.12,mM
123,"2,2'-diaminodiethyl ether","2,6-Dimethyl-5-heptenal",>,12.5,mM
123,"1,11-diamino-3,6,9-trioxaundecane","2,6-Dimethyl-5-heptenal",=,12.5,mM
123,"1,5-diaminopentane","2,6-Dimethyl-5-heptenal",=,6.25,mM
123,"1,4-diaminobutane","2,6-Dimethyl-5-heptenal",=,3.12,mM
123,"2,5-Bis(aminomethyl)furan","2,6-Dimethyl-5-heptenal",=,6.25,mM
123,"1,8-diaminooctan","2,6-Dimethyl-5-heptenal",=,1.56,mM
123,p-Phenylenediamine,"2,6-Dimethyl-5-heptenal",=,1.56,mM
123,"3,7-diazanonane-1,9-diamine","2,6-Dimethyl-5-heptenal",=,6.25,mM
123,"(3-aminopropyl)-1,2-ethylenediamine","2,6-Dimethyl-5-heptenal",=,12.5,mM
123,"1,6-Hexanediamine","2,6-Dimethyl-5-heptenal",=,6.25,mM
123,"1,3-di(aminomethyl)benzene","2,6-Dimethyl-5-heptenal",=,12.5,mM
123,"1,3-bis(aminomethyl)cyclohexane","2,6-Dimethyl-5-heptenal",=,12.5,mM
123,1.9-diaminononane,"2,6-Dimethyl-5-heptenal",=,1.56,mM
123,"N'-(2-aminoethyl)-N'-methylethane-1,2-diamine","2,6-Dimethyl-5-heptenal",>,12.5,mM
123,Spermidine,"2,6-Dimethyl-5-heptenal",=,6.25,mM
123,"1,5-diamino-3-azapentane","2,6-Dimethyl-5-heptenal",=,6.25,mM
123,Bis(3-aminopropyl)amine,"2,6-Dimethyl-5-heptenal",=,3.12,mM
123,"3,3'-Diamino-N-methyldipropylamine","2,6-Dimethyl-5-heptenal",=,12.5,mM
123,Spermine,"2,6-Dimethyl-5-heptenal",=,6.25,mM
123,"1,6-Hexanediamine",4-Nitrobenzaldehyde,=,3.12,mM
123,"1,5-diamino-3-azapentane",4-Nitrobenzaldehyde,=,3.12,mM
123,"1,11-diamino-3,6,9-trioxaundecane",Hexanal,=,0.39,mM
123,"1,6-Hexanediamine",Hexanal,=,0.048,mM
123,"1,5-diamino-3-azapentane",Hexanal,=,0.78,mM
123,"1,11-diamino-3,6,9-trioxaundecane",Vanillin,=,12.5,mM
123,"1,6-Hexanediamine",Vanillin,=,6.25,mM
123,"1,5-diamino-3-azapentane",Octyl aldehyde,=,0.39,mM
123,"1,6-Hexanediamine",Nonyl aldehyde,=,0.19,mM
123,"1,5-diamino-3-azapentane",Nonyl aldehyde,=,0.098,mM
123,"N-bis-(2-amino-ethyl)-ethane-1,2-diamine",Trans-2-pentenal,=,6.25,mM
123,(Z)-[bis(2-aminoethyl)amino]-hydroxyimino-oxidoazanium,Trans-2-pentenal,=,0.39,mM
123,"1,7-Diaminoheptane",Trans-2-pentenal,=,0.39,mM
123,"2,2'-diaminodiethyl ether",Trans-2-pentenal,=,3.12,mM
123,"1,11-diamino-3,6,9-trioxaundecane",Trans-2-pentenal,=,3.12,mM
123,"1,5-diaminopentane",Trans-2-pentenal,=,1.56,mM
123,"1,8-diaminooctan",Trans-2-pentenal,=,0.39,mM
123,p-Phenylenediamine,Trans-2-pentenal,>,12.5,mM
123,"(3-aminopropyl)-1,2-ethylenediamine",Trans-2-pentenal,=,6.25,mM
123,"1,6-Hexanediamine",Trans-2-pentenal,=,0.19,mM
123,"1,3-bis(aminomethyl)cyclohexane",Trans-2-pentenal,=,1.56,mM
123,1.9-diaminononane,Trans-2-pentenal,=,0.098,mM
123,"2,2'-(ethylenedioxy)bis(ethylamine)",Trans-2-pentenal,=,3.12,mM
123,"1,5-diamino-3-azapentane",Trans-2-pentenal,=,6.25,mM
123,Bis(3-aminopropyl)amine,Trans-2-pentenal,=,0.39,mM
123,"3,3'-Diamino-N-methyldipropylamine",Trans-2-pentenal,=,3.12,mM
123,"1,11-diamino-3,6,9-trioxaundecane",citronellal,=,0.0061,mM
123,"1,6-Hexanediamine",citronellal,=,0.048,mM
123,"1,11-diamino-3,6,9-trioxaundecane",2-Pyridinecarboxaldehyde,=,3.12,mM
123,"1,6-Hexanediamine",2-Pyridinecarboxaldehyde,=,3.12,mM
123,"1,5-diamino-3-azapentane",2-Pyridinecarboxaldehyde,=,12.5,mM
123,"1,11-diamino-3,6,9-trioxaundecane",(E)-hept-2-enal,=,0.049,mM
123,"1,6-Hexanediamine",(E)-hept-2-enal,=,0.048,mM
123,"1,5-diamino-3-azapentane",(E)-hept-2-enal,=,1.5,mM
123,"1,11-diamino-3,6,9-trioxaundecane","(2E,4E)-deca-2,4-dienal",=,0.049,mM
123,"1,6-Hexanediamine","(2E,4E)-deca-2,4-dienal",=,0.19,mM
123,"1,5-diamino-3-azapentane",Cinnamaldehyde,=,3,mM
123,"1,11-diamino-3,6,9-trioxaundecane",p-Bromo benzaldehyde,=,6.25,mM
123,"1,11-diamino-3,6,9-trioxaundecane",(E)-non-2-enal,=,0.048,mM
123,"1,6-Hexanediamine",(E)-non-2-enal,=,0.098,mM
123,"1,11-diamino-3,6,9-trioxaundecane","(2E)-nona-2,6-dienal",=,0.098,mM
123,"1,6-Hexanediamine","(2E)-nona-2,6-dienal",=,0.19,mM
123,"1,5-diamino-3-azapentane","(2E)-nona-2,6-dienal",=,0.19,mM
123,"1,11-diamino-3,6,9-trioxaundecane",Citral,=,0.098,mM
123,"1,6-Hexanediamine",Citral,=,0.19,mM
123,"1,5-diamino-3-azapentane",Citral,=,0.19,mM
123,"1,11-diamino-3,6,9-trioxaundecane",(E)-hex-2-enal,=,0.19,mM
123,"1,6-Hexanediamine",(E)-hex-2-enal,=,0.39,mM
123,"1,5-diamino-3-azapentane",(E)-hex-2-enal,=,3,mM
123,"1,11-diamino-3,6,9-trioxaundecane",Formaldehyde,=,3.12,mM
123,"1,5-diamino-3-azapentane",Formaldehyde,=,12.5,mM
124,"N-bis-(2-amino-ethyl)-ethane-1,2-diamine",(E)-2-Octenal,=,0.196,mM
124,"2,2-bis(2-aminoethoxy)propane",(E)-2-Octenal,=,0.098,mM
124,(Z)-[bis(2-aminoethyl)amino]-hydroxyimino-oxidoazanium,(E)-2-Octenal,=,0.098,mM
124,"1,7-Diaminoheptane",(E)-2-Octenal,=,0.049,mM
124,"2,2'-diaminodiethyl ether",(E)-2-Octenal,=,0.098,mM
124,"1,5-diaminopentane",(E)-2-Octenal,=,0.098,mM
124,"1,4-diaminobutane",(E)-2-Octenal,=,0.098,mM
124,Polyethylenimine linear,(E)-2-Octenal,=,0.38,mM
124,"3,7-diazanonane-1,9-diamine",(E)-2-Octenal,=,0.196,mM
124,"1,6-Hexanediamine",(E)-2-Octenal,=,0.098,mM
124,1.9-diaminononane,(E)-2-Octenal,=,0.098,mM
124,"2,2'-(ethylenedioxy)bis(ethylamine)",(E)-2-Octenal,=,0.049,mM
124,"2,2',2''-triaminotriethylamine",(E)-2-Octenal,=,0.098,mM
124,"N'-(2-aminoethyl)-N'-methylethane-1,2-diamine",(E)-2-Octenal,=,0.049,mM
124,"1,5-diamino-3-azapentane",(E)-2-Octenal,=,0.38,mM
124,Bis(3-aminopropyl)amine,(E)-2-Octenal,=,0.75,mM
124,Spermine,(E)-2-Octenal,=,0.75,mM
124,"1,11-diamino-3,6,9-trioxaundecane",1H-Imidazole-2-carboxaldehyde,=,0.39,mM
124,"1,5-diamino-3-azapentane",1H-Imidazole-2-carboxaldehyde,=,0.78,mM
124,"1,11-diamino-3,6,9-trioxaundecane",4-Ethynylbenzaldehyde,=,3.12,mM
124,"1,11-diamino-3,6,9-trioxaundecane","3,4-Dihydroxybenzaldehyde",=,6.25,mM
124,"1,6-Hexanediamine","3,4-Dihydroxybenzaldehyde",=,6.25,mM
124,"1,11-diamino-3,6,9-trioxaundecane",(E)-Dec-2-enal,=,0.024,mM
124,"1,6-Hexanediamine",(E)-Dec-2-enal,=,0.098,mM
124,"1,5-diamino-3-azapentane",(E)-Dec-2-enal,=,1.5,mM
124,"N-bis-(2-amino-ethyl)-ethane-1,2-diamine","2,6-Dimethyl-5-heptenal",=,3.12,mM
124,"2,2-bis(2-aminoethoxy)propane","2,6-Dimethyl-5-heptenal",>,12.5,mM
124,(Z)-[bis(2-aminoethyl)amino]-hydroxyimino-oxidoazanium,"2,6-Dimethyl-5-heptenal",=,6.25,mM
124,cystamine dihydrochloride,"2,6-Dimethyl-5-heptenal",=,6.25,mM
124,"2,2'-diaminodiethyl ether","2,6-Dimethyl-5-heptenal",>,12.5,mM
124,"1,11-diamino-3,6,9-trioxaundecane","2,6-Dimethyl-5-heptenal",=,12.5,mM
124,"1,5-diaminopentane","2,6-Dimethyl-5-heptenal",=,6.25,mM
124,"1,4-diaminobutane","2,6-Dimethyl-5-heptenal",=,3.12,mM
124,"2,5-Bis(aminomethyl)furan","2,6-Dimethyl-5-heptenal",=,6.25,mM
124,p-Phenylenediamine,"2,6-Dimethyl-5-heptenal",=,1.56,mM
124,"3,7-diazanonane-1,9-diamine","2,6-Dimethyl-5-heptenal",=,6.25,mM
124,"(3-aminopropyl)-1,2-ethylenediamine","2,6-Dimethyl-5-heptenal",=,12.5,mM
124,"1,3-di(aminomethyl)benzene","2,6-Dimethyl-5-heptenal",=,12.5,mM
124,"1,3-bis(aminomethyl)cyclohexane","2,6-Dimethyl-5-heptenal",=,12.5,mM
124,1.9-diaminononane,"2,6-Dimethyl-5-heptenal",=,1.56,mM
124,"2,2'-(ethylenedioxy)bis(ethylamine)","2,6-Dimethyl-5-heptenal",=,3.12,mM
124,"2,2',2''-triaminotriethylamine","2,6-Dimethyl-5-heptenal",=,3.12,mM
124,Spermidine,"2,6-Dimethyl-5-heptenal",=,6.25,mM
124,"1,5-diamino-3-azapentane","2,6-Dimethyl-5-heptenal",=,6.25,mM
124,Bis(3-aminopropyl)amine,"2,6-Dimethyl-5-heptenal",=,3.12,mM
124,Spermine,"2,6-Dimethyl-5-heptenal",=,6.25,mM
124,"1,11-diamino-3,6,9-trioxaundecane",4-Nitrobenzaldehyde,=,1.56,mM
124,"1,6-Hexanediamine",4-Nitrobenzaldehyde,=,3.12,mM
124,"1,5-diamino-3-azapentane",4-Nitrobenzaldehyde,=,3.12,mM
124,"1,11-diamino-3,6,9-trioxaundecane",Hexanal,=,0.39,mM
124,"1,5-diamino-3-azapentane",Hexanal,=,0.78,mM
124,"1,11-diamino-3,6,9-trioxaundecane",Vanillin,=,12.5,mM
124,"1,6-Hexanediamine",Vanillin,=,6.25,mM
124,"1,5-diamino-3-azapentane",Vanillin,=,1.5,mM
124,"1,6-Hexanediamine",Octyl aldehyde,=,0.098,mM
124,"1,5-diamino-3-azapentane",Octyl aldehyde,=,0.39,mM
124,"1,6-Hexanediamine",Nonyl aldehyde,=,0.19,mM
124,"1,5-diamino-3-azapentane",Nonyl aldehyde,=,0.098,mM
124,"N-bis-(2-amino-ethyl)-ethane-1,2-diamine",Trans-2-pentenal,=,6.25,mM
124,"2,2-bis(2-aminoethoxy)propane",Trans-2-pentenal,=,1.56,mM
124,(Z)-[bis(2-aminoethyl)amino]-hydroxyimino-oxidoazanium,Trans-2-pentenal,=,0.39,mM
124,"1,7-Diaminoheptane",Trans-2-pentenal,=,0.39,mM
124,"2,2'-diaminodiethyl ether",Trans-2-pentenal,=,3.12,mM
124,"1,11-diamino-3,6,9-trioxaundecane",Trans-2-pentenal,=,3.12,mM
124,"1,5-diaminopentane",Trans-2-pentenal,=,1.56,mM
124,"1,4-diaminobutane",Trans-2-pentenal,=,0.19,mM
124,p-Phenylenediamine,Trans-2-pentenal,>,12.5,mM
124,"3,7-diazanonane-1,9-diamine",Trans-2-pentenal,=,6.25,mM
124,"1,6-Hexanediamine",Trans-2-pentenal,=,0.19,mM
124,"1,3-bis(aminomethyl)cyclohexane",Trans-2-pentenal,=,1.56,mM
124,"N'-(2-aminoethyl)-N'-methylethane-1,2-diamine",Trans-2-pentenal,=,0.78,mM
124,"1,5-diamino-3-azapentane",Trans-2-pentenal,=,6.25,mM
124,Bis(3-aminopropyl)amine,Trans-2-pentenal,=,0.39,mM
124,"3,3'-Diamino-N-methyldipropylamine",Trans-2-pentenal,=,3.12,mM
124,"1,11-diamino-3,6,9-trioxaundecane",citronellal,=,0.0061,mM
124,"1,6-Hexanediamine",citronellal,=,0.048,mM
124,"1,11-diamino-3,6,9-trioxaundecane",2-Pyridinecarboxaldehyde,=,3.12,mM
124,"1,6-Hexanediamine",2-Pyridinecarboxaldehyde,=,3.12,mM
124,"1,5-diamino-3-azapentane",2-Pyridinecarboxaldehyde,=,12.5,mM
124,"1,11-diamino-3,6,9-trioxaundecane",(E)-hept-2-enal,=,0.049,mM
124,"1,6-Hexanediamine",(E)-hept-2-enal,=,0.048,mM
124,"1,5-diamino-3-azapentane",(E)-hept-2-enal,=,1.5,mM
124,"1,11-diamino-3,6,9-trioxaundecane","(2E,4E)-deca-2,4-dienal",=,0.049,mM
124,"1,6-Hexanediamine","(2E,4E)-deca-2,4-dienal",=,0.19,mM
124,"1,6-Hexanediamine",Cinnamaldehyde,=,0.39,mM
124,"1,5-diamino-3-azapentane",Cinnamaldehyde,=,3,mM
124,"1,11-diamino-3,6,9-trioxaundecane",p-Bromo benzaldehyde,=,6.25,mM
124,"1,6-Hexanediamine",p-Bromo benzaldehyde,=,6.25,mM
124,"1,5-diamino-3-azapentane",p-Bromo benzaldehyde,=,3.12,mM
124,"1,11-diamino-3,6,9-trioxaundecane",(E)-non-2-enal,=,0.048,mM
124,"1,5-diamino-3-azapentane",(E)-non-2-enal,=,0.38,mM
124,"1,11-diamino-3,6,9-trioxaundecane","(2E)-nona-2,6-dienal",=,0.098,mM
124,"1,6-Hexanediamine","(2E)-nona-2,6-dienal",=,0.19,mM
124,"1,11-diamino-3,6,9-trioxaundecane",Citral,=,0.098,mM
124,"1,5-diamino-3-azapentane",Citral,=,0.19,mM
124,"1,11-diamino-3,6,9-trioxaundecane",(E)-hex-2-enal,=,0.19,mM
124,"1,6-Hexanediamine",(E)-hex-2-enal,=,0.39,mM
124,"1,5-diamino-3-azapentane",(E)-hex-2-enal,=,3,mM
124,"1,11-diamino-3,6,9-trioxaundecane",Formaldehyde,=,3.12,mM
124,"1,5-diamino-3-azapentane",Formaldehyde,=,12.5,mM
125,"N-bis-(2-amino-ethyl)-ethane-1,2-diamine",(E)-2-Octenal,=,0.196,mM
125,"2,2-bis(2-aminoethoxy)propane",(E)-2-Octenal,=,0.098,mM
125,(Z)-[bis(2-aminoethyl)amino]-hydroxyimino-oxidoazanium,(E)-2-Octenal,=,0.098,mM
125,"1,7-Diaminoheptane",(E)-2-Octenal,=,0.049,mM
125,"2,2'-diaminodiethyl ether",(E)-2-Octenal,=,0.098,mM
125,"1,5-diaminopentane",(E)-2-Octenal,=,0.098,mM
125,"1,4-diaminobutane",(E)-2-Octenal,=,0.098,mM
125,"1,8-diaminooctan",(E)-2-Octenal,=,0.098,mM
125,p-Phenylenediamine,(E)-2-Octenal,>,12.5,mM
125,Polyethylenimine linear,(E)-2-Octenal,=,0.38,mM
125,"3,7-diazanonane-1,9-diamine",(E)-2-Octenal,=,0.196,mM
125,"(3-aminopropyl)-1,2-ethylenediamine",(E)-2-Octenal,=,0.39,mM
125,"1,6-Hexanediamine",(E)-2-Octenal,=,0.098,mM
125,"1,3-bis(aminomethyl)cyclohexane",(E)-2-Octenal,=,0.39,mM
125,"2,2'-(ethylenedioxy)bis(ethylamine)",(E)-2-Octenal,=,0.049,mM
125,"2,2',2''-triaminotriethylamine",(E)-2-Octenal,=,0.098,mM
125,"N'-(2-aminoethyl)-N'-methylethane-1,2-diamine",(E)-2-Octenal,=,0.049,mM
125,Bis(3-aminopropyl)amine,(E)-2-Octenal,=,0.75,mM
125,Spermine,(E)-2-Octenal,=,0.75,mM
125,"1,11-diamino-3,6,9-trioxaundecane",1H-Imidazole-2-carboxaldehyde,=,0.39,mM
125,"1,6-Hexanediamine",1H-Imidazole-2-carboxaldehyde,=,3.12,mM
125,"1,5-diamino-3-azapentane",1H-Imidazole-2-carboxaldehyde,=,0.78,mM
125,"1,11-diamino-3,6,9-trioxaundecane","3,4-Dihydroxybenzaldehyde",=,6.25,mM
125,"1,11-diamino-3,6,9-trioxaundecane",(E)-Dec-2-enal,=,0.024,mM
125,"1,6-Hexanediamine",(E)-Dec-2-enal,=,0.098,mM
125,"1,5-diamino-3-azapentane",(E)-Dec-2-enal,=,1.5,mM
125,"N-bis-(2-amino-ethyl)-ethane-1,2-diamine","2,6-Dimethyl-5-heptenal",=,3.12,mM
125,(Z)-[bis(2-aminoethyl)amino]-hydroxyimino-oxidoazanium,"2,6-Dimethyl-5-heptenal",=,6.25,mM
125,cystamine dihydrochloride,"2,6-Dimethyl-5-heptenal",=,6.25,mM
125,"1,7-Diaminoheptane","2,6-Dimethyl-5-heptenal",=,3.12,mM
125,"2,2'-diaminodiethyl ether","2,6-Dimethyl-5-heptenal",>,12.5,mM
125,"1,11-diamino-3,6,9-trioxaundecane","2,6-Dimethyl-5-heptenal",=,12.5,mM
125,"1,5-diaminopentane","2,6-Dimethyl-5-heptenal",=,6.25,mM
125,"1,8-diaminooctan","2,6-Dimethyl-5-heptenal",=,1.56,mM
125,p-Phenylenediamine,"2,6-Dimethyl-5-heptenal",=,1.56,mM
125,"(3-aminopropyl)-1,2-ethylenediamine","2,6-Dimethyl-5-heptenal",=,12.5,mM
125,"1,6-Hexanediamine","2,6-Dimethyl-5-heptenal",=,6.25,mM
125,"1,3-di(aminomethyl)benzene","2,6-Dimethyl-5-heptenal",=,12.5,mM
125,"1,3-bis(aminomethyl)cyclohexane","2,6-Dimethyl-5-heptenal",=,12.5,mM
125,1.9-diaminononane,"2,6-Dimethyl-5-heptenal",=,1.56,mM
125,"2,2'-(ethylenedioxy)bis(ethylamine)","2,6-Dimethyl-5-heptenal",=,3.12,mM
125,"2,2',2''-triaminotriethylamine","2,6-Dimethyl-5-heptenal",=,3.12,mM
125,"N'-(2-aminoethyl)-N'-methylethane-1,2-diamine","2,6-Dimethyl-5-heptenal",>,12.5,mM
125,Spermidine,"2,6-Dimethyl-5-heptenal",=,6.25,mM
125,"1,5-diamino-3-azapentane","2,6-Dimethyl-5-heptenal",=,6.25,mM
125,Bis(3-aminopropyl)amine,"2,6-Dimethyl-5-heptenal",=,3.12,mM
125,"3,3'-Diamino-N-methyldipropylamine","2,6-Dimethyl-5-heptenal",=,12.5,mM
125,"1,11-diamino-3,6,9-trioxaundecane",4-Nitrobenzaldehyde,=,1.56,mM
125,"1,6-Hexanediamine",4-Nitrobenzaldehyde,=,3.12,mM
125,"1,5-diamino-3-azapentane",4-Nitrobenzaldehyde,=,3.12,mM
125,"1,11-diamino-3,6,9-trioxaundecane",Hexanal,=,0.39,mM
125,"1,6-Hexanediamine",Hexanal,=,0.048,mM
125,"1,5-diamino-3-azapentane",Hexanal,=,0.78,mM
125,"1,11-diamino-3,6,9-trioxaundecane",Vanillin,=,12.5,mM
125,"1,6-Hexanediamine",Vanillin,=,6.25,mM
125,"1,5-diamino-3-azapentane",Vanillin,=,1.5,mM
125,"1,11-diamino-3,6,9-trioxaundecane",Octyl aldehyde,=,0.024,mM
125,"1,6-Hexanediamine",Octyl aldehyde,=,0.098,mM
125,"1,5-diamino-3-azapentane",Octyl aldehyde,=,0.39,mM
125,"1,6-Hexanediamine",Nonyl aldehyde,=,0.19,mM
125,"1,5-diamino-3-azapentane",Nonyl aldehyde,=,0.098,mM
125,"2,2-bis(2-aminoethoxy)propane",Trans-2-pentenal,=,1.56,mM
125,(Z)-[bis(2-aminoethyl)amino]-hydroxyimino-oxidoazanium,Trans-2-pentenal,=,0.39,mM
125,"2,2'-diaminodiethyl ether",Trans-2-pentenal,=,3.12,mM
125,"1,11-diamino-3,6,9-trioxaundecane",Trans-2-pentenal,=,3.12,mM
125,"1,5-diaminopentane",Trans-2-pentenal,=,1.56,mM
125,"1,4-diaminobutane",Trans-2-pentenal,=,0.19,mM
125,"1,8-diaminooctan",Trans-2-pentenal,=,0.39,mM
125,p-Phenylenediamine,Trans-2-pentenal,>,12.5,mM
125,"3,7-diazanonane-1,9-diamine",Trans-2-pentenal,=,6.25,mM
125,"(3-aminopropyl)-1,2-ethylenediamine",Trans-2-pentenal,=,6.25,mM
125,"1,6-Hexanediamine",Trans-2-pentenal,=,0.19,mM
125,1.9-diaminononane,Trans-2-pentenal,=,0.098,mM
125,"N'-(2-aminoethyl)-N'-methylethane-1,2-diamine",Trans-2-pentenal,=,0.78,mM
125,"1,5-diamino-3-azapentane",Trans-2-pentenal,=,6.25,mM
125,Bis(3-aminopropyl)amine,Trans-2-pentenal,=,0.39,mM
125,"1,11-diamino-3,6,9-trioxaundecane",citronellal,=,0.0061,mM
125,"1,6-Hexanediamine",citronellal,=,0.048,mM
125,"1,5-diamino-3-azapentane",citronellal,=,1.56,mM
125,"1,6-Hexanediamine",2-Pyridinecarboxaldehyde,=,3.12,mM
125,"1,5-diamino-3-azapentane",2-Pyridinecarboxaldehyde,=,12.5,mM
125,"1,11-diamino-3,6,9-trioxaundecane",(E)-hept-2-enal,=,0.049,mM
125,"1,6-Hexanediamine",(E)-hept-2-enal,=,0.048,mM
125,"1,5-diamino-3-azapentane",(E)-hept-2-enal,=,1.5,mM
125,"1,11-diamino-3,6,9-trioxaundecane","(2E,4E)-deca-2,4-dienal",=,0.049,mM
125,"1,6-Hexanediamine",Cinnamaldehyde,=,0.39,mM
125,"1,5-diamino-3-azapentane",Cinnamaldehyde,=,3,mM
125,"1,6-Hexanediamine",p-Bromo benzaldehyde,=,6.25,mM
125,"1,11-diamino-3,6,9-trioxaundecane",(E)-non-2-enal,=,0.048,mM
125,"1,6-Hexanediamine",(E)-non-2-enal,=,0.098,mM
125,"1,5-diamino-3-azapentane",(E)-non-2-enal,=,0.38,mM
125,"1,5-diamino-3-azapentane","(2E)-nona-2,6-dienal",=,0.19,mM
125,"1,11-diamino-3,6,9-trioxaundecane",Citral,=,0.098,mM
125,"1,6-Hexanediamine",Citral,=,0.19,mM
125,"1,5-diamino-3-azapentane",Citral,=,0.19,mM
125,"1,11-diamino-3,6,9-trioxaundecane",(E)-hex-2-enal,=,0.19,mM
125,"1,6-Hexanediamine",(E)-hex-2-enal,=,0.39,mM
125,"1,5-diamino-3-azapentane",(E)-hex-2-enal,=,3,mM
125,"1,11-diamino-3,6,9-trioxaundecane",Formaldehyde,=,3.12,mM
125,"1,5-diamino-3-azapentane",Formaldehyde,=,12.5,mM
126,"N-bis-(2-amino-ethyl)-ethane-1,2-diamine",(E)-2-Octenal,=,0.196,mM
126,"2,2-bis(2-aminoethoxy)propane",(E)-2-Octenal,=,0.098,mM
126,(Z)-[bis(2-aminoethyl)amino]-hydroxyimino-oxidoazanium,(E)-2-Octenal,=,0.098,mM
126,"1,7-Diaminoheptane",(E)-2-Octenal,=,0.049,mM
126,"2,2'-diaminodiethyl ether",(E)-2-Octenal,=,0.098,mM
126,"1,11-diamino-3,6,9-trioxaundecane",(E)-2-Octenal,=,0.098,mM
126,"1,5-diaminopentane",(E)-2-Octenal,=,0.098,mM
126,"1,4-diaminobutane",(E)-2-Octenal,=,0.098,mM
126,p-Phenylenediamine,(E)-2-Octenal,>,12.5,mM
126,Polyethylenimine linear,(E)-2-Octenal,=,0.38,mM
126,"3,7-diazanonane-1,9-diamine",(E)-2-Octenal,=,0.196,mM
126,"(3-aminopropyl)-1,2-ethylenediamine",(E)-2-Octenal,=,0.39,mM
126,"1,6-Hexanediamine",(E)-2-Octenal,=,0.098,mM
126,"1,3-bis(aminomethyl)cyclohexane",(E)-2-Octenal,=,0.39,mM
126,"2,2'-(ethylenedioxy)bis(ethylamine)",(E)-2-Octenal,=,0.049,mM
126,"2,2',2''-triaminotriethylamine",(E)-2-Octenal,=,0.098,mM
126,"3,3'-Diamino-N-methyldipropylamine",(E)-2-Octenal,=,0.098,mM
126,"1,11-diamino-3,6,9-trioxaundecane",1H-Imidazole-2-carboxaldehyde,=,0.39,mM
126,"1,6-Hexanediamine",1H-Imidazole-2-carboxaldehyde,=,3.12,mM
126,"1,5-diamino-3-azapentane",1H-Imidazole-2-carboxaldehyde,=,0.78,mM
126,"1,5-diamino-3-azapentane",4-Ethynylbenzaldehyde,>,12.5,mM
126,"1,11-diamino-3,6,9-trioxaundecane","3,4-Dihydroxybenzaldehyde",=,6.25,mM
126,"1,6-Hexanediamine","3,4-Dihydroxybenzaldehyde",=,6.25,mM
126,"1,11-diamino-3,6,9-trioxaundecane",(E)-Dec-2-enal,=,0.024,mM
126,"1,6-Hexanediamine",(E)-Dec-2-enal,=,0.098,mM
126,"N-bis-(2-amino-ethyl)-ethane-1,2-diamine","2,6-Dimethyl-5-heptenal",=,3.12,mM
126,(Z)-[bis(2-aminoethyl)amino]-hydroxyimino-oxidoazanium,"2,6-Dimethyl-5-heptenal",=,6.25,mM
126,cystamine dihydrochloride,"2,6-Dimethyl-5-heptenal",=,6.25,mM
126,"1,7-Diaminoheptane","2,6-Dimethyl-5-heptenal",=,3.12,mM
126,"2,2'-diaminodiethyl ether","2,6-Dimethyl-5-heptenal",>,12.5,mM
126,"1,11-diamino-3,6,9-trioxaundecane","2,6-Dimethyl-5-heptenal",=,12.5,mM
126,"1,8-diaminooctan","2,6-Dimethyl-5-heptenal",=,1.56,mM
126,p-Phenylenediamine,"2,6-Dimethyl-5-heptenal",=,1.56,mM
126,"3,7-diazanonane-1,9-diamine","2,6-Dimethyl-5-heptenal",=,6.25,mM
126,"1,6-Hexanediamine","2,6-Dimethyl-5-heptenal",=,6.25,mM
126,"1,3-di(aminomethyl)benzene","2,6-Dimethyl-5-heptenal",=,12.5,mM
126,"1,3-bis(aminomethyl)cyclohexane","2,6-Dimethyl-5-heptenal",=,12.5,mM
126,1.9-diaminononane,"2,6-Dimethyl-5-heptenal",=,1.56,mM
126,"2,2'-(ethylenedioxy)bis(ethylamine)","2,6-Dimethyl-5-heptenal",=,3.12,mM
126,"2,2',2''-triaminotriethylamine","2,6-Dimethyl-5-heptenal",=,3.12,mM
126,"N'-(2-aminoethyl)-N'-methylethane-1,2-diamine","2,6-Dimethyl-5-heptenal",>,12.5,mM
126,Spermidine,"2,6-Dimethyl-5-heptenal",=,6.25,mM
126,"1,5-diamino-3-azapentane","2,6-Dimethyl-5-heptenal",=,6.25,mM
126,"3,3'-Diamino-N-methyldipropylamine","2,6-Dimethyl-5-heptenal",=,12.5,mM
126,Spermine,"2,6-Dimethyl-5-heptenal",=,6.25,mM
126,"1,11-diamino-3,6,9-trioxaundecane",4-Nitrobenzaldehyde,=,1.56,mM
126,"1,6-Hexanediamine",4-Nitrobenzaldehyde,=,3.12,mM
126,"1,11-diamino-3,6,9-trioxaundecane",Hexanal,=,0.39,mM
126,"1,6-Hexanediamine",Hexanal,=,0.048,mM
126,"1,5-diamino-3-azapentane",Hexanal,=,0.78,mM
126,"1,11-diamino-3,6,9-trioxaundecane",Vanillin,=,12.5,mM
126,"1,6-Hexanediamine",Vanillin,=,6.25,mM
126,"1,5-diamino-3-azapentane",Vanillin,=,1.5,mM
126,"1,11-diamino-3,6,9-trioxaundecane",Octyl aldehyde,=,0.024,mM
126,"1,5-diamino-3-azapentane",Octyl aldehyde,=,0.39,mM
126,"1,6-Hexanediamine",Nonyl aldehyde,=,0.19,mM
126,"1,5-diamino-3-azapentane",Nonyl aldehyde,=,0.098,mM
126,"N-bis-(2-amino-ethyl)-ethane-1,2-diamine",Trans-2-pentenal,=,6.25,mM
126,(Z)-[bis(2-aminoethyl)amino]-hydroxyimino-oxidoazanium,Trans-2-pentenal,=,0.39,mM
126,"1,7-Diaminoheptane",Trans-2-pentenal,=,0.39,mM
126,"2,2'-diaminodiethyl ether",Trans-2-pentenal,=,3.12,mM
126,"1,11-diamino-3,6,9-trioxaundecane",Trans-2-pentenal,=,3.12,mM
126,"1,5-diaminopentane",Trans-2-pentenal,=,1.56,mM
126,"1,4-diaminobutane",Trans-2-pentenal,=,0.19,mM
126,"1,8-diaminooctan",Trans-2-pentenal,=,0.39,mM
126,p-Phenylenediamine,Trans-2-pentenal,>,12.5,mM
126,"3,7-diazanonane-1,9-diamine",Trans-2-pentenal,=,6.25,mM
126,"(3-aminopropyl)-1,2-ethylenediamine",Trans-2-pentenal,=,6.25,mM
126,"1,6-Hexanediamine",Trans-2-pentenal,=,0.19,mM
126,"1,3-bis(aminomethyl)cyclohexane",Trans-2-pentenal,=,1.56,mM
126,1.9-diaminononane,Trans-2-pentenal,=,0.098,mM
126,"N'-(2-aminoethyl)-N'-methylethane-1,2-diamine",Trans-2-pentenal,=,0.78,mM
126,"1,5-diamino-3-azapentane",Trans-2-pentenal,=,6.25,mM
126,Bis(3-aminopropyl)amine,Trans-2-pentenal,=,0.39,mM
126,"3,3'-Diamino-N-methyldipropylamine",Trans-2-pentenal,=,3.12,mM
126,"1,6-Hexanediamine",citronellal,=,0.048,mM
126,"1,5-diamino-3-azapentane",citronellal,=,1.56,mM
126,"1,11-diamino-3,6,9-trioxaundecane",2-Pyridinecarboxaldehyde,=,3.12,mM
126,"1,6-Hexanediamine",2-Pyridinecarboxaldehyde,=,3.12,mM
126,"1,5-diamino-3-azapentane",2-Pyridinecarboxaldehyde,=,12.5,mM
126,"1,11-diamino-3,6,9-trioxaundecane",(E)-hept-2-enal,=,0.049,mM
126,"1,6-Hexanediamine",(E)-hept-2-enal,=,0.048,mM
126,"1,5-diamino-3-azapentane",(E)-hept-2-enal,=,1.5,mM
126,"1,6-Hexanediamine","(2E,4E)-deca-2,4-dienal",=,0.19,mM
126,"1,5-diamino-3-azapentane","(2E,4E)-deca-2,4-dienal",=,0.75,mM
126,"1,5-diamino-3-azapentane",Cinnamaldehyde,=,3,mM
126,"1,11-diamino-3,6,9-trioxaundecane",p-Bromo benzaldehyde,=,6.25,mM
126,"1,5-diamino-3-azapentane",p-Bromo benzaldehyde,=,3.12,mM
126,"1,11-diamino-3,6,9-trioxaundecane",(E)-non-2-enal,=,0.048,mM
126,"1,5-diamino-3-azapentane",(E)-non-2-enal,=,0.38,mM
126,"1,11-diamino-3,6,9-trioxaundecane","(2E)-nona-2,6-dienal",=,0.098,mM
126,"1,6-Hexanediamine","(2E)-nona-2,6-dienal",=,0.19,mM
126,"1,5-diamino-3-azapentane","(2E)-nona-2,6-dienal",=,0.19,mM
126,"1,11-diamino-3,6,9-trioxaundecane",Citral,=,0.098,mM
126,"1,6-Hexanediamine",Citral,=,0.19,mM
126,"1,5-diamino-3-azapentane",Citral,=,0.19,mM
126,"1,11-diamino-3,6,9-trioxaundecane",(E)-hex-2-enal,=,0.19,mM
126,"1,5-diamino-3-azapentane",(E)-hex-2-enal,=,3,mM
126,"1,11-diamino-3,6,9-trioxaundecane",Formaldehyde,=,3.12,mM
126,"1,5-diamino-3-azapentane",Formaldehyde,=,12.5,mM
127,"N-bis-(2-amino-ethyl)-ethane-1,2-diamine",(E)-2-Octenal,=,0.196,mM
127,"2,2-bis(2-aminoethoxy)propane",(E)-2-Octenal,=,0.098,mM
127,"1,7-Diaminoheptane",(E)-2-Octenal,=,0.049,mM
127,"2,2'-diaminodiethyl ether",(E)-2-Octenal,=,0.098,mM
127,"1,11-diamino-3,6,9-trioxaundecane",(E)-2-Octenal,=,0.098,mM
127,"1,5-diaminopentane",(E)-2-Octenal,=,0.098,mM
127,"1,4-diaminobutane",(E)-2-Octenal,=,0.098,mM
127,"1,8-diaminooctan",(E)-2-Octenal,=,0.098,mM
127,Polyethylenimine linear,(E)-2-Octenal,=,0.38,mM
127,"3,7-diazanonane-1,9-diamine",(E)-2-Octenal,=,0.196,mM
127,"(3-aminopropyl)-1,2-ethylenediamine",(E)-2-Octenal,=,0.39,mM
127,"1,6-Hexanediamine",(E)-2-Octenal,=,0.098,mM
127,"1,3-bis(aminomethyl)cyclohexane",(E)-2-Octenal,=,0.39,mM
127,1.9-diaminononane,(E)-2-Octenal,=,0.098,mM
127,"2,2'-(ethylenedioxy)bis(ethylamine)",(E)-2-Octenal,=,0.049,mM
127,"2,2',2''-triaminotriethylamine",(E)-2-Octenal,=,0.098,mM
127,"N'-(2-aminoethyl)-N'-methylethane-1,2-diamine",(E)-2-Octenal,=,0.049,mM
127,"1,5-diamino-3-azapentane",(E)-2-Octenal,=,0.38,mM
127,Bis(3-aminopropyl)amine,(E)-2-Octenal,=,0.75,mM
127,"3,3'-Diamino-N-methyldipropylamine",(E)-2-Octenal,=,0.098,mM
127,Spermine,(E)-2-Octenal,=,0.75,mM
127,"1,11-diamino-3,6,9-trioxaundecane","3,4-Dihydroxybenzaldehyde",=,6.25,mM
127,"1,6-Hexanediamine",(E)-Dec-2-enal,=,0.098,mM
127,"1,5-diamino-3-azapentane",(E)-Dec-2-enal,=,1.5,mM
127,"N-bis-(2-amino-ethyl)-ethane-1,2-diamine","2,6-Dimethyl-5-heptenal",=,3.12,mM
127,"2,2-bis(2-aminoethoxy)propane","2,6-Dimethyl-5-heptenal",>,12.5,mM
127,(Z)-[bis(2-aminoethyl)amino]-hydroxyimino-oxidoazanium,"2,6-Dimethyl-5-heptenal",=,6.25,mM
127,cystamine dihydrochloride,"2,6-Dimethyl-5-heptenal",=,6.25,mM
127,"2,2'-diaminodiethyl ether","2,6-Dimethyl-5-heptenal",>,12.5,mM
127,"1,11-diamino-3,6,9-trioxaundecane","2,6-Dimethyl-5-heptenal",=,12.5,mM
127,"1,5-diaminopentane","2,6-Dimethyl-5-heptenal",=,6.25,mM
127,"1,4-diaminobutane","2,6-Dimethyl-5-heptenal",=,3.12,mM
127,"2,5-Bis(aminomethyl)furan","2,6-Dimethyl-5-heptenal",=,6.25,mM
127,p-Phenylenediamine,"2,6-Dimethyl-5-heptenal",=,1.56,mM
127,"(3-aminopropyl)-1,2-ethylenediamine","2,6-Dimethyl-5-heptenal",=,12.5,mM
127,"1,6-Hexanediamine","2,6-Dimethyl-5-heptenal",=,6.25,mM
127,"1,3-bis(aminomethyl)cyclohexane","2,6-Dimethyl-5-heptenal",=,12.5,mM
127,"2,2'-(ethylenedioxy)bis(ethylamine)","2,6-Dimethyl-5-heptenal",=,3.12,mM
127,"N'-(2-aminoethyl)-N'-methylethane-1,2-diamine","2,6-Dimethyl-5-heptenal",>,12.5,mM
127,"1,5-diamino-3-azapentane","2,6-Dimethyl-5-heptenal",=,6.25,mM
127,Bis(3-aminopropyl)amine,"2,6-Dimethyl-5-heptenal",=,3.12,mM
127,"3,3'-Diamino-N-methyldipropylamine","2,6-Dimethyl-5-heptenal",=,12.5,mM
127,Spermine,"2,6-Dimethyl-5-heptenal",=,6.25,mM
127,"1,11-diamino-3,6,9-trioxaundecane",4-Nitrobenzaldehyde,=,1.56,mM
127,"1,6-Hexanediamine",4-Nitrobenzaldehyde,=,3.12,mM
127,"1,5-diamino-3-azapentane",4-Nitrobenzaldehyde,=,3.12,mM
127,"1,11-diamino-3,6,9-trioxaundecane",Hexanal,=,0.39,mM
127,"1,6-Hexanediamine",Hexanal,=,0.048,mM
127,"1,5-diamino-3-azapentane",Hexanal,=,0.78,mM
127,"1,11-diamino-3,6,9-trioxaundecane",Vanillin,=,12.5,mM
127,"1,6-Hexanediamine",Vanillin,=,6.25,mM
127,"1,5-diamino-3-azapentane",Vanillin,=,1.5,mM
127,"1,11-diamino-3,6,9-trioxaundecane",Octyl aldehyde,=,0.024,mM
127,"1,5-diamino-3-azapentane",Octyl aldehyde,=,0.39,mM
127,"1,6-Hexanediamine",Nonyl aldehyde,=,0.19,mM
127,"1,5-diamino-3-azapentane",Nonyl aldehyde,=,0.098,mM
127,"N-bis-(2-amino-ethyl)-ethane-1,2-diamine",Trans-2-pentenal,=,6.25,mM
127,"2,2-bis(2-aminoethoxy)propane",Trans-2-pentenal,=,1.56,mM
127,(Z)-[bis(2-aminoethyl)amino]-hydroxyimino-oxidoazanium,Trans-2-pentenal,=,0.39,mM
127,"1,7-Diaminoheptane",Trans-2-pentenal,=,0.39,mM
127,"2,2'-diaminodiethyl ether",Trans-2-pentenal,=,3.12,mM
127,"1,11-diamino-3,6,9-trioxaundecane",Trans-2-pentenal,=,3.12,mM
127,"1,5-diaminopentane",Trans-2-pentenal,=,1.56,mM
127,"1,4-diaminobutane",Trans-2-pentenal,=,0.19,mM
127,"1,8-diaminooctan",Trans-2-pentenal,=,0.39,mM
127,p-Phenylenediamine,Trans-2-pentenal,>,12.5,mM
127,"3,7-diazanonane-1,9-diamine",Trans-2-pentenal,=,6.25,mM
127,"(3-aminopropyl)-1,2-ethylenediamine",Trans-2-pentenal,=,6.25,mM
127,"1,6-Hexanediamine",Trans-2-pentenal,=,0.19,mM
127,"1,3-bis(aminomethyl)cyclohexane",Trans-2-pentenal,=,1.56,mM
127,1.9-diaminononane,Trans-2-pentenal,=,0.098,mM
127,"2,2'-(ethylenedioxy)bis(ethylamine)",Trans-2-pentenal,=,3.12,mM
127,"N'-(2-aminoethyl)-N'-methylethane-1,2-diamine",Trans-2-pentenal,=,0.78,mM
127,"1,5-diamino-3-azapentane",Trans-2-pentenal,=,6.25,mM
127,"3,3'-Diamino-N-methyldipropylamine",Trans-2-pentenal,=,3.12,mM
127,"1,11-diamino-3,6,9-trioxaundecane",citronellal,=,0.0061,mM
127,"1,6-Hexanediamine",citronellal,=,0.048,mM
127,"1,11-diamino-3,6,9-trioxaundecane",2-Pyridinecarboxaldehyde,=,3.12,mM
127,"1,6-Hexanediamine",2-Pyridinecarboxaldehyde,=,3.12,mM
127,"1,5-diamino-3-azapentane",2-Pyridinecarboxaldehyde,=,12.5,mM
127,"1,6-Hexanediamine",(E)-hept-2-enal,=,0.048,mM
127,"1,5-diamino-3-azapentane",(E)-hept-2-enal,=,1.5,mM
127,"1,11-diamino-3,6,9-trioxaundecane","(2E,4E)-deca-2,4-dienal",=,0.049,mM
127,"1,6-Hexanediamine","(2E,4E)-deca-2,4-dienal",=,0.19,mM
127,"1,5-diamino-3-azapentane","(2E,4E)-deca-2,4-dienal",=,0.75,mM
127,"1,11-diamino-3,6,9-trioxaundecane",Cinnamaldehyde,=,0.19,mM
127,"1,6-Hexanediamine",Cinnamaldehyde,=,0.39,mM
127,"1,5-diamino-3-azapentane",Cinnamaldehyde,=,3,mM
127,"1,11-diamino-3,6,9-trioxaundecane",p-Bromo benzaldehyde,=,6.25,mM
127,"1,6-Hexanediamine",(E)-non-2-enal,=,0.098,mM
127,"1,5-diamino-3-azapentane",(E)-non-2-enal,=,0.38,mM
127,"1,11-diamino-3,6,9-trioxaundecane","(2E)-nona-2,6-dienal",=,0.098,mM
127,"1,6-Hexanediamine","(2E)-nona-2,6-dienal",=,0.19,mM
127,"1,5-diamino-3-azapentane","(2E)-nona-2,6-dienal",=,0.19,mM
127,"1,6-Hexanediamine",Citral,=,0.19,mM
127,"1,5-diamino-3-azapentane",Citral,=,0.19,mM
127,"1,6-Hexanediamine",(E)-hex-2-enal,=,0.39,mM
127,"1,5-diamino-3-azapentane",(E)-hex-2-enal,=,3,mM
127,"1,11-diamino-3,6,9-trioxaundecane",Formaldehyde,=,3.12,mM
127,"1,5-diamino-3-azapentane",Formaldehyde,=,12.5,mM
128,"2,2-bis(2-aminoethoxy)propane",(E)-2-Octenal,=,0.098,mM
128,(Z)-[bis(2-aminoethyl)amino]-hydroxyimino-oxidoazanium,(E)-2-Octenal,=,0.098,mM
128,"1,7-Diaminoheptane",(E)-2-Octenal,=,0.049,mM
128,"1,11-diamino-3,6,9-trioxaundecane",(E)-2-Octenal,=,0.098,mM
128,"1,5-diaminopentane",(E)-2-Octenal,=,0.098,mM
128,"1,8-diaminooctan",(E)-2-Octenal,=,0.098,mM
128,Polyethylenimine linear,(E)-2-Octenal,=,0.38,mM
128,"3,7-diazanonane-1,9-diamine",(E)-2-Octenal,=,0.196,mM
128,"(3-aminopropyl)-1,2-ethylenediamine",(E)-2-Octenal,=,0.39,mM
128,"1,6-Hexanediamine",(E)-2-Octenal,=,0.098,mM
128,"1,3-bis(aminomethyl)cyclohexane",(E)-2-Octenal,=,0.39,mM
128,1.9-diaminononane,(E)-2-Octenal,=,0.098,mM
128,"2,2'-(ethylenedioxy)bis(ethylamine)",(E)-2-Octenal,=,0.049,mM
128,"2,2',2''-triaminotriethylamine",(E)-2-Octenal,=,0.098,mM
128,"N'-(2-aminoethyl)-N'-methylethane-1,2-diamine",(E)-2-Octenal,=,0.049,mM
128,Bis(3-aminopropyl)amine,(E)-2-Octenal,=,0.75,mM
128,"3,3'-Diamino-N-methyldipropylamine",(E)-2-Octenal,=,0.098,mM
128,Spermine,(E)-2-Octenal,=,0.75,mM
128,"1,11-diamino-3,6,9-trioxaundecane",1H-Imidazole-2-carboxaldehyde,=,0.39,mM
128,"1,11-diamino-3,6,9-trioxaundecane",4-Ethynylbenzaldehyde,=,3.12,mM
128,"1,5-diamino-3-azapentane",4-Ethynylbenzaldehyde,>,12.5,mM
128,"1,11-diamino-3,6,9-trioxaundecane","3,4-Dihydroxybenzaldehyde",=,6.25,mM
128,"1,11-diamino-3,6,9-trioxaundecane",(E)-Dec-2-enal,=,0.024,mM
128,"1,6-Hexanediamine",(E)-Dec-2-enal,=,0.098,mM
128,"1,5-diamino-3-azapentane",(E)-Dec-2-enal,=,1.5,mM
128,"2,2-bis(2-aminoethoxy)propane","2,6-Dimethyl-5-heptenal",>,12.5,mM
128,(Z)-[bis(2-aminoethyl)amino]-hydroxyimino-oxidoazanium,"2,6-Dimethyl-5-heptenal",=,6.25,mM
128,cystamine dihydrochloride,"2,6-Dimethyl-5-heptenal",=,6.25,mM
128,"1,7-Diaminoheptane","2,6-Dimethyl-5-heptenal",=,3.12,mM
128,"1,11-diamino-3,6,9-trioxaundecane","2,6-Dimethyl-5-heptenal",=,12.5,mM
128,"1,5-diaminopentane","2,6-Dimethyl-5-heptenal",=,6.25,mM
128,"1,4-diaminobutane","2,6-Dimethyl-5-heptenal",=,3.12,mM
128,"2,5-Bis(aminomethyl)furan","2,6-Dimethyl-5-heptenal",=,6.25,mM
128,"1,8-diaminooctan","2,6-Dimethyl-5-heptenal",=,1.56,mM
128,p-Phenylenediamine,"2,6-Dimethyl-5-heptenal",=,1.56,mM
128,"3,7-diazanonane-1,9-diamine","2,6-Dimethyl-5-heptenal",=,6.25,mM
128,"1,6-Hexanediamine","2,6-Dimethyl-5-heptenal",=,6.25,mM
128,"1,3-di(aminomethyl)benzene","2,6-Dimethyl-5-heptenal",=,12.5,mM
128,"1,3-bis(aminomethyl)cyclohexane","2,6-Dimethyl-5-heptenal",=,12.5,mM
128,1.9-diaminononane,"2,6-Dimethyl-5-heptenal",=,1.56,mM
128,"2,2',2''-triaminotriethylamine","2,6-Dimethyl-5-heptenal",=,3.12,mM
128,"N'-(2-aminoethyl)-N'-methylethane-1,2-diamine","2,6-Dimethyl-5-heptenal",>,12.5,mM
128,Spermidine,"2,6-Dimethyl-5-heptenal",=,6.25,mM
128,"1,5-diamino-3-azapentane","2,6-Dimethyl-5-heptenal",=,6.25,mM
128,Bis(3-aminopropyl)amine,"2,6-Dimethyl-5-heptenal",=,3.12,mM
128,"3,3'-Diamino-N-methyldipropylamine","2,6-Dimethyl-5-heptenal",=,12.5,mM
128,Spermine,"2,6-Dimethyl-5-heptenal",=,6.25,mM
128,"1,11-diamino-3,6,9-trioxaundecane",4-Nitrobenzaldehyde,=,1.56,mM
128,"1,6-Hexanediamine",4-Nitrobenzaldehyde,=,3.12,mM
128,"1,5-diamino-3-azapentane",4-Nitrobenzaldehyde,=,3.12,mM
128,"1,11-diamino-3,6,9-trioxaundecane",Hexanal,=,0.39,mM
128,"1,6-Hexanediamine",Hexanal,=,0.048,mM
128,"1,6-Hexanediamine",Vanillin,=,6.25,mM
128,"1,5-diamino-3-azapentane",Vanillin,=,1.5,mM
128,"1,11-diamino-3,6,9-trioxaundecane",Octyl aldehyde,=,0.024,mM
128,"1,6-Hexanediamine",Octyl aldehyde,=,0.098,mM
128,"1,5-diamino-3-azapentane",Octyl aldehyde,=,0.39,mM
128,"1,6-Hexanediamine",Nonyl aldehyde,=,0.19,mM
128,"N-bis-(2-amino-ethyl)-ethane-1,2-diamine",Trans-2-pentenal,=,6.25,mM
128,"2,2-bis(2-aminoethoxy)propane",Trans-2-pentenal,=,1.56,mM
128,(Z)-[bis(2-aminoethyl)amino]-hydroxyimino-oxidoazanium,Trans-2-pentenal,=,0.39,mM
128,"1,7-Diaminoheptane",Trans-2-pentenal,=,0.39,mM
128,"2,2'-diaminodiethyl ether",Trans-2-pentenal,=,3.12,mM
128,"1,11-diamino-3,6,9-trioxaundecane",Trans-2-pentenal,=,3.12,mM
128,"1,5-diaminopentane",Trans-2-pentenal,=,1.56,mM
128,"1,4-diaminobutane",Trans-2-pentenal,=,0.19,mM
128,"1,8-diaminooctan",Trans-2-pentenal,=,0.39,mM
128,p-Phenylenediamine,Trans-2-pentenal,>,12.5,mM
128,"3,7-diazanonane-1,9-diamine",Trans-2-pentenal,=,6.25,mM
128,"(3-aminopropyl)-1,2-ethylenediamine",Trans-2-pentenal,=,6.25,mM
128,"1,3-bis(aminomethyl)cyclohexane",Trans-2-pentenal,=,1.56,mM
128,1.9-diaminononane,Trans-2-pentenal,=,0.098,mM
128,"2,2'-(ethylenedioxy)bis(ethylamine)",Trans-2-pentenal,=,3.12,mM
128,"1,5-diamino-3-azapentane",Trans-2-pentenal,=,6.25,mM
128,Bis(3-aminopropyl)amine,Trans-2-pentenal,=,0.39,mM
128,"3,3'-Diamino-N-methyldipropylamine",Trans-2-pentenal,=,3.12,mM
128,"1,11-diamino-3,6,9-trioxaundecane",citronellal,=,0.0061,mM
128,"1,6-Hexanediamine",citronellal,=,0.048,mM
128,"1,5-diamino-3-azapentane",citronellal,=,1.56,mM
128,"1,11-diamino-3,6,9-trioxaundecane",2-Pyridinecarboxaldehyde,=,3.12,mM
128,"1,6-Hexanediamine",2-Pyridinecarboxaldehyde,=,3.12,mM
128,"1,5-diamino-3-azapentane",2-Pyridinecarboxaldehyde,=,12.5,mM
128,"1,11-diamino-3,6,9-trioxaundecane",(E)-hept-2-enal,=,0.049,mM
128,"1,6-Hexanediamine",(E)-hept-2-enal,=,0.048,mM
128,"1,11-diamino-3,6,9-trioxaundecane","(2E,4E)-deca-2,4-dienal",=,0.049,mM
128,"1,5-diamino-3-azapentane","(2E,4E)-deca-2,4-dienal",=,0.75,mM
128,"1,11-diamino-3,6,9-trioxaundecane",Cinnamaldehyde,=,0.19,mM
128,"1,6-Hexanediamine",Cinnamaldehyde,=,0.39,mM
128,"1,5-diamino-3-azapentane",Cinnamaldehyde,=,3,mM
128,"1,6-Hexanediamine",p-Bromo benzaldehyde,=,6.25,mM
128,"1,5-diamino-3-azapentane",p-Bromo benzaldehyde,=,3.12,mM
128,"1,6-Hexanediamine",(E)-non-2-enal,=,0.098,mM
128,"1,11-diamino-3,6,9-trioxaundecane","(2E)-nona-2,6-dienal",=,0.098,mM
128,"1,6-Hexanediamine","(2E)-nona-2,6-dienal",=,0.19,mM
128,"1,5-diamino-3-azapentane","(2E)-nona-2,6-dienal",=,0.19,mM
128,"1,11-diamino-3,6,9-trioxaundecane",(E)-hex-2-enal,=,0.19,mM
128,"1,6-Hexanediamine",(E)-hex-2-enal,=,0.39,mM
128,"1,5-diamino-3-azapentane",(E)-hex-2-enal,=,3,mM
128,"1,11-diamino-3,6,9-trioxaundecane",Formaldehyde,=,3.12,mM
128,"1,5-diamino-3-azapentane",Formaldehyde,=,12.5,mM
129,"N-bis-(2-amino-ethyl)-ethane-1,2-diamine",(E)-2-Octenal,=,0.196,mM
129,"2,2-bis(2-aminoethoxy)propane",(E)-2-Octenal,=,0.098,mM
129,(Z)-[bis(2-aminoethyl)amino]-hydroxyimino-oxidoazanium,(E)-2-Octenal,=,0.098,mM
129,"1,7-Diaminoheptane",(E)-2-Octenal,=,0.049,mM
129,"2,2'-diaminodiethyl ether",(E)-2-Octenal,=,0.098,mM
129,"1,5-diaminopentane",(E)-2-Octenal,=,0.098,mM
129,"1,4-diaminobutane",(E)-2-Octenal,=,0.098,mM
129,"1,8-diaminooctan",(E)-2-Octenal,=,0.098,mM
129,Polyethylenimine linear,(E)-2-Octenal,=,0.38,mM
129,"(3-aminopropyl)-1,2-ethylenediamine",(E)-2-Octenal,=,0.39,mM
129,"1,6-Hexanediamine",(E)-2-Octenal,=,0.098,mM
129,"2,2'-(ethylenedioxy)bis(ethylamine)",(E)-2-Octenal,=,0.049,mM
129,"2,2',2''-triaminotriethylamine",(E)-2-Octenal,=,0.098,mM
129,"N'-(2-aminoethyl)-N'-methylethane-1,2-diamine",(E)-2-Octenal,=,0.049,mM
129,"1,5-diamino-3-azapentane",(E)-2-Octenal,=,0.38,mM
129,"3,3'-Diamino-N-methyldipropylamine",(E)-2-Octenal,=,0.098,mM
129,Spermine,(E)-2-Octenal,=,0.75,mM
129,"1,6-Hexanediamine",1H-Imidazole-2-carboxaldehyde,=,3.12,mM
129,"1,5-diamino-3-azapentane",1H-Imidazole-2-carboxaldehyde,=,0.78,mM
129,"1,11-diamino-3,6,9-trioxaundecane",4-Ethynylbenzaldehyde,=,3.12,mM
129,"1,5-diamino-3-azapentane",4-Ethynylbenzaldehyde,>,12.5,mM
129,"1,11-diamino-3,6,9-trioxaundecane","3,4-Dihydroxybenzaldehyde",=,6.25,mM
129,"1,11-diamino-3,6,9-trioxaundecane",(E)-Dec-2-enal,=,0.024,mM
129,"1,6-Hexanediamine",(E)-Dec-2-enal,=,0.098,mM
129,"1,5-diamino-3-azapentane",(E)-Dec-2-enal,=,1.5,mM
129,"N-bis-(2-amino-ethyl)-ethane-1,2-diamine","2,6-Dimethyl-5-heptenal",=,3.12,mM
129,"2,2-bis(2-aminoethoxy)propane","2,6-Dimethyl-5-heptenal",>,12.5,mM
129,(Z)-[bis(2-aminoethyl)amino]-hydroxyimino-oxidoazanium,"2,6-Dimethyl-5-heptenal",=,6.25,mM
129,cystamine dihydrochloride,"2,6-Dimethyl-5-heptenal",=,6.25,mM
129,"2,2'-diaminodiethyl ether","2,6-Dimethyl-5-heptenal",>,12.5,mM
129,"1,11-diamino-3,6,9-trioxaundecane","2,6-Dimethyl-5-heptenal",=,12.5,mM
129,"1,5-diaminopentane","2,6-Dimethyl-5-heptenal",=,6.25,mM
129,"1,4-diaminobutane","2,6-Dimethyl-5-heptenal",=,3.12,mM
129,"2,5-Bis(aminomethyl)furan","2,6-Dimethyl-5-heptenal",=,6.25,mM
129,p-Phenylenediamine,"2,6-Dimethyl-5-heptenal",=,1.56,mM
129,"3,7-diazanonane-1,9-diamine","2,6-Dimethyl-5-heptenal",=,6.25,mM
129,"(3-aminopropyl)-1,2-ethylenediamine","2,6-Dimethyl-5-heptenal",=,12.5,mM
129,"1,6-Hexanediamine","2,6-Dimethyl-5-heptenal",=,6.25,mM
129,"1,3-di(aminomethyl)benzene","2,6-Dimethyl-5-heptenal",=,12.5,mM
129,"1,3-bis(aminomethyl)cyclohexane","2,6-Dimethyl-5-heptenal",=,12.5,mM
129,1.9-diaminononane,"2,6-Dimethyl-5-heptenal",=,1.56,mM
129,"2,2'-(ethylenedioxy)bis(ethylamine)","2,6-Dimethyl-5-heptenal",=,3.12,mM
129,"N'-(2-aminoethyl)-N'-methylethane-1,2-diamine","2,6-Dimethyl-5-heptenal",>,12.5,mM
129,"1,5-diamino-3-azapentane","2,6-Dimethyl-5-heptenal",=,6.25,mM
129,Bis(3-aminopropyl)amine,"2,6-Dimethyl-5-heptenal",=,3.12,mM
129,"3,3'-Diamino-N-methyldipropylamine","2,6-Dimethyl-5-heptenal",=,12.5,mM
129,Spermine,"2,6-Dimethyl-5-heptenal",=,6.25,mM
129,"1,11-diamino-3,6,9-trioxaundecane",4-Nitrobenzaldehyde,=,1.56,mM
129,"1,5-diamino-3-azapentane",4-Nitrobenzaldehyde,=,3.12,mM
129,"1,11-diamino-3,6,9-trioxaundecane",Hexanal,=,0.39,mM
129,"1,5-diamino-3-azapentane",Hexanal,=,0.78,mM
129,"1,11-diamino-3,6,9-trioxaundecane",Vanillin,=,12.5,mM
129,"1,6-Hexanediamine",Vanillin,=,6.25,mM
129,"1,5-diamino-3-azapentane",Vanillin,=,1.5,mM
129,"1,11-diamino-3,6,9-trioxaundecane",Octyl aldehyde,=,0.024,mM
129,"1,6-Hexanediamine",Octyl aldehyde,=,0.098,mM
129,"1,5-diamino-3-azapentane",Octyl aldehyde,=,0.39,mM
129,"1,6-Hexanediamine",Nonyl aldehyde,=,0.19,mM
129,"N-bis-(2-amino-ethyl)-ethane-1,2-diamine",Trans-2-pentenal,=,6.25,mM
129,"2,2-bis(2-aminoethoxy)propane",Trans-2-pentenal,=,1.56,mM
129,(Z)-[bis(2-aminoethyl)amino]-hydroxyimino-oxidoazanium,Trans-2-pentenal,=,0.39,mM
129,"1,7-Diaminoheptane",Trans-2-pentenal,=,0.39,mM
129,"2,2'-diaminodiethyl ether",Trans-2-pentenal,=,3.12,mM
129,"1,11-diamino-3,6,9-trioxaundecane",Trans-2-pentenal,=,3.12,mM
129,"1,5-diaminopentane",Trans-2-pentenal,=,1.56,mM
129,"1,4-diaminobutane",Trans-2-pentenal,=,0.19,mM
129,"1,8-diaminooctan",Trans-2-pentenal,=,0.39,mM
129,p-Phenylenediamine,Trans-2-pentenal,>,12.5,mM
129,"3,7-diazanonane-1,9-diamine",Trans-2-pentenal,=,6.25,mM
129,"(3-aminopropyl)-1,2-ethylenediamine",Trans-2-pentenal,=,6.25,mM
129,"1,6-Hexanediamine",Trans-2-pentenal,=,0.19,mM
129,"1,3-bis(aminomethyl)cyclohexane",Trans-2-pentenal,=,1.56,mM
129,"2,2'-(ethylenedioxy)bis(ethylamine)",Trans-2-pentenal,=,3.12,mM
129,"N'-(2-aminoethyl)-N'-methylethane-1,2-diamine",Trans-2-pentenal,=,0.78,mM
129,"1,5-diamino-3-azapentane",Trans-2-pentenal,=,6.25,mM
129,Bis(3-aminopropyl)amine,Trans-2-pentenal,=,0.39,mM
129,"3,3'-Diamino-N-methyldipropylamine",Trans-2-pentenal,=,3.12,mM
129,"1,11-diamino-3,6,9-trioxaundecane",citronellal,=,0.0061,mM
129,"1,6-Hexanediamine",citronellal,=,0.048,mM
129,"1,5-diamino-3-azapentane",citronellal,=,1.56,mM
129,"1,11-diamino-3,6,9-trioxaundecane",2-Pyridinecarboxaldehyde,=,3.12,mM
129,"1,6-Hexanediamine",2-Pyridinecarboxaldehyde,=,3.12,mM
129,"1,11-diamino-3,6,9-trioxaundecane",(E)-hept-2-enal,=,0.049,mM
129,"1,6-Hexanediamine",(E)-hept-2-enal,=,0.048,mM
129,"1,5-diamino-3-azapentane",(E)-hept-2-enal,=,1.5,mM
129,"1,11-diamino-3,6,9-trioxaundecane","(2E,4E)-deca-2,4-dienal",=,0.049,mM
129,"1,6-Hexanediamine",Cinnamaldehyde,=,0.39,mM
129,"1,5-diamino-3-azapentane",Cinnamaldehyde,=,3,mM
129,"1,6-Hexanediamine",p-Bromo benzaldehyde,=,6.25,mM
129,"1,5-diamino-3-azapentane",p-Bromo benzaldehyde,=,3.12,mM
129,"1,5-diamino-3-azapentane",(E)-non-2-enal,=,0.38,mM
129,"1,11-diamino-3,6,9-trioxaundecane","(2E)-nona-2,6-dienal",=,0.098,mM
129,"1,6-Hexanediamine","(2E)-nona-2,6-dienal",=,0.19,mM
129,"1,5-diamino-3-azapentane","(2E)-nona-2,6-dienal",=,0.19,mM
129,"1,11-diamino-3,6,9-trioxaundecane",Citral,=,0.098,mM
129,"1,6-Hexanediamine",Citral,=,0.19,mM
129,"1,5-diamino-3-azapentane",Citral,=,0.19,mM
129,"1,11-diamino-3,6,9-trioxaundecane",(E)-hex-2-enal,=,0.19,mM
129,"1,11-diamino-3,6,9-trioxaundecane",Formaldehyde,=,3.12,mM
129,"1,5-diamino-3-azapentane",Formaldehyde,=,12.5,mM
130,"N-bis-(2-amino-ethyl)-ethane-1,2-diamine",(E)-2-Octenal,=,0.196,mM
130,"2,2-bis(2-aminoethoxy)propane",(E)-2-Octenal,=,0.098,mM
130,"1,11-diamino-3,6,9-trioxaundecane",(E)-2-Octenal,=,0.098,mM
130,"1,5-diaminopentane",(E)-2-Octenal,=,0.098,mM
130,"1,4-diaminobutane",(E)-2-Octenal,=,0.098,mM
130,"1,8-diaminooctan",(E)-2-Octenal,=,0.098,mM
130,Polyethylenimine linear,(E)-2-Octenal,=,0.38,mM
130,"1,6-Hexanediamine",(E)-2-Octenal,=,0.098,mM
130,"1,3-bis(aminomethyl)cyclohexane",(E)-2-Octenal,=,0.39,mM
130,1.9-diaminononane,(E)-2-Octenal,=,0.098,mM
130,"2,2'-(ethylenedioxy)bis(ethylamine)",(E)-2-Octenal,=,0.049,mM
130,"2,2',2''-triaminotriethylamine",(E)-2-Octenal,=,0.098,mM
130,"N'-(2-aminoethyl)-N'-methylethane-1,2-diamine",(E)-2-Octenal,=,0.049,mM
130,"1,5-diamino-3-azapentane",(E)-2-Octenal,=,0.38,mM
130,"3,3'-Diamino-N-methyldipropylamine",(E)-2-Octenal,=,0.098,mM
130,Spermine,(E)-2-Octenal,=,0.75,mM
130,"1,11-diamino-3,6,9-trioxaundecane",1H-Imidazole-2-carboxaldehyde,=,0.39,mM
130,"1,6-Hexanediamine",1H-Imidazole-2-carboxaldehyde,=,3.12,mM
130,"1,11-diamino-3,6,9-trioxaundecane",4-Ethynylbenzaldehyde,=,3.12,mM
130,"1,5-diamino-3-azapentane",4-Ethynylbenzaldehyde,>,12.5,mM
130,"1,11-diamino-3,6,9-trioxaundecane","3,4-Dihydroxybenzaldehyde",=,6.25,mM
130,"1,6-Hexanediamine","3,4-Dihydroxybenzaldehyde",=,6.25,mM
130,"1,11-diamino-3,6,9-trioxaundecane",(E)-Dec-2-enal,=,0.024,mM
130,"1,5-diamino-3-azapentane",(E)-Dec-2-enal,=,1.5,mM
130,"N-bis-(2-amino-ethyl)-ethane-1,2-diamine","2,6-Dimethyl-5-heptenal",=,3.12,mM
130,"2,2-bis(2-aminoethoxy)propane","2,6-Dimethyl-5-heptenal",>,12.5,mM
130,cystamine dihydrochloride,"2,6-Dimethyl-5-heptenal",=,6.25,mM
130,"1,7-Diaminoheptane","2,6-Dimethyl-5-heptenal",=,3.12,mM
130,"2,2'-diaminodiethyl ether","2,6-Dimethyl-5-heptenal",>,12.5,mM
130,"1,11-diamino-3,6,9-trioxaundecane","2,6-Dimethyl-5-heptenal",=,12.5,mM
130,"1,4-diaminobutane","2,6-Dimethyl-5-heptenal",=,3.12,mM
130,"2,5-Bis(aminomethyl)furan","2,6-Dimethyl-5-heptenal",=,6.25,mM
130,"1,8-diaminooctan","2,6-Dimethyl-5-heptenal",=,1.56,mM
130,p-Phenylenediamine,"2,6-Dimethyl-5-heptenal",=,1.56,mM
130,"3,7-diazanonane-1,9-diamine","2,6-Dimethyl-5-heptenal",=,6.25,mM
130,"(3-aminopropyl)-1,2-ethylenediamine","2,6-Dimethyl-5-heptenal",=,12.5,mM
130,"1,6-Hexanediamine","2,6-Dimethyl-5-heptenal",=,6.25,mM
130,"1,3-di(aminomethyl)benzene","2,6-Dimethyl-5-heptenal",=,12.5,mM
130,"1,3-bis(aminomethyl)cyclohexane","2,6-Dimethyl-5-heptenal",=,12.5,mM
130,1.9-diaminononane,"2,6-Dimethyl-5-heptenal",=,1.56,mM
130,"2,2'-(ethylenedioxy)bis(ethylamine)","2,6-Dimethyl-5-heptenal",=,3.12,mM
130,Spermidine,"2,6-Dimethyl-5-heptenal",=,6.25,mM
130,"1,5-diamino-3-azapentane","2,6-Dimethyl-5-heptenal",=,6.25,mM
130,"3,3'-Diamino-N-methyldipropylamine","2,6-Dimethyl-5-heptenal",=,12.5,mM
130,Spermine,"2,6-Dimethyl-5-heptenal",=,6.25,mM
130,"1,11-diamino-3,6,9-trioxaundecane",4-Nitrobenzaldehyde,=,1.56,mM
130,"1,6-Hexanediamine",4-Nitrobenzaldehyde,=,3.12,mM
130,"1,5-diamino-3-azapentane",4-Nitrobenzaldehyde,=,3.12,mM
130,"1,11-diamino-3,6,9-trioxaundecane",Hexanal,=,0.39,mM
130,"1,6-Hexanediamine",Hexanal,=,0.048,mM
130,"1,5-diamino-3-azapentane",Hexanal,=,0.78,mM
130,"1,11-diamino-3,6,9-trioxaundecane",Vanillin,=,12.5,mM
130,"1,6-Hexanediamine",Vanillin,=,6.25,mM
130,"1,6-Hexanediamine",Octyl aldehyde,=,0.098,mM
130,"1,6-Hexanediamine",Nonyl aldehyde,=,0.19,mM
130,"1,5-diamino-3-azapentane",Nonyl aldehyde,=,0.098,mM
130,"N-bis-(2-amino-ethyl)-ethane-1,2-diamine",Trans-2-pentenal,=,6.25,mM
130,"2,2-bis(2-aminoethoxy)propane",Trans-2-pentenal,=,1.56,mM
130,(Z)-[bis(2-aminoethyl)amino]-hydroxyimino-oxidoazanium,Trans-2-pentenal,=,0.39,mM
130,"1,7-Diaminoheptane",Trans-2-pentenal,=,0.39,mM
130,"2,2'-diaminodiethyl ether",Trans-2-pentenal,=,3.12,mM
130,"1,11-diamino-3,6,9-trioxaundecane",Trans-2-pentenal,=,3.12,mM
130,"1,5-diaminopentane",Trans-2-pentenal,=,1.56,mM
130,"1,4-diaminobutane",Trans-2-pentenal,=,0.19,mM
130,"1,8-diaminooctan",Trans-2-pentenal,=,0.39,mM
130,p-Phenylenediamine,Trans-2-pentenal,>,12.5,mM
130,"(3-aminopropyl)-1,2-ethylenediamine",Trans-2-pentenal,=,6.25,mM
130,"1,6-Hexanediamine",Trans-2-pentenal,=,0.19,mM
130,1.9-diaminononane,Trans-2-pentenal,=,0.098,mM
130,"2,2'-(ethylenedioxy)bis(ethylamine)",Trans-2-pentenal,=,3.12,mM
130,"N'-(2-aminoethyl)-N'-methylethane-1,2-diamine",Trans-2-pentenal,=,0.78,mM
130,"1,5-diamino-3-azapentane",Trans-2-pentenal,=,6.25,mM
130,Bis(3-aminopropyl)amine,Trans-2-pentenal,=,0.39,mM
130,"3,3'-Diamino-N-methyldipropylamine",Trans-2-pentenal,=,3.12,mM
130,"1,11-diamino-3,6,9-trioxaundecane",citronellal,=,0.0061,mM
130,"1,6-Hexanediamine",citronellal,=,0.048,mM
130,"1,5-diamino-3-azapentane",citronellal,=,1.56,mM
130,"1,11-diamino-3,6,9-trioxaundecane",2-Pyridinecarboxaldehyde,=,3.12,mM
130,"1,6-Hexanediamine",2-Pyridinecarboxaldehyde,=,3.12,mM
130,"1,5-diamino-3-azapentane",2-Pyridinecarboxaldehyde,=,12.5,mM
130,"1,6-Hexanediamine",(E)-hept-2-enal,=,0.048,mM
130,"1,5-diamino-3-azapentane",(E)-hept-2-enal,=,1.5,mM
130,"1,11-diamino-3,6,9-trioxaundecane","(2E,4E)-deca-2,4-dienal",=,0.049,mM
130,"1,6-Hexanediamine","(2E,4E)-deca-2,4-dienal",=,0.19,mM
130,"1,5-diamino-3-azapentane","(2E,4E)-deca-2,4-dienal",=,0.75,mM
130,"1,11-diamino-3,6,9-trioxaundecane",Cinnamaldehyde,=,0.19,mM
130,"1,6-Hexanediamine",Cinnamaldehyde,=,0.39,mM
130,"1,5-diamino-3-azapentane",Cinnamaldehyde,=,3,mM
130,"1,11-diamino-3,6,9-trioxaundecane",p-Bromo benzaldehyde,=,6.25,mM
130,"1,6-Hexanediamine",p-Bromo benzaldehyde,=,6.25,mM
130,"1,11-diamino-3,6,9-trioxaundecane",(E)-non-2-enal,=,0.048,mM
130,"1,5-diamino-3-azapentane",(E)-non-2-enal,=,0.38,mM
130,"1,11-diamino-3,6,9-trioxaundecane","(2E)-nona-2,6-dienal",=,0.098,mM
130,"1,6-Hexanediamine","(2E)-nona-2,6-dienal",=,0.19,mM
130,"1,5-diamino-3-azapentane","(2E)-nona-2,6-dienal",=,0.19,mM
130,"1,6-Hexanediamine",Citral,=,0.19,mM
130,"1,5-diamino-3-azapentane",Citral,=,0.19,mM
130,"1,6-Hexanediamine",(E)-hex-2-enal,=,0.39,mM
130,"1,5-diamino-3-azapentane",(E)-hex-2-enal,=,3,mM
130,"1,5-diamino-3-azapentane",Formaldehyde,=,12.5,mM
131,"N-bis-(2-amino-ethyl)-ethane-1,2-diamine",(E)-2-Octenal,=,0.196,mM
131,(Z)-[bis(2-aminoethyl)amino]-hydroxyimino-oxidoazanium,(E)-2-Octenal,=,0.098,mM
131,"1,7-Diaminoheptane",(E)-2-Octenal,=,0.049,mM
131,"2,2'-diaminodiethyl ether",(E)-2-Octenal,=,0.098,mM
131,"1,11-diamino-3,6,9-trioxaundecane",(E)-2-Octenal,=,0.098,mM
131,"1,4-diaminobutane",(E)-2-Octenal,=,0.098,mM
131,"1,8-diaminooctan",(E)-2-Octenal,=,0.098,mM
131,p-Phenylenediamine,(E)-2-Octenal,>,12.5,mM
131,Polyethylenimine linear,(E)-2-Octenal,=,0.38,mM
131,"3,7-diazanonane-1,9-diamine",(E)-2-Octenal,=,0.196,mM
131,"(3-aminopropyl)-1,2-ethylenediamine",(E)-2-Octenal,=,0.39,mM
131,"1,6-Hexanediamine",(E)-2-Octenal,=,0.098,mM
131,"1,3-bis(aminomethyl)cyclohexane",(E)-2-Octenal,=,0.39,mM
131,1.9-diaminononane,(E)-2-Octenal,=,0.098,mM
131,"2,2'-(ethylenedioxy)bis(ethylamine)",(E)-2-Octenal,=,0.049,mM
131,"2,2',2''-triaminotriethylamine",(E)-2-Octenal,=,0.098,mM
131,"1,5-diamino-3-azapentane",(E)-2-Octenal,=,0.38,mM
131,Bis(3-aminopropyl)amine,(E)-2-Octenal,=,0.75,mM
131,"3,3'-Diamino-N-methyldipropylamine",(E)-2-Octenal,=,0.098,mM
131,Spermine,(E)-2-Octenal,=,0.75,mM
131,"1,11-diamino-3,6,9-trioxaundecane",1H-Imidazole-2-carboxaldehyde,=,0.39,mM
131,"1,6-Hexanediamine",1H-Imidazole-2-carboxaldehyde,=,3.12,mM
131,"1,5-diamino-3-azapentane",1H-Imidazole-2-carboxaldehyde,=,0.78,mM
131,"1,11-diamino-3,6,9-trioxaundecane",4-Ethynylbenzaldehyde,=,3.12,mM
131,"1,5-diamino-3-azapentane",4-Ethynylbenzaldehyde,>,12.5,mM
131,"1,11-diamino-3,6,9-trioxaundecane","3,4-Dihydroxybenzaldehyde",=,6.25,mM
131,"1,6-Hexanediamine","3,4-Dihydroxybenzaldehyde",=,6.25,mM
131,"1,11-diamino-3,6,9-trioxaundecane",(E)-Dec-2-enal,=,0.024,mM
131,"1,6-Hexanediamine",(E)-Dec-2-enal,=,0.098,mM
131,"2,2-bis(2-aminoethoxy)propane","2,6-Dimethyl-5-heptenal",>,12.5,mM
131,(Z)-[bis(2-aminoethyl)amino]-hydroxyimino-oxidoazanium,"2,6-Dimethyl-5-heptenal",=,6.25,mM
131,"1,7-Diaminoheptane","2,6-Dimethyl-5-heptenal",=,3.12,mM
131,"2,2'-diaminodiethyl ether","2,6-Dimethyl-5-heptenal",>,12.5,mM
131,"1,11-diamino-3,6,9-trioxaundecane","2,6-Dimethyl-5-heptenal",=,12.5,mM
131,"1,5-diaminopentane","2,6-Dimethyl-5-heptenal",=,6.25,mM
131,"2,5-Bis(aminomethyl)furan","2,6-Dimethyl-5-heptenal",=,6.25,mM
131,p-Phenylenediamine,"2,6-Dimethyl-5-heptenal",=,1.56,mM
131,"3,7-diazanonane-1,9-diamine","2,6-Dimethyl-5-heptenal",=,6.25,mM
131,"(3-aminopropyl)-1,2-ethylenediamine","2,6-Dimethyl-5-heptenal",=,12.5,mM
131,1.9-diaminononane,"2,6-Dimethyl-5-heptenal",=,1.56,mM
131,"2,2'-(ethylenedioxy)bis(ethylamine)","2,6-Dimethyl-5-heptenal",=,3.12,mM
131,"2,2',2''-triaminotriethylamine","2,6-Dimethyl-5-heptenal",=,3.12,mM
131,"N'-(2-aminoethyl)-N'-methylethane-1,2-diamine","2,6-Dimethyl-5-heptenal",>,12.5,mM
131,Spermidine,"2,6-Dimethyl-5-heptenal",=,6.25,mM
131,"1,5-diamino-3-azapentane","2,6-Dimethyl-5-heptenal",=,6.25,mM
131,Bis(3-aminopropyl)amine,"2,6-Dimethyl-5-heptenal",=,3.12,mM
131,Spermine,"2,6-Dimethyl-5-heptenal",=,6.25,mM
131,"1,11-diamino-3,6,9-trioxaundecane",4-Nitrobenzaldehyde,=,1.56,mM
131,"1,6-Hexanediamine",4-Nitrobenzaldehyde,=,3.12,mM
131,"1,5-diamino-3-azapentane",4-Nitrobenzaldehyde,=,3.12,mM
131,"1,11-diamino-3,6,9-trioxaundecane",Hexanal,=,0.39,mM
131,"1,6-Hexanediamine",Hexanal,=,0.048,mM
131,"1,11-diamino-3,6,9-trioxaundecane",Vanillin,=,12.5,mM
131,"1,6-Hexanediamine",Vanillin,=,6.25,mM
131,"1,11-diamino-3,6,9-trioxaundecane",Octyl aldehyde,=,0.024,mM
131,"1,6-Hexanediamine",Octyl aldehyde,=,0.098,mM
131,"1,5-diamino-3-azapentane",Octyl aldehyde,=,0.39,mM
131,"1,6-Hexanediamine",Nonyl aldehyde,=,0.19,mM
131,"1,5-diamino-3-azapentane",Nonyl aldehyde,=,0.098,mM
131,"N-bis-(2-amino-ethyl)-ethane-1,2-diamine",Trans-2-pentenal,=,6.25,mM
131,"2,2-bis(2-aminoethoxy)propane",Trans-2-pentenal,=,1.56,mM
131,(Z)-[bis(2-aminoethyl)amino]-hydroxyimino-oxidoazanium,Trans-2-pentenal,=,0.39,mM
131,"1,7-Diaminoheptane",Trans-2-pentenal,=,0.39,mM
131,"2,2'-diaminodiethyl ether",Trans-2-pentenal,=,3.12,mM
131,"1,4-diaminobutane",Trans-2-pentenal,=,0.19,mM
131,"1,8-diaminooctan",Trans-2-pentenal,=,0.39,mM
131,p-Phenylenediamine,Trans-2-pentenal,>,12.5,mM
131,"3,7-diazanonane-1,9-diamine",Trans-2-pentenal,=,6.25,mM
131,"(3-aminopropyl)-1,2-ethylenediamine",Trans-2-pentenal,=,6.25,mM
131,"1,6-Hexanediamine",Trans-2-pentenal,=,0.19,mM
131,"1,3-bis(aminomethyl)cyclohexane",Trans-2-pentenal,=,1.56,mM
131,"N'-(2-aminoethyl)-N'-methylethane-1,2-diamine",Trans-2-pentenal,=,0.78,mM
131,Bis(3-aminopropyl)amine,Trans-2-pentenal,=,0.39,mM
131,"3,3'-Diamino-N-methyldipropylamine",Trans-2-pentenal,=,3.12,mM
131,"1,11-diamino-3,6,9-trioxaundecane",citronellal,=,0.0061,mM
131,"1,6-Hexanediamine",citronellal,=,0.048,mM
131,"1,5-diamino-3-azapentane",citronellal,=,1.56,mM
131,"1,11-diamino-3,6,9-trioxaundecane",2-Pyridinecarboxaldehyde,=,3.12,mM
131,"1,6-Hexanediamine",2-Pyridinecarboxaldehyde,=,3.12,mM
131,"1,11-diamino-3,6,9-trioxaundecane",(E)-hept-2-enal,=,0.049,mM
131,"1,6-Hexanediamine",(E)-hept-2-enal,=,0.048,mM
131,"1,5-diamino-3-azapentane",(E)-hept-2-enal,=,1.5,mM
131,"1,11-diamino-3,6,9-trioxaundecane","(2E,4E)-deca-2,4-dienal",=,0.049,mM
131,"1,6-Hexanediamine","(2E,4E)-deca-2,4-dienal",=,0.19,mM
131,"1,5-diamino-3-azapentane","(2E,4E)-deca-2,4-dienal",=,0.75,mM
131,"1,11-diamino-3,6,9-trioxaundecane",Cinnamaldehyde,=,0.19,mM
131,"1,5-diamino-3-azapentane",Cinnamaldehyde,=,3,mM
131,"1,11-diamino-3,6,9-trioxaundecane",p-Bromo benzaldehyde,=,6.25,mM
131,"1,6-Hexanediamine",p-Bromo benzaldehyde,=,6.25,mM
131,"1,5-diamino-3-azapentane",p-Bromo benzaldehyde,=,3.12,mM
131,"1,6-Hexanediamine",(E)-non-2-enal,=,0.098,mM
131,"1,5-diamino-3-azapentane",(E)-non-2-enal,=,0.38,mM
131,"1,6-Hexanediamine","(2E)-nona-2,6-dienal",=,0.19,mM
131,"1,5-diamino-3-azapentane","(2E)-nona-2,6-dienal",=,0.19,mM
131,"1,11-diamino-3,6,9-trioxaundecane",Citral,=,0.098,mM
131,"1,6-Hexanediamine",Citral,=,0.19,mM
131,"1,5-diamino-3-azapentane",Citral,=,0.19,mM
131,"1,11-diamino-3,6,9-trioxaundecane",(E)-hex-2-enal,=,0.19,mM
131,"1,6-Hexanediamine",(E)-hex-2-enal,=,0.39,mM
131,"1,11-diamino-3,6,9-trioxaundecane",Formaldehyde,=,3.12,mM
132,"N-bis-(2-amino-ethyl)-ethane-1,2-diamine",(E)-2-Octenal,=,0.196,mM
132,"2,2-bis(2-aminoethoxy)propane",(E)-2-Octenal,=,0.098,mM
132,"1,7-Diaminoheptane",(E)-2-Octenal,=,0.049,mM
132,"2,2'-diaminodiethyl ether",(E)-2-Octenal,=,0.098,mM
132,"1,11-diamino-3,6,9-trioxaundecane",(E)-2-Octenal,=,0.098,mM
132,"1,5-diaminopentane",(E)-2-Octenal,=,0.098,mM
132,"1,4-diaminobutane",(E)-2-Octenal,=,0.098,mM
132,"1,8-diaminooctan",(E)-2-Octenal,=,0.098,mM
132,p-Phenylenediamine,(E)-2-Octenal,>,12.5,mM
132,"3,7-diazanonane-1,9-diamine",(E)-2-Octenal,=,0.196,mM
132,"(3-aminopropyl)-1,2-ethylenediamine",(E)-2-Octenal,=,0.39,mM
132,"1,6-Hexanediamine",(E)-2-Octenal,=,0.098,mM
132,"1,3-bis(aminomethyl)cyclohexane",(E)-2-Octenal,=,0.39,mM
132,1.9-diaminononane,(E)-2-Octenal,=,0.098,mM
132,"2,2'-(ethylenedioxy)bis(ethylamine)",(E)-2-Octenal,=,0.049,mM
132,"2,2',2''-triaminotriethylamine",(E)-2-Octenal,=,0.098,mM
132,"N'-(2-aminoethyl)-N'-methylethane-1,2-diamine",(E)-2-Octenal,=,0.049,mM
132,"1,5-diamino-3-azapentane",(E)-2-Octenal,=,0.38,mM
132,Bis(3-aminopropyl)amine,(E)-2-Octenal,=,0.75,mM
132,"3,3'-Diamino-N-methyldipropylamine",(E)-2-Octenal,=,0.098,mM
132,Spermine,(E)-2-Octenal,=,0.75,mM
132,"1,11-diamino-3,6,9-trioxaundecane",1H-Imidazole-2-carboxaldehyde,=,0.39,mM
132,"1,6-Hexanediamine",1H-Imidazole-2-carboxaldehyde,=,3.12,mM
132,"1,5-diamino-3-azapentane",1H-Imidazole-2-carboxaldehyde,=,0.78,mM
132,"1,11-diamino-3,6,9-trioxaundecane",4-Ethynylbenzaldehyde,=,3.12,mM
132,"1,6-Hexanediamine","3,4-Dihydroxybenzaldehyde",=,6.25,mM
132,"1,11-diamino-3,6,9-trioxaundecane",(E)-Dec-2-enal,=,0.024,mM
132,"1,6-Hexanediamine",(E)-Dec-2-enal,=,0.098,mM
132,"N-bis-(2-amino-ethyl)-ethane-1,2-diamine","2,6-Dimethyl-5-heptenal",=,3.12,mM
132,"2,2-bis(2-aminoethoxy)propane","2,6-Dimethyl-5-heptenal",>,12.5,mM
132,(Z)-[bis(2-aminoethyl)amino]-hydroxyimino-oxidoazanium,"2,6-Dimethyl-5-heptenal",=,6.25,mM
132,cystamine dihydrochloride,"2,6-Dimethyl-5-heptenal",=,6.25,mM
132,"2,2'-diaminodiethyl ether","2,6-Dimethyl-5-heptenal",>,12.5,mM
132,"1,11-diamino-3,6,9-trioxaundecane","2,6-Dimethyl-5-heptenal",=,12.5,mM
132,"1,5-diaminopentane","2,6-Dimethyl-5-heptenal",=,6.25,mM
132,"1,4-diaminobutane","2,6-Dimethyl-5-heptenal",=,3.12,mM
132,"1,8-diaminooctan","2,6-Dimethyl-5-heptenal",=,1.56,mM
132,p-Phenylenediamine,"2,6-Dimethyl-5-heptenal",=,1.56,mM
132,"3,7-diazanonane-1,9-diamine","2,6-Dimethyl-5-heptenal",=,6.25,mM
132,"1,6-Hexanediamine","2,6-Dimethyl-5-heptenal",=,6.25,mM
132,"1,3-di(aminomethyl)benzene","2,6-Dimethyl-5-heptenal",=,12.5,mM
132,"1,3-bis(aminomethyl)cyclohexane","2,6-Dimethyl-5-heptenal",=,12.5,mM
132,1.9-diaminononane,"2,6-Dimethyl-5-heptenal",=,1.56,mM
132,"2,2'-(ethylenedioxy)bis(ethylamine)","2,6-Dimethyl-5-heptenal",=,3.12,mM
132,"N'-(2-aminoethyl)-N'-methylethane-1,2-diamine","2,6-Dimethyl-5-heptenal",>,12.5,mM
132,Spermidine,"2,6-Dimethyl-5-heptenal",=,6.25,mM
132,"1,5-diamino-3-azapentane","2,6-Dimethyl-5-heptenal",=,6.25,mM
132,Bis(3-aminopropyl)amine,"2,6-Dimethyl-5-heptenal",=,3.12,mM
132,"3,3'-Diamino-N-methyldipropylamine","2,6-Dimethyl-5-heptenal",=,12.5,mM
132,Spermine,"2,6-Dimethyl-5-heptenal",=,6.25,mM
132,"1,11-diamino-3,6,9-trioxaundecane",4-Nitrobenzaldehyde,=,1.56,mM
132,"1,6-Hexanediamine",4-Nitrobenzaldehyde,=,3.12,mM
132,"1,5-diamino-3-azapentane",4-Nitrobenzaldehyde,=,3.12,mM
132,"1,11-diamino-3,6,9-trioxaundecane",Hexanal,=,0.39,mM
132,"1,6-Hexanediamine",Hexanal,=,0.048,mM
132,"1,5-diamino-3-azapentane",Hexanal,=,0.78,mM
132,"1,11-diamino-3,6,9-trioxaundecane",Vanillin,=,12.5,mM
132,"1,6-Hexanediamine",Vanillin,=,6.25,mM
132,"1,5-diamino-3-azapentane",Vanillin,=,1.5,mM
132,"1,11-diamino-3,6,9-trioxaundecane",Octyl aldehyde,=,0.024,mM
132,"1,6-Hexanediamine",Octyl aldehyde,=,0.098,mM
132,"1,6-Hexanediamine",Nonyl aldehyde,=,0.19,mM
132,"1,5-diamino-3-azapentane",Nonyl aldehyde,=,0.098,mM
132,"N-bis-(2-amino-ethyl)-ethane-1,2-diamine",Trans-2-pentenal,=,6.25,mM
132,(Z)-[bis(2-aminoethyl)amino]-hydroxyimino-oxidoazanium,Trans-2-pentenal,=,0.39,mM
132,"1,7-Diaminoheptane",Trans-2-pentenal,=,0.39,mM
132,"2,2'-diaminodiethyl ether",Trans-2-pentenal,=,3.12,mM
132,"1,11-diamino-3,6,9-trioxaundecane",Trans-2-pentenal,=,3.12,mM
132,"1,4-diaminobutane",Trans-2-pentenal,=,0.19,mM
132,p-Phenylenediamine,Trans-2-pentenal,>,12.5,mM
132,"3,7-diazanonane-1,9-diamine",Trans-2-pentenal,=,6.25,mM
132,"(3-aminopropyl)-1,2-ethylenediamine",Trans-2-pentenal,=,6.25,mM
132,"1,6-Hexanediamine",Trans-2-pentenal,=,0.19,mM
132,"1,3-bis(aminomethyl)cyclohexane",Trans-2-pentenal,=,1.56,mM
132,1.9-diaminononane,Trans-2-pentenal,=,0.098,mM
132,"2,2'-(ethylenedioxy)bis(ethylamine)",Trans-2-pentenal,=,3.12,mM
132,"N'-(2-aminoethyl)-N'-methylethane-1,2-diamine",Trans-2-pentenal,=,0.78,mM
132,"1,5-diamino-3-azapentane",Trans-2-pentenal,=,6.25,mM
132,Bis(3-aminopropyl)amine,Trans-2-pentenal,=,0.39,mM
132,"1,5-diamino-3-azapentane",citronellal,=,1.56,mM
132,"1,11-diamino-3,6,9-trioxaundecane",2-Pyridinecarboxaldehyde,=,3.12,mM
132,"1,6-Hexanediamine",2-Pyridinecarboxaldehyde,=,3.12,mM
132,"1,5-diamino-3-azapentane",2-Pyridinecarboxaldehyde,=,12.5,mM
132,"1,11-diamino-3,6,9-trioxaundecane",(E)-hept-2-enal,=,0.049,mM
132,"1,6-Hexanediamine",(E)-hept-2-enal,=,0.048,mM
132,"1,11-diamino-3,6,9-trioxaundecane","(2E,4E)-deca-2,4-dienal",=,0.049,mM
132,"1,5-diamino-3-azapentane","(2E,4E)-deca-2,4-dienal",=,0.75,mM
132,"1,5-diamino-3-azapentane",Cinnamaldehyde,=,3,mM
132,"1,11-diamino-3,6,9-trioxaundecane",p-Bromo benzaldehyde,=,6.25,mM
132,"1,6-Hexanediamine",p-Bromo benzaldehyde,=,6.25,mM
132,"1,5-diamino-3-azapentane",p-Bromo benzaldehyde,=,3.12,mM
132,"1,6-Hexanediamine",(E)-non-2-enal,=,0.098,mM
132,"1,5-diamino-3-azapentane",(E)-non-2-enal,=,0.38,mM
132,"1,6-Hexanediamine","(2E)-nona-2,6-dienal",=,0.19,mM
132,"1,5-diamino-3-azapentane","(2E)-nona-2,6-dienal",=,0.19,mM
132,"1,11-diamino-3,6,9-trioxaundecane",Citral,=,0.098,mM
132,"1,6-Hexanediamine",Citral,=,0.19,mM
132,"1,11-diamino-3,6,9-trioxaundecane",(E)-hex-2-enal,=,0.19,mM
132,"1,11-diamino-3,6,9-trioxaundecane",Formaldehyde,=,3.12,mM
132,"1,5-diamino-3-azapentane",Formaldehyde,=,12.5,mM
133,"N-bis-(2-amino-ethyl)-ethane-1,2-diamine",(E)-2-Octenal,=,0.196,mM
133,(Z)-[bis(2-aminoethyl)amino]-hydroxyimino-oxidoazanium,(E)-2-Octenal,=,0.098,mM
133,"1,7-Diaminoheptane",(E)-2-Octenal,=,0.049,mM
133,"2,2'-diaminodiethyl ether",(E)-2-Octenal,=,0.098,mM
133,"1,5-diaminopentane",(E)-2-Octenal,=,0.098,mM
133,"1,4-diaminobutane",(E)-2-Octenal,=,0.098,mM
133,"1,8-diaminooctan",(E)-2-Octenal,=,0.098,mM
133,p-Phenylenediamine,(E)-2-Octenal,>,12.5,mM
133,Polyethylenimine linear,(E)-2-Octenal,=,0.38,mM
133,"3,7-diazanonane-1,9-diamine",(E)-2-Octenal,=,0.196,mM
133,"(3-aminopropyl)-1,2-ethylenediamine",(E)-2-Octenal,=,0.39,mM
133,"1,6-Hexanediamine",(E)-2-Octenal,=,0.098,mM
133,1.9-diaminononane,(E)-2-Octenal,=,0.098,mM
133,"2,2'-(ethylenedioxy)bis(ethylamine)",(E)-2-Octenal,=,0.049,mM
133,"2,2',2''-triaminotriethylamine",(E)-2-Octenal,=,0.098,mM
133,"N'-(2-aminoethyl)-N'-methylethane-1,2-diamine",(E)-2-Octenal,=,0.049,mM
133,"1,5-diamino-3-azapentane",(E)-2-Octenal,=,0.38,mM
133,"3,3'-Diamino-N-methyldipropylamine",(E)-2-Octenal,=,0.098,mM
133,Spermine,(E)-2-Octenal,=,0.75,mM
133,"1,11-diamino-3,6,9-trioxaundecane",1H-Imidazole-2-carboxaldehyde,=,0.39,mM
133,"1,5-diamino-3-azapentane",1H-Imidazole-2-carboxaldehyde,=,0.78,mM
133,"1,11-diamino-3,6,9-trioxaundecane",4-Ethynylbenzaldehyde,=,3.12,mM
133,"1,5-diamino-3-azapentane",4-Ethynylbenzaldehyde,>,12.5,mM
133,"1,11-diamino-3,6,9-trioxaundecane","3,4-Dihydroxybenzaldehyde",=,6.25,mM
133,"1,11-diamino-3,6,9-trioxaundecane",(E)-Dec-2-enal,=,0.024,mM
133,"1,6-Hexanediamine",(E)-Dec-2-enal,=,0.098,mM
133,"1,5-diamino-3-azapentane",(E)-Dec-2-enal,=,1.5,mM
133,"N-bis-(2-amino-ethyl)-ethane-1,2-diamine","2,6-Dimethyl-5-heptenal",=,3.12,mM
133,(Z)-[bis(2-aminoethyl)amino]-hydroxyimino-oxidoazanium,"2,6-Dimethyl-5-heptenal",=,6.25,mM
133,cystamine dihydrochloride,"2,6-Dimethyl-5-heptenal",=,6.25,mM
133,"2,2'-diaminodiethyl ether","2,6-Dimethyl-5-heptenal",>,12.5,mM
133,"1,11-diamino-3,6,9-trioxaundecane","2,6-Dimethyl-5-heptenal",=,12.5,mM
133,"1,5-diaminopentane","2,6-Dimethyl-5-heptenal",=,6.25,mM
133,"1,4-diaminobutane","2,6-Dimethyl-5-heptenal",=,3.12,mM
133,"(3-aminopropyl)-1,2-ethylenediamine","2,6-Dimethyl-5-heptenal",=,12.5,mM
133,"1,6-Hexanediamine","2,6-Dimethyl-5-heptenal",=,6.25,mM
133,"1,3-di(aminomethyl)benzene","2,6-Dimethyl-5-heptenal",=,12.5,mM
133,"1,3-bis(aminomethyl)cyclohexane","2,6-Dimethyl-5-heptenal",=,12.5,mM
133,1.9-diaminononane,"2,6-Dimethyl-5-heptenal",=,1.56,mM
133,"2,2'-(ethylenedioxy)bis(ethylamine)","2,6-Dimethyl-5-heptenal",=,3.12,mM
133,"2,2',2''-triaminotriethylamine","2,6-Dimethyl-5-heptenal",=,3.12,mM
133,"N'-(2-aminoethyl)-N'-methylethane-1,2-diamine","2,6-Dimethyl-5-heptenal",>,12.5,mM
133,"1,5-diamino-3-azapentane","2,6-Dimethyl-5-heptenal",=,6.25,mM
133,"3,3'-Diamino-N-methyldipropylamine","2,6-Dimethyl-5-heptenal",=,12.5,mM
133,Spermine,"2,6-Dimethyl-5-heptenal",=,6.25,mM
133,"1,6-Hexanediamine",4-Nitrobenzaldehyde,=,3.12,mM
133,"1,5-diamino-3-azapentane",4-Nitrobenzaldehyde,=,3.12,mM
133,"1,11-diamino-3,6,9-trioxaundecane",Vanillin,=,12.5,mM
133,"1,6-Hexanediamine",Vanillin,=,6.25,mM
133,"1,5-diamino-3-azapentane",Vanillin,=,1.5,mM
133,"1,11-diamino-3,6,9-trioxaundecane",Octyl aldehyde,=,0.024,mM
133,"1,5-diamino-3-azapentane",Octyl aldehyde,=,0.39,mM
133,"1,6-Hexanediamine",Nonyl aldehyde,=,0.19,mM
133,"1,5-diamino-3-azapentane",Nonyl aldehyde,=,0.098,mM
133,"N-bis-(2-amino-ethyl)-ethane-1,2-diamine",Trans-2-pentenal,=,6.25,mM
133,"2,2-bis(2-aminoethoxy)propane",Trans-2-pentenal,=,1.56,mM
133,(Z)-[bis(2-aminoethyl)amino]-hydroxyimino-oxidoazanium,Trans-2-pentenal,=,0.39,mM
133,"2,2'-diaminodiethyl ether",Trans-2-pentenal,=,3.12,mM
133,"1,11-diamino-3,6,9-trioxaundecane",Trans-2-pentenal,=,3.12,mM
133,"1,5-diaminopentane",Trans-2-pentenal,=,1.56,mM
133,"1,4-diaminobutane",Trans-2-pentenal,=,0.19,mM
133,"1,8-diaminooctan",Trans-2-pentenal,=,0.39,mM
133,p-Phenylenediamine,Trans-2-pentenal,>,12.5,mM
133,"(3-aminopropyl)-1,2-ethylenediamine",Trans-2-pentenal,=,6.25,mM
133,"1,6-Hexanediamine",Trans-2-pentenal,=,0.19,mM
133,"1,3-bis(aminomethyl)cyclohexane",Trans-2-pentenal,=,1.56,mM
133,1.9-diaminononane,Trans-2-pentenal,=,0.098,mM
133,"2,2'-(ethylenedioxy)bis(ethylamine)",Trans-2-pentenal,=,3.12,mM
133,"N'-(2-aminoethyl)-N'-methylethane-1,2-diamine",Trans-2-pentenal,=,0.78,mM
133,"1,5-diamino-3-azapentane",Trans-2-pentenal,=,6.25,mM
133,Bis(3-aminopropyl)amine,Trans-2-pentenal,=,0.39,mM
133,"3,3'-Diamino-N-methyldipropylamine",Trans-2-pentenal,=,3.12,mM
133,"1,6-Hexanediamine",citronellal,=,0.048,mM
133,"1,5-diamino-3-azapentane",citronellal,=,1.56,mM
133,"1,11-diamino-3,6,9-trioxaundecane",2-Pyridinecarboxaldehyde,=,3.12,mM
133,"1,6-Hexanediamine",2-Pyridinecarboxaldehyde,=,3.12,mM
133,"1,5-diamino-3-azapentane",2-Pyridinecarboxaldehyde,=,12.5,mM
133,"1,11-diamino-3,6,9-trioxaundecane",(E)-hept-2-enal,=,0.049,mM
133,"1,6-Hexanediamine",(E)-hept-2-enal,=,0.048,mM
133,"1,5-diamino-3-azapentane",(E)-hept-2-enal,=,1.5,mM
133,"1,11-diamino-3,6,9-trioxaundecane","(2E,4E)-deca-2,4-dienal",=,0.049,mM
133,"1,6-Hexanediamine","(2E,4E)-deca-2,4-dienal",=,0.19,mM
133,"1,5-diamino-3-azapentane","(2E,4E)-deca-2,4-dienal",=,0.75,mM
133,"1,6-Hexanediamine",Cinnamaldehyde,=,0.39,mM
133,"1,5-diamino-3-azapentane",Cinnamaldehyde,=,3,mM
133,"1,11-diamino-3,6,9-trioxaundecane",p-Bromo benzaldehyde,=,6.25,mM
133,"1,6-Hexanediamine",p-Bromo benzaldehyde,=,6.25,mM
133,"1,5-diamino-3-azapentane",p-Bromo benzaldehyde,=,3.12,mM
133,"1,11-diamino-3,6,9-trioxaundecane",(E)-non-2-enal,=,0.048,mM
133,"1,6-Hexanediamine",(E)-non-2-enal,=,0.098,mM
133,"1,5-diamino-3-azapentane",(E)-non-2-enal,=,0.38,mM
133,"1,11-diamino-3,6,9-trioxaundecane","(2E)-nona-2,6-dienal",=,0.098,mM
133,"1,6-Hexanediamine","(2E)-nona-2,6-dienal",=,0.19,mM
133,"1,5-diamino-3-azapentane","(2E)-nona-2,6-dienal",=,0.19,mM
133,"1,6-Hexanediamine",Citral,=,0.19,mM
133,"1,5-diamino-3-azapentane",Citral,=,0.19,mM
133,"1,11-diamino-3,6,9-trioxaundecane",(E)-hex-2-enal,=,0.19,mM
133,"1,6-Hexanediamine",(E)-hex-2-enal,=,0.39,mM
133,"1,11-diamino-3,6,9-trioxaundecane",Formaldehyde,=,3.12,mM
133,"1,5-diamino-3-azapentane",Formaldehyde,=,12.5,mM
134,"N-bis-(2-amino-ethyl)-ethane-1,2-diamine",(E)-2-Octenal,=,0.196,mM
134,"2,2-bis(2-aminoethoxy)propane",(E)-2-Octenal,=,0.098,mM
134,(Z)-[bis(2-aminoethyl)amino]-hydroxyimino-oxidoazanium,(E)-2-Octenal,=,0.098,mM
134,"1,11-diamino-3,6,9-trioxaundecane",(E)-2-Octenal,=,0.098,mM
134,"1,5-diaminopentane",(E)-2-Octenal,=,0.098,mM
134,"1,4-diaminobutane",(E)-2-Octenal,=,0.098,mM
134,"1,8-diaminooctan",(E)-2-Octenal,=,0.098,mM
134,p-Phenylenediamine,(E)-2-Octenal,>,12.5,mM
134,Polyethylenimine linear,(E)-2-Octenal,=,0.38,mM
134,"(3-aminopropyl)-1,2-ethylenediamine",(E)-2-Octenal,=,0.39,mM
134,"1,6-Hexanediamine",(E)-2-Octenal,=,0.098,mM
134,"1,3-bis(aminomethyl)cyclohexane",(E)-2-Octenal,=,0.39,mM
134,1.9-diaminononane,(E)-2-Octenal,=,0.098,mM
134,"2,2'-(ethylenedioxy)bis(ethylamine)",(E)-2-Octenal,=,0.049,mM
134,"2,2',2''-triaminotriethylamine",(E)-2-Octenal,=,0.098,mM
134,"1,5-diamino-3-azapentane",(E)-2-Octenal,=,0.38,mM
134,Bis(3-aminopropyl)amine,(E)-2-Octenal,=,0.75,mM
134,"3,3'-Diamino-N-methyldipropylamine",(E)-2-Octenal,=,0.098,mM
134,Spermine,(E)-2-Octenal,=,0.75,mM
134,"1,11-diamino-3,6,9-trioxaundecane",1H-Imidazole-2-carboxaldehyde,=,0.39,mM
134,"1,6-Hexanediamine",1H-Imidazole-2-carboxaldehyde,=,3.12,mM
134,"1,5-diamino-3-azapentane",1H-Imidazole-2-carboxaldehyde,=,0.78,mM
134,"1,11-diamino-3,6,9-trioxaundecane",4-Ethynylbenzaldehyde,=,3.12,mM
134,"1,5-diamino-3-azapentane",4-Ethynylbenzaldehyde,>,12.5,mM
134,"1,11-diamino-3,6,9-trioxaundecane","3,4-Dihydroxybenzaldehyde",=,6.25,mM
134,"1,6-Hexanediamine","3,4-Dihydroxybenzaldehyde",=,6.25,mM
134,"1,11-diamino-3,6,9-trioxaundecane",(E)-Dec-2-enal,=,0.024,mM
134,"1,6-Hexanediamine",(E)-Dec-2-enal,=,0.098,mM
134,"1,5-diamino-3-azapentane",(E)-Dec-2-enal,=,1.5,mM
134,"N-bis-(2-amino-ethyl)-ethane-1,2-diamine","2,6-Dimethyl-5-heptenal",=,3.12,mM
134,"2,2-bis(2-aminoethoxy)propane","2,6-Dimethyl-5-heptenal",>,12.5,mM
134,(Z)-[bis(2-aminoethyl)amino]-hydroxyimino-oxidoazanium,"2,6-Dimethyl-5-heptenal",=,6.25,mM
134,"1,7-Diaminoheptane","2,6-Dimethyl-5-heptenal",=,3.12,mM
134,"2,2'-diaminodiethyl ether","2,6-Dimethyl-5-heptenal",>,12.5,mM
134,"1,5-diaminopentane","2,6-Dimethyl-5-heptenal",=,6.25,mM
134,"1,4-diaminobutane","2,6-Dimethyl-5-heptenal",=,3.12,mM
134,"2,5-Bis(aminomethyl)furan","2,6-Dimethyl-5-heptenal",=,6.25,mM
134,"1,8-diaminooctan","2,6-Dimethyl-5-heptenal",=,1.56,mM
134,"3,7-diazanonane-1,9-diamine","2,6-Dimethyl-5-heptenal",=,6.25,mM
134,"1,3-di(aminomethyl)benzene","2,6-Dimethyl-5-heptenal",=,12.5,mM
134,"1,3-bis(aminomethyl)cyclohexane","2,6-Dimethyl-5-heptenal",=,12.5,mM
134,"2,2'-(ethylenedioxy)bis(ethylamine)","2,6-Dimethyl-5-heptenal",=,3.12,mM
134,"2,2',2''-triaminotriethylamine","2,6-Dimethyl-5-heptenal",=,3.12,mM
134,"N'-(2-aminoethyl)-N'-methylethane-1,2-diamine","2,6-Dimethyl-5-heptenal",>,12.5,mM
134,Spermidine,"2,6-Dimethyl-5-heptenal",=,6.25,mM
134,"1,5-diamino-3-azapentane","2,6-Dimethyl-5-heptenal",=,6.25,mM
134,Bis(3-aminopropyl)amine,"2,6-Dimethyl-5-heptenal",=,3.12,mM
134,"3,3'-Diamino-N-methyldipropylamine","2,6-Dimethyl-5-heptenal",=,12.5,mM
134,Spermine,"2,6-Dimethyl-5-heptenal",=,6.25,mM
134,"1,11-diamino-3,6,9-trioxaundecane",4-Nitrobenzaldehyde,=,1.56,mM
134,"1,6-Hexanediamine",4-Nitrobenzaldehyde,=,3.12,mM
134,"1,11-diamino-3,6,9-trioxaundecane",Hexanal,=,0.39,mM
134,"1,6-Hexanediamine",Hexanal,=,0.048,mM
134,"1,11-diamino-3,6,9-trioxaundecane",Vanillin,=,12.5,mM
134,"1,6-Hexanediamine",Vanillin,=,6.25,mM
134,"1,11-diamino-3,6,9-trioxaundecane",Octyl aldehyde,=,0.024,mM
134,"1,5-diamino-3-azapentane",Octyl aldehyde,=,0.39,mM
134,"1,6-Hexanediamine",Nonyl aldehyde,=,0.19,mM
134,"1,5-diamino-3-azapentane",Nonyl aldehyde,=,0.098,mM
134,"N-bis-(2-amino-ethyl)-ethane-1,2-diamine",Trans-2-pentenal,=,6.25,mM
134,"2,2-bis(2-aminoethoxy)propane",Trans-2-pentenal,=,1.56,mM
134,(Z)-[bis(2-aminoethyl)amino]-hydroxyimino-oxidoazanium,Trans-2-pentenal,=,0.39,mM
134,"1,7-Diaminoheptane",Trans-2-pentenal,=,0.39,mM
134,"2,2'-diaminodiethyl ether",Trans-2-pentenal,=,3.12,mM
134,"1,11-diamino-3,6,9-trioxaundecane",Trans-2-pentenal,=,3.12,mM
134,"1,5-diaminopentane",Trans-2-pentenal,=,1.56,mM
134,"1,4-diaminobutane",Trans-2-pentenal,=,0.19,mM
134,"1,8-diaminooctan",Trans-2-pentenal,=,0.39,mM
134,"3,7-diazanonane-1,9-diamine",Trans-2-pentenal,=,6.25,mM
134,"1,6-Hexanediamine",Trans-2-pentenal,=,0.19,mM
134,"1,3-bis(aminomethyl)cyclohexane",Trans-2-pentenal,=,1.56,mM
134,1.9-diaminononane,Trans-2-pentenal,=,0.098,mM
134,"2,2'-(ethylenedioxy)bis(ethylamine)",Trans-2-pentenal,=,3.12,mM
134,"N'-(2-aminoethyl)-N'-methylethane-1,2-diamine",Trans-2-pentenal,=,0.78,mM
134,Bis(3-aminopropyl)amine,Trans-2-pentenal,=,0.39,mM
134,"3,3'-Diamino-N-methyldipropylamine",Trans-2-pentenal,=,3.12,mM
134,"1,11-diamino-3,6,9-trioxaundecane",citronellal,=,0.0061,mM
134,"1,6-Hexanediamine",citronellal,=,0.048,mM
134,"1,5-diamino-3-azapentane",citronellal,=,1.56,mM
134,"1,11-diamino-3,6,9-trioxaundecane",2-Pyridinecarboxaldehyde,=,3.12,mM
134,"1,5-diamino-3-azapentane",2-Pyridinecarboxaldehyde,=,12.5,mM
134,"1,11-diamino-3,6,9-trioxaundecane",(E)-hept-2-enal,=,0.049,mM
134,"1,6-Hexanediamine",(E)-hept-2-enal,=,0.048,mM
134,"1,5-diamino-3-azapentane",(E)-hept-2-enal,=,1.5,mM
134,"1,11-diamino-3,6,9-trioxaundecane","(2E,4E)-deca-2,4-dienal",=,0.049,mM
134,"1,6-Hexanediamine","(2E,4E)-deca-2,4-dienal",=,0.19,mM
134,"1,11-diamino-3,6,9-trioxaundecane",Cinnamaldehyde,=,0.19,mM
134,"1,11-diamino-3,6,9-trioxaundecane",p-Bromo benzaldehyde,=,6.25,mM
134,"1,6-Hexanediamine",p-Bromo benzaldehyde,=,6.25,mM
134,"1,11-diamino-3,6,9-trioxaundecane",(E)-non-2-enal,=,0.048,mM
134,"1,6-Hexanediamine",(E)-non-2-enal,=,0.098,mM
134,"1,5-diamino-3-azapentane",(E)-non-2-enal,=,0.38,mM
134,"1,6-Hexanediamine","(2E)-nona-2,6-dienal",=,0.19,mM
134,"1,5-diamino-3-azapentane","(2E)-nona-2,6-dienal",=,0.19,mM
134,"1,11-diamino-3,6,9-trioxaundecane",Citral,=,0.098,mM
134,"1,6-Hexanediamine",Citral,=,0.19,mM
134,"1,5-diamino-3-azapentane",Citral,=,0.19,mM
134,"1,6-Hexanediamine",(E)-hex-2-enal,=,0.39,mM
134,"1,11-diamino-3,6,9-trioxaundecane",Formaldehyde,=,3.12,mM
134,"1,5-diamino-3-azapentane",Formaldehyde,=,12.5,mM
135,"N-bis-(2-amino-ethyl)-ethane-1,2-diamine",(E)-2-Octenal,=,0.196,mM
135,"2,2-bis(2-aminoethoxy)propane",(E)-2-Octenal,=,0.098,mM
135,"2,2'-diaminodiethyl ether",(E)-2-Octenal,=,0.098,mM
135,"1,11-diamino-3,6,9-trioxaundecane",(E)-2-Octenal,=,0.098,mM
135,"1,5-diaminopentane",(E)-2-Octenal,=,0.098,mM
135,"1,4-diaminobutane",(E)-2-Octenal,=,0.098,mM
135,"1,8-diaminooctan",(E)-2-Octenal,=,0.098,mM
135,Polyethylenimine linear,(E)-2-Octenal,=,0.38,mM
135,"3,7-diazanonane-1,9-diamine",(E)-2-Octenal,=,0.196,mM
135,"(3-aminopropyl)-1,2-ethylenediamine",(E)-2-Octenal,=,0.39,mM
135,"1,6-Hexanediamine",(E)-2-Octenal,=,0.098,mM
135,"1,3-bis(aminomethyl)cyclohexane",(E)-2-Octenal,=,0.39,mM
135,1.9-diaminononane,(E)-2-Octenal,=,0.098,mM
135,"2,2'-(ethylenedioxy)bis(ethylamine)",(E)-2-Octenal,=,0.049,mM
135,Bis(3-aminopropyl)amine,(E)-2-Octenal,=,0.75,mM
135,"3,3'-Diamino-N-methyldipropylamine",(E)-2-Octenal,=,0.098,mM
135,Spermine,(E)-2-Octenal,=,0.75,mM
135,"1,11-diamino-3,6,9-trioxaundecane",1H-Imidazole-2-carboxaldehyde,=,0.39,mM
135,"1,6-Hexanediamine",1H-Imidazole-2-carboxaldehyde,=,3.12,mM
135,"1,11-diamino-3,6,9-trioxaundecane",4-Ethynylbenzaldehyde,=,3.12,mM
135,"1,5-diamino-3-azapentane",4-Ethynylbenzaldehyde,>,12.5,mM
135,"1,11-diamino-3,6,9-trioxaundecane","3,4-Dihydroxybenzaldehyde",=,6.25,mM
135,"1,6-Hexanediamine","3,4-Dihydroxybenzaldehyde",=,6.25,mM
135,"1,11-diamino-3,6,9-trioxaundecane",(E)-Dec-2-enal,=,0.024,mM
135,"1,6-Hexanediamine",(E)-Dec-2-enal,=,0.098,mM
135,"1,5-diamino-3-azapentane",(E)-Dec-2-enal,=,1.5,mM
135,"N-bis-(2-amino-ethyl)-ethane-1,2-diamine","2,6-Dimethyl-5-heptenal",=,3.12,mM
135,"2,2-bis(2-aminoethoxy)propane","2,6-Dimethyl-5-heptenal",>,12.5,mM
135,(Z)-[bis(2-aminoethyl)amino]-hydroxyimino-oxidoazanium,"2,6-Dimethyl-5-heptenal",=,6.25,mM
135,cystamine dihydrochloride,"2,6-Dimethyl-5-heptenal",=,6.25,mM
135,"2,2'-diaminodiethyl ether","2,6-Dimethyl-5-heptenal",>,12.5,mM
135,"1,11-diamino-3,6,9-trioxaundecane","2,6-Dimethyl-5-heptenal",=,12.5,mM
135,"1,5-diaminopentane","2,6-Dimethyl-5-heptenal",=,6.25,mM
135,"1,4-diaminobutane","2,6-Dimethyl-5-heptenal",=,3.12,mM
135,"2,5-Bis(aminomethyl)furan","2,6-Dimethyl-5-heptenal",=,6.25,mM
135,"1,8-diaminooctan","2,6-Dimethyl-5-heptenal",=,1.56,mM
135,p-Phenylenediamine,"2,6-Dimethyl-5-heptenal",=,1.56,mM
135,"(3-aminopropyl)-1,2-ethylenediamine","2,6-Dimethyl-5-heptenal",=,12.5,mM
135,1.9-diaminononane,"2,6-Dimethyl-5-heptenal",=,1.56,mM
135,"2,2'-(ethylenedioxy)bis(ethylamine)","2,6-Dimethyl-5-heptenal",=,3.12,mM
135,"2,2',2''-triaminotriethylamine","2,6-Dimethyl-5-heptenal",=,3.12,mM
135,"N'-(2-aminoethyl)-N'-methylethane-1,2-diamine","2,6-Dimethyl-5-heptenal",>,12.5,mM
135,Spermidine,"2,6-Dimethyl-5-heptenal",=,6.25,mM
135,"1,5-diamino-3-azapentane","2,6-Dimethyl-5-heptenal",=,6.25,mM
135,Bis(3-aminopropyl)amine,"2,6-Dimethyl-5-heptenal",=,3.12,mM
135,"3,3'-Diamino-N-methyldipropylamine","2,6-Dimethyl-5-heptenal",=,12.5,mM
135,Spermine,"2,6-Dimethyl-5-heptenal",=,6.25,mM
135,"1,11-diamino-3,6,9-trioxaundecane",4-Nitrobenzaldehyde,=,1.56,mM
135,"1,6-Hexanediamine",4-Nitrobenzaldehyde,=,3.12,mM
135,"1,5-diamino-3-azapentane",4-Nitrobenzaldehyde,=,3.12,mM
135,"1,6-Hexanediamine",Hexanal,=,0.048,mM
135,"1,5-diamino-3-azapentane",Hexanal,=,0.78,mM
135,"1,11-diamino-3,6,9-trioxaundecane",Vanillin,=,12.5,mM
135,"1,6-Hexanediamine",Vanillin,=,6.25,mM
135,"1,5-diamino-3-azapentane",Vanillin,=,1.5,mM
135,"1,11-diamino-3,6,9-trioxaundecane",Octyl aldehyde,=,0.024,mM
135,"1,6-Hexanediamine",Nonyl aldehyde,=,0.19,mM
135,"1,5-diamino-3-azapentane",Nonyl aldehyde,=,0.098,mM
135,"N-bis-(2-amino-ethyl)-ethane-1,2-diamine",Trans-2-pentenal,=,6.25,mM
135,"2,2-bis(2-aminoethoxy)propane",Trans-2-pentenal,=,1.56,mM
135,"1,7-Diaminoheptane",Trans-2-pentenal,=,0.39,mM
135,"1,5-diaminopentane",Trans-2-pentenal,=,1.56,mM
135,"1,4-diaminobutane",Trans-2-pentenal,=,0.19,mM
135,"1,8-diaminooctan",Trans-2-pentenal,=,0.39,mM
135,p-Phenylenediamine,Trans-2-pentenal,>,12.5,mM
135,"3,7-diazanonane-1,9-diamine",Trans-2-pentenal,=,6.25,mM
135,"(3-aminopropyl)-1,2-ethylenediamine",Trans-2-pentenal,=,6.25,mM
135,"1,6-Hexanediamine",Trans-2-pentenal,=,0.19,mM
135,"1,3-bis(aminomethyl)cyclohexane",Trans-2-pentenal,=,1.56,mM
135,"2,2'-(ethylenedioxy)bis(ethylamine)",Trans-2-pentenal,=,3.12,mM
135,"N'-(2-aminoethyl)-N'-methylethane-1,2-diamine",Trans-2-pentenal,=,0.78,mM
135,"1,5-diamino-3-azapentane",Trans-2-pentenal,=,6.25,mM
135,Bis(3-aminopropyl)amine,Trans-2-pentenal,=,0.39,mM
135,"3,3'-Diamino-N-methyldipropylamine",Trans-2-pentenal,=,3.12,mM
135,"1,11-diamino-3,6,9-trioxaundecane",citronellal,=,0.0061,mM
135,"1,6-Hexanediamine",citronellal,=,0.048,mM
135,"1,5-diamino-3-azapentane",citronellal,=,1.56,mM
135,"1,6-Hexanediamine",2-Pyridinecarboxaldehyde,=,3.12,mM
135,"1,5-diamino-3-azapentane",2-Pyridinecarboxaldehyde,=,12.5,mM
135,"1,11-diamino-3,6,9-trioxaundecane",(E)-hept-2-enal,=,0.049,mM
135,"1,5-diamino-3-azapentane",(E)-hept-2-enal,=,1.5,mM
135,"1,11-diamino-3,6,9-trioxaundecane","(2E,4E)-deca-2,4-dienal",=,0.049,mM
135,"1,6-Hexanediamine","(2E,4E)-deca-2,4-dienal",=,0.19,mM
135,"1,5-diamino-3-azapentane","(2E,4E)-deca-2,4-dienal",=,0.75,mM
135,"1,11-diamino-3,6,9-trioxaundecane",Cinnamaldehyde,=,0.19,mM
135,"1,6-Hexanediamine",Cinnamaldehyde,=,0.39,mM
135,"1,11-diamino-3,6,9-trioxaundecane",p-Bromo benzaldehyde,=,6.25,mM
135,"1,6-Hexanediamine",p-Bromo benzaldehyde,=,6.25,mM
135,"1,11-diamino-3,6,9-trioxaundecane",(E)-non-2-enal,=,0.048,mM
135,"1,11-diamino-3,6,9-trioxaundecane","(2E)-nona-2,6-dienal",=,0.098,mM
135,"1,6-Hexanediamine","(2E)-nona-2,6-dienal",=,0.19,mM
135,"1,5-diamino-3-azapentane","(2E)-nona-2,6-dienal",=,0.19,mM
135,"1,11-diamino-3,6,9-trioxaundecane",Citral,=,0.098,mM
135,"1,6-Hexanediamine",Citral,=,0.19,mM
135,"1,5-diamino-3-azapentane",Citral,=,0.19,mM
135,"1,11-diamino-3,6,9-trioxaundecane",(E)-hex-2-enal,=,0.19,mM
135,"1,6-Hexanediamine",(E)-hex-2-enal,=,0.39,mM
135,"1,5-diamino-3-azapentane",(E)-hex-2-enal,=,3,mM
135,"1,11-diamino-3,6,9-trioxaundecane",Formaldehyde,=,3.12,mM
135,"1,5-diamino-3-azapentane",Formaldehyde,=,12.5,mM
136,"2,2-bis(2-aminoethoxy)propane",(E)-2-Octenal,=,0.098,mM
136,(Z)-[bis(2-aminoethyl)amino]-hydroxyimino-oxidoazanium,(E)-2-Octenal,=,0.098,mM
136,"1,7-Diaminoheptane",(E)-2-Octenal,=,0.049,mM
136,"2,2'-diaminodiethyl ether",(E)-2-Octenal,=,0.098,mM
136,"1,11-diamino-3,6,9-trioxaundecane",(E)-2-Octenal,=,0.098,mM
136,"1,5-diaminopentane",(E)-2-Octenal,=,0.098,mM
136,"1,4-diaminobutane",(E)-2-Octenal,=,0.098,mM
136,"1,8-diaminooctan",(E)-2-Octenal,=,0.098,mM
136,p-Phenylenediamine,(E)-2-Octenal,>,12.5,mM
136,Polyethylenimine linear,(E)-2-Octenal,=,0.38,mM
136,"3,7-diazanonane-1,9-diamine",(E)-2-Octenal,=,0.196,mM
136,"(3-aminopropyl)-1,2-ethylenediamine",(E)-2-Octenal,=,0.39,mM
136,"1,6-Hexanediamine",(E)-2-Octenal,=,0.098,mM
136,1.9-diaminononane,(E)-2-Octenal,=,0.098,mM
136,"2,2'-(ethylenedioxy)bis(ethylamine)",(E)-2-Octenal,=,0.049,mM
136,"2,2',2''-triaminotriethylamine",(E)-2-Octenal,=,0.098,mM
136,"N'-(2-aminoethyl)-N'-methylethane-1,2-diamine",(E)-2-Octenal,=,0.049,mM
136,"1,5-diamino-3-azapentane",(E)-2-Octenal,=,0.38,mM
136,"3,3'-Diamino-N-methyldipropylamine",(E)-2-Octenal,=,0.098,mM
136,Spermine,(E)-2-Octenal,=,0.75,mM
136,"1,11-diamino-3,6,9-trioxaundecane",1H-Imidazole-2-carboxaldehyde,=,0.39,mM
136,"1,6-Hexanediamine",1H-Imidazole-2-carboxaldehyde,=,3.12,mM
136,"1,5-diamino-3-azapentane",1H-Imidazole-2-carboxaldehyde,=,0.78,mM
136,"1,11-diamino-3,6,9-trioxaundecane",4-Ethynylbenzaldehyde,=,3.12,mM
136,"1,11-diamino-3,6,9-trioxaundecane","3,4-Dihydroxybenzaldehyde",=,6.25,mM
136,"1,6-Hexanediamine","3,4-Dihydroxybenzaldehyde",=,6.25,mM
136,"1,11-diamino-3,6,9-trioxaundecane",(E)-Dec-2-enal,=,0.024,mM
136,"1,5-diamino-3-azapentane",(E)-Dec-2-enal,=,1.5,mM
136,"N-bis-(2-amino-ethyl)-ethane-1,2-diamine","2,6-Dimethyl-5-heptenal",=,3.12,mM
136,(Z)-[bis(2-aminoethyl)amino]-hydroxyimino-oxidoazanium,"2,6-Dimethyl-5-heptenal",=,6.25,mM
136,cystamine dihydrochloride,"2,6-Dimethyl-5-heptenal",=,6.25,mM
136,"2,2'-diaminodiethyl ether","2,6-Dimethyl-5-heptenal",>,12.5,mM
136,"1,5-diaminopentane","2,6-Dimethyl-5-heptenal",=,6.25,mM
136,"1,4-diaminobutane","2,6-Dimethyl-5-heptenal",=,3.12,mM
136,"2,5-Bis(aminomethyl)furan","2,6-Dimethyl-5-heptenal",=,6.25,mM
136,"1,8-diaminooctan","2,6-Dimethyl-5-heptenal",=,1.56,mM
136,p-Phenylenediamine,"2,6-Dimethyl-5-heptenal",=,1.56,mM
136,"3,7-diazanonane-1,9-diamine","2,6-Dimethyl-5-heptenal",=,6.25,mM
136,"(3-aminopropyl)-1,2-ethylenediamine","2,6-Dimethyl-5-heptenal",=,12.5,mM
136,"1,6-Hexanediamine","2,6-Dimethyl-5-heptenal",=,6.25,mM
136,"1,3-bis(aminomethyl)cyclohexane","2,6-Dimethyl-5-heptenal",=,12.5,mM
136,1.9-diaminononane,"2,6-Dimethyl-5-heptenal",=,1.56,mM
136,"2,2',2''-triaminotriethylamine","2,6-Dimethyl-5-heptenal",=,3.12,mM
136,"N'-(2-aminoethyl)-N'-methylethane-1,2-diamine","2,6-Dimethyl-5-heptenal",>,12.5,mM
136,Spermidine,"2,6-Dimethyl-5-heptenal",=,6.25,mM
136,"1,5-diamino-3-azapentane","2,6-Dimethyl-5-heptenal",=,6.25,mM
136,"3,3'-Diamino-N-methyldipropylamine","2,6-Dimethyl-5-heptenal",=,12.5,mM
136,Spermine,"2,6-Dimethyl-5-heptenal",=,6.25,mM
136,"1,11-diamino-3,6,9-trioxaundecane",4-Nitrobenzaldehyde,=,1.56,mM
136,"1,5-diamino-3-azapentane",4-Nitrobenzaldehyde,=,3.12,mM
136,"1,11-diamino-3,6,9-trioxaundecane",Hexanal,=,0.39,mM
136,"1,5-diamino-3-azapentane",Hexanal,=,0.78,mM
136,"1,11-diamino-3,6,9-trioxaundecane",Vanillin,=,12.5,mM
136,"1,6-Hexanediamine",Vanillin,=,6.25,mM
136,"1,11-diamino-3,6,9-trioxaundecane",Octyl aldehyde,=,0.024,mM
136,"1,6-Hexanediamine",Octyl aldehyde,=,0.098,mM
136,"N-bis-(2-amino-ethyl)-ethane-1,2-diamine",Trans-2-pentenal,=,6.25,mM
136,"2,2-bis(2-aminoethoxy)propane",Trans-2-pentenal,=,1.56,mM
136,(Z)-[bis(2-aminoethyl)amino]-hydroxyimino-oxidoazanium,Trans-2-pentenal,=,0.39,mM
136,"1,7-Diaminoheptane",Trans-2-pentenal,=,0.39,mM
136,"2,2'-diaminodiethyl ether",Trans-2-pentenal,=,3.12,mM
136,"1,11-diamino-3,6,9-trioxaundecane",Trans-2-pentenal,=,3.12,mM
136,"1,5-diaminopentane",Trans-2-pentenal,=,1.56,mM
136,"1,4-diaminobutane",Trans-2-pentenal,=,0.19,mM
136,"1,8-diaminooctan",Trans-2-pentenal,=,0.39,mM
136,p-Phenylenediamine,Trans-2-pentenal,>,12.5,mM
136,"3,7-diazanonane-1,9-diamine",Trans-2-pentenal,=,6.25,mM
136,"(3-aminopropyl)-1,2-ethylenediamine",Trans-2-pentenal,=,6.25,mM
136,"1,6-Hexanediamine",Trans-2-pentenal,=,0.19,mM
136,"1,3-bis(aminomethyl)cyclohexane",Trans-2-pentenal,=,1.56,mM
136,1.9-diaminononane,Trans-2-pentenal,=,0.098,mM
136,"2,2'-(ethylenedioxy)bis(ethylamine)",Trans-2-pentenal,=,3.12,mM
136,Bis(3-aminopropyl)amine,Trans-2-pentenal,=,0.39,mM
136,"3,3'-Diamino-N-methyldipropylamine",Trans-2-pentenal,=,3.12,mM
136,"1,6-Hexanediamine",citronellal,=,0.048,mM
136,"1,5-diamino-3-azapentane",citronellal,=,1.56,mM
136,"1,11-diamino-3,6,9-trioxaundecane",2-Pyridinecarboxaldehyde,=,3.12,mM
136,"1,6-Hexanediamine",2-Pyridinecarboxaldehyde,=,3.12,mM
136,"1,5-diamino-3-azapentane",2-Pyridinecarboxaldehyde,=,12.5,mM
136,"1,11-diamino-3,6,9-trioxaundecane",(E)-hept-2-enal,=,0.049,mM
136,"1,6-Hexanediamine",(E)-hept-2-enal,=,0.048,mM
136,"1,11-diamino-3,6,9-trioxaundecane","(2E,4E)-deca-2,4-dienal",=,0.049,mM
136,"1,6-Hexanediamine","(2E,4E)-deca-2,4-dienal",=,0.19,mM
136,"1,5-diamino-3-azapentane","(2E,4E)-deca-2,4-dienal",=,0.75,mM
136,"1,6-Hexanediamine",Cinnamaldehyde,=,0.39,mM
136,"1,5-diamino-3-azapentane",Cinnamaldehyde,=,3,mM
136,"1,11-diamino-3,6,9-trioxaundecane",p-Bromo benzaldehyde,=,6.25,mM
136,"1,6-Hexanediamine",p-Bromo benzaldehyde,=,6.25,mM
136,"1,5-diamino-3-azapentane",p-Bromo benzaldehyde,=,3.12,mM
136,"1,6-Hexanediamine",(E)-non-2-enal,=,0.098,mM
136,"1,5-diamino-3-azapentane",(E)-non-2-enal,=,0.38,mM
136,"1,11-diamino-3,6,9-trioxaundecane","(2E)-nona-2,6-dienal",=,0.098,mM
136,"1,6-Hexanediamine","(2E)-nona-2,6-dienal",=,0.19,mM
136,"1,11-diamino-3,6,9-trioxaundecane",Citral,=,0.098,mM
136,"1,6-Hexanediamine",Citral,=,0.19,mM
136,"1,5-diamino-3-azapentane",Citral,=,0.19,mM
136,"1,6-Hexanediamine",(E)-hex-2-enal,=,0.39,mM
136,"1,5-diamino-3-azapentane",(E)-hex-2-enal,=,3,mM
136,"1,11-diamino-3,6,9-trioxaundecane",Formaldehyde,=,3.12,mM
136,"1,5-diamino-3-azapentane",Formaldehyde,=,12.5,mM
137,"N-bis-(2-amino-ethyl)-ethane-1,2-diamine",(E)-2-Octenal,=,0.196,mM
137,"2,2-bis(2-aminoethoxy)propane",(E)-2-Octenal,=,0.098,mM
137,(Z)-[bis(2-aminoethyl)amino]-hydroxyimino-oxidoazanium,(E)-2-Octenal,=,0.098,mM
137,"2,2'-diaminodiethyl ether",(E)-2-Octenal,=,0.098,mM
137,"1,5-diaminopentane",(E)-2-Octenal,=,0.098,mM
137,"1,8-diaminooctan",(E)-2-Octenal,=,0.098,mM
137,p-Phenylenediamine,(E)-2-Octenal,>,12.5,mM
137,Polyethylenimine linear,(E)-2-Octenal,=,0.38,mM
137,"3,7-diazanonane-1,9-diamine",(E)-2-Octenal,=,0.196,mM
137,"(3-aminopropyl)-1,2-ethylenediamine",(E)-2-Octenal,=,0.39,mM
137,"1,6-Hexanediamine",(E)-2-Octenal,=,0.098,mM
137,"1,3-bis(aminomethyl)cyclohexane",(E)-2-Octenal,=,0.39,mM
137,1.9-diaminononane,(E)-2-Octenal,=,0.098,mM
137,"2,2'-(ethylenedioxy)bis(ethylamine)",(E)-2-Octenal,=,0.049,mM
137,"2,2',2''-triaminotriethylamine",(E)-2-Octenal,=,0.098,mM
137,"N'-(2-aminoethyl)-N'-methylethane-1,2-diamine",(E)-2-Octenal,=,0.049,mM
137,"1,5-diamino-3-azapentane",(E)-2-Octenal,=,0.38,mM
137,Bis(3-aminopropyl)amine,(E)-2-Octenal,=,0.75,mM
137,"3,3'-Diamino-N-methyldipropylamine",(E)-2-Octenal,=,0.098,mM
137,Spermine,(E)-2-Octenal,=,0.75,mM
137,"1,11-diamino-3,6,9-trioxaundecane",1H-Imidazole-2-carboxaldehyde,=,0.39,mM
137,"1,6-Hexanediamine",1H-Imidazole-2-carboxaldehyde,=,3.12,mM
137,"1,5-diamino-3-azapentane",1H-Imidazole-2-carboxaldehyde,=,0.78,mM
137,"1,11-diamino-3,6,9-trioxaundecane",4-Ethynylbenzaldehyde,=,3.12,mM
137,"1,5-diamino-3-azapentane",4-Ethynylbenzaldehyde,>,12.5,mM
137,"1,11-diamino-3,6,9-trioxaundecane","3,4-Dihydroxybenzaldehyde",=,6.25,mM
137,"1,6-Hexanediamine","3,4-Dihydroxybenzaldehyde",=,6.25,mM
137,"1,6-Hexanediamine",(E)-Dec-2-enal,=,0.098,mM
137,"1,5-diamino-3-azapentane",(E)-Dec-2-enal,=,1.5,mM
137,"N-bis-(2-amino-ethyl)-ethane-1,2-diamine","2,6-Dimethyl-5-heptenal",=,3.12,mM
137,"2,2-bis(2-aminoethoxy)propane","2,6-Dimethyl-5-heptenal",>,12.5,mM
137,(Z)-[bis(2-aminoethyl)amino]-hydroxyimino-oxidoazanium,"2,6-Dimethyl-5-heptenal",=,6.25,mM
137,cystamine dihydrochloride,"2,6-Dimethyl-5-heptenal",=,6.25,mM
137,"1,7-Diaminoheptane","2,6-Dimethyl-5-heptenal",=,3.12,mM
137,"2,2'-diaminodiethyl ether","2,6-Dimethyl-5-heptenal",>,12.5,mM
137,"1,11-diamino-3,6,9-trioxaundecane","2,6-Dimethyl-5-heptenal",=,12.5,mM
137,"1,5-diaminopentane","2,6-Dimethyl-5-heptenal",=,6.25,mM
137,"1,4-diaminobutane","2,6-Dimethyl-5-heptenal",=,3.12,mM
137,"2,5-Bis(aminomethyl)furan","2,6-Dimethyl-5-heptenal",=,6.25,mM
137,"1,8-diaminooctan","2,6-Dimethyl-5-heptenal",=,1.56,mM
137,p-Phenylenediamine,"2,6-Dimethyl-5-heptenal",=,1.56,mM
137,"3,7-diazanonane-1,9-diamine","2,6-Dimethyl-5-heptenal",=,6.25,mM
137,"(3-aminopropyl)-1,2-ethylenediamine","2,6-Dimethyl-5-heptenal",=,12.5,mM
137,"1,6-Hexanediamine","2,6-Dimethyl-5-heptenal",=,6.25,mM
137,"1,3-di(aminomethyl)benzene","2,6-Dimethyl-5-heptenal",=,12.5,mM
137,"1,3-bis(aminomethyl)cyclohexane","2,6-Dimethyl-5-heptenal",=,12.5,mM
137,1.9-diaminononane,"2,6-Dimethyl-5-heptenal",=,1.56,mM
137,"2,2',2''-triaminotriethylamine","2,6-Dimethyl-5-heptenal",=,3.12,mM
137,Spermidine,"2,6-Dimethyl-5-heptenal",=,6.25,mM
137,"1,5-diamino-3-azapentane","2,6-Dimethyl-5-heptenal",=,6.25,mM
137,Bis(3-aminopropyl)amine,"2,6-Dimethyl-5-heptenal",=,3.12,mM
137,Spermine,"2,6-Dimethyl-5-heptenal",=,6.25,mM
137,"1,11-diamino-3,6,9-trioxaundecane",4-Nitrobenzaldehyde,=,1.56,mM
137,"1,6-Hexanediamine",4-Nitrobenzaldehyde,=,3.12,mM
137,"1,11-diamino-3,6,9-trioxaundecane",Hexanal,=,0.39,mM
137,"1,6-Hexanediamine",Hexanal,=,0.048,mM
137,"1,5-diamino-3-azapentane",Hexanal,=,0.78,mM
137,"1,11-diamino-3,6,9-trioxaundecane",Vanillin,=,12.5,mM
137,"1,6-Hexanediamine",Vanillin,=,6.25,mM
137,"1,5-diamino-3-azapentane",Vanillin,=,1.5,mM
137,"1,11-diamino-3,6,9-trioxaundecane",Octyl aldehyde,=,0.024,mM
137,"1,6-Hexanediamine",Octyl aldehyde,=,0.098,mM
137,"1,5-diamino-3-azapentane",Octyl aldehyde,=,0.39,mM
137,"1,6-Hexanediamine",Nonyl aldehyde,=,0.19,mM
137,"1,5-diamino-3-azapentane",Nonyl aldehyde,=,0.098,mM
137,"2,2-bis(2-aminoethoxy)propane",Trans-2-pentenal,=,1.56,mM
137,(Z)-[bis(2-aminoethyl)amino]-hydroxyimino-oxidoazanium,Trans-2-pentenal,=,0.39,mM
137,"2,2'-diaminodiethyl ether",Trans-2-pentenal,=,3.12,mM
137,"1,11-diamino-3,6,9-trioxaundecane",Trans-2-pentenal,=,3.12,mM
137,"1,5-diaminopentane",Trans-2-pentenal,=,1.56,mM
137,"1,8-diaminooctan",Trans-2-pentenal,=,0.39,mM
137,p-Phenylenediamine,Trans-2-pentenal,>,12.5,mM
137,"3,7-diazanonane-1,9-diamine",Trans-2-pentenal,=,6.25,mM
137,"(3-aminopropyl)-1,2-ethylenediamine",Trans-2-pentenal,=,6.25,mM
137,"1,3-bis(aminomethyl)cyclohexane",Trans-2-pentenal,=,1.56,mM
137,"2,2'-(ethylenedioxy)bis(ethylamine)",Trans-2-pentenal,=,3.12,mM
137,"1,5-diamino-3-azapentane",Trans-2-pentenal,=,6.25,mM
137,"3,3'-Diamino-N-methyldipropylamine",Trans-2-pentenal,=,3.12,mM
137,"1,6-Hexanediamine",citronellal,=,0.048,mM
137,"1,5-diamino-3-azapentane",citronellal,=,1.56,mM
137,"1,11-diamino-3,6,9-trioxaundecane",2-Pyridinecarboxaldehyde,=,3.12,mM
137,"1,6-Hexanediamine",2-Pyridinecarboxaldehyde,=,3.12,mM
137,"1,11-diamino-3,6,9-trioxaundecane",(E)-hept-2-enal,=,0.049,mM
137,"1,6-Hexanediamine",(E)-hept-2-enal,=,0.048,mM
137,"1,11-diamino-3,6,9-trioxaundecane","(2E,4E)-deca-2,4-dienal",=,0.049,mM
137,"1,5-diamino-3-azapentane","(2E,4E)-deca-2,4-dienal",=,0.75,mM
137,"1,11-diamino-3,6,9-trioxaundecane",Cinnamaldehyde,=,0.19,mM
137,"1,6-Hexanediamine",Cinnamaldehyde,=,0.39,mM
137,"1,11-diamino-3,6,9-trioxaundecane",p-Bromo benzaldehyde,=,6.25,mM
137,"1,5-diamino-3-azapentane",p-Bromo benzaldehyde,=,3.12,mM
137,"1,6-Hexanediamine",(E)-non-2-enal,=,0.098,mM
137,"1,5-diamino-3-azapentane",(E)-non-2-enal,=,0.38,mM
137,"1,11-diamino-3,6,9-trioxaundecane","(2E)-nona-2,6-dienal",=,0.098,mM
137,"1,6-Hexanediamine","(2E)-nona-2,6-dienal",=,0.19,mM
137,"1,5-diamino-3-azapentane","(2E)-nona-2,6-dienal",=,0.19,mM
137,"1,11-diamino-3,6,9-trioxaundecane",Citral,=,0.098,mM
137,"1,6-Hexanediamine",Citral,=,0.19,mM
137,"1,5-diamino-3-azapentane",Citral,=,0.19,mM
137,"1,11-diamino-3,6,9-trioxaundecane",Formaldehyde,=,3.12,mM
137,"1,5-diamino-3-azapentane",Formaldehyde,=,12.5,mM
138,"2,2-bis(2-aminoethoxy)propane",(E)-2-Octenal,=,0.098,mM
138,(Z)-[bis(2-aminoethyl)amino]-hydroxyimino-oxidoazanium,(E)-2-Octenal,=,0.098,mM
138,"1,7-Diaminoheptane",(E)-2-Octenal,=,0.049,mM
138,"2,2'-diaminodiethyl ether",(E)-2-Octenal,=,0.098,mM
138,"1,11-diamino-3,6,9-trioxaundecane",(E)-2-Octenal,=,0.098,mM
138,"1,5-diaminopentane",(E)-2-Octenal,=,0.098,mM
138,"1,4-diaminobutane",(E)-2-Octenal,=,0.098,mM
138,p-Phenylenediamine,(E)-2-Octenal,>,12.5,mM
138,Polyethylenimine linear,(E)-2-Octenal,=,0.38,mM
138,"3,7-diazanonane-1,9-diamine",(E)-2-Octenal,=,0.196,mM
138,"(3-aminopropyl)-1,2-ethylenediamine",(E)-2-Octenal,=,0.39,mM
138,"1,6-Hexanediamine",(E)-2-Octenal,=,0.098,mM
138,"1,3-bis(aminomethyl)cyclohexane",(E)-2-Octenal,=,0.39,mM
138,1.9-diaminononane,(E)-2-Octenal,=,0.098,mM
138,"2,2',2''-triaminotriethylamine",(E)-2-Octenal,=,0.098,mM
138,"N'-(2-aminoethyl)-N'-methylethane-1,2-diamine",(E)-2-Octenal,=,0.049,mM
138,"1,5-diamino-3-azapentane",(E)-2-Octenal,=,0.38,mM
138,Bis(3-aminopropyl)amine,(E)-2-Octenal,=,0.75,mM
138,"3,3'-Diamino-N-methyldipropylamine",(E)-2-Octenal,=,0.098,mM
138,Spermine,(E)-2-Octenal,=,0.75,mM
138,"1,11-diamino-3,6,9-trioxaundecane",1H-Imidazole-2-carboxaldehyde,=,0.39,mM
138,"1,6-Hexanediamine",1H-Imidazole-2-carboxaldehyde,=,3.12,mM
138,"1,5-diamino-3-azapentane",1H-Imidazole-2-carboxaldehyde,=,0.78,mM
138,"1,11-diamino-3,6,9-trioxaundecane",4-Ethynylbenzaldehyde,=,3.12,mM
138,"1,5-diamino-3-azapentane",4-Ethynylbenzaldehyde,>,12.5,mM
138,"1,11-diamino-3,6,9-trioxaundecane","3,4-Dihydroxybenzaldehyde",=,6.25,mM
138,"1,6-Hexanediamine","3,4-Dihydroxybenzaldehyde",=,6.25,mM
138,"1,11-diamino-3,6,9-trioxaundecane",(E)-Dec-2-enal,=,0.024,mM
138,"1,6-Hexanediamine",(E)-Dec-2-enal,=,0.098,mM
138,"1,5-diamino-3-azapentane",(E)-Dec-2-enal,=,1.5,mM
138,"N-bis-(2-amino-ethyl)-ethane-1,2-diamine","2,6-Dimethyl-5-heptenal",=,3.12,mM
138,(Z)-[bis(2-aminoethyl)amino]-hydroxyimino-oxidoazanium,"2,6-Dimethyl-5-heptenal",=,6.25,mM
138,cystamine dihydrochloride,"2,6-Dimethyl-5-heptenal",=,6.25,mM
138,"1,7-Diaminoheptane","2,6-Dimethyl-5-heptenal",=,3.12,mM
138,"2,2'-diaminodiethyl ether","2,6-Dimethyl-5-heptenal",>,12.5,mM
138,"1,11-diamino-3,6,9-trioxaundecane","2,6-Dimethyl-5-heptenal",=,12.5,mM
138,"1,5-diaminopentane","2,6-Dimethyl-5-heptenal",=,6.25,mM
138,"1,4-diaminobutane","2,6-Dimethyl-5-heptenal",=,3.12,mM
138,"1,8-diaminooctan","2,6-Dimethyl-5-heptenal",=,1.56,mM
138,p-Phenylenediamine,"2,6-Dimethyl-5-heptenal",=,1.56,mM
138,"3,7-diazanonane-1,9-diamine","2,6-Dimethyl-5-heptenal",=,6.25,mM
138,"(3-aminopropyl)-1,2-ethylenediamine","2,6-Dimethyl-5-heptenal",=,12.5,mM
138,"1,6-Hexanediamine","2,6-Dimethyl-5-heptenal",=,6.25,mM
138,"1,3-bis(aminomethyl)cyclohexane","2,6-Dimethyl-5-heptenal",=,12.5,mM
138,1.9-diaminononane,"2,6-Dimethyl-5-heptenal",=,1.56,mM
138,"2,2'-(ethylenedioxy)bis(ethylamine)","2,6-Dimethyl-5-heptenal",=,3.12,mM
138,"2,2',2''-triaminotriethylamine","2,6-Dimethyl-5-heptenal",=,3.12,mM
138,"N'-(2-aminoethyl)-N'-methylethane-1,2-diamine","2,6-Dimethyl-5-heptenal",>,12.5,mM
138,Bis(3-aminopropyl)amine,"2,6-Dimethyl-5-heptenal",=,3.12,mM
138,"3,3'-Diamino-N-methyldipropylamine","2,6-Dimethyl-5-heptenal",=,12.5,mM
138,Spermine,"2,6-Dimethyl-5-heptenal",=,6.25,mM
138,"1,6-Hexanediamine",4-Nitrobenzaldehyde,=,3.12,mM
138,"1,11-diamino-3,6,9-trioxaundecane",Hexanal,=,0.39,mM
138,"1,6-Hexanediamine",Hexanal,=,0.048,mM
138,"1,11-diamino-3,6,9-trioxaundecane",Vanillin,=,12.5,mM
138,"1,6-Hexanediamine",Vanillin,=,6.25,mM
138,"1,5-diamino-3-azapentane",Vanillin,=,1.5,mM
138,"1,11-diamino-3,6,9-trioxaundecane",Octyl aldehyde,=,0.024,mM
138,"1,5-diamino-3-azapentane",Octyl aldehyde,=,0.39,mM
138,"1,6-Hexanediamine",Nonyl aldehyde,=,0.19,mM
138,(Z)-[bis(2-aminoethyl)amino]-hydroxyimino-oxidoazanium,Trans-2-pentenal,=,0.39,mM
138,"2,2'-diaminodiethyl ether",Trans-2-pentenal,=,3.12,mM
138,"1,11-diamino-3,6,9-trioxaundecane",Trans-2-pentenal,=,3.12,mM
138,"1,4-diaminobutane",Trans-2-pentenal,=,0.19,mM
138,"1,8-diaminooctan",Trans-2-pentenal,=,0.39,mM
138,"3,7-diazanonane-1,9-diamine",Trans-2-pentenal,=,6.25,mM
138,"1,6-Hexanediamine",Trans-2-pentenal,=,0.19,mM
138,"2,2'-(ethylenedioxy)bis(ethylamine)",Trans-2-pentenal,=,3.12,mM
138,"N'-(2-aminoethyl)-N'-methylethane-1,2-diamine",Trans-2-pentenal,=,0.78,mM
138,"1,5-diamino-3-azapentane",Trans-2-pentenal,=,6.25,mM
138,Bis(3-aminopropyl)amine,Trans-2-pentenal,=,0.39,mM
138,"3,3'-Diamino-N-methyldipropylamine",Trans-2-pentenal,=,3.12,mM
138,"1,11-diamino-3,6,9-trioxaundecane",citronellal,=,0.0061,mM
138,"1,6-Hexanediamine",citronellal,=,0.048,mM
138,"1,11-diamino-3,6,9-trioxaundecane",2-Pyridinecarboxaldehyde,=,3.12,mM
138,"1,5-diamino-3-azapentane",2-Pyridinecarboxaldehyde,=,12.5,mM
138,"1,6-Hexanediamine",(E)-hept-2-enal,=,0.048,mM
138,"1,5-diamino-3-azapentane",(E)-hept-2-enal,=,1.5,mM
138,"1,11-diamino-3,6,9-trioxaundecane","(2E,4E)-deca-2,4-dienal",=,0.049,mM
138,"1,6-Hexanediamine","(2E,4E)-deca-2,4-dienal",=,0.19,mM
138,"1,5-diamino-3-azapentane","(2E,4E)-deca-2,4-dienal",=,0.75,mM
138,"1,11-diamino-3,6,9-trioxaundecane",Cinnamaldehyde,=,0.19,mM
138,"1,6-Hexanediamine",Cinnamaldehyde,=,0.39,mM
138,"1,5-diamino-3-azapentane",Cinnamaldehyde,=,3,mM
138,"1,11-diamino-3,6,9-trioxaundecane",p-Bromo benzaldehyde,=,6.25,mM
138,"1,6-Hexanediamine",p-Bromo benzaldehyde,=,6.25,mM
138,"1,5-diamino-3-azapentane",p-Bromo benzaldehyde,=,3.12,mM
138,"1,6-Hexanediamine",(E)-non-2-enal,=,0.098,mM
138,"1,5-diamino-3-azapentane",(E)-non-2-enal,=,0.38,mM
138,"1,11-diamino-3,6,9-trioxaundecane","(2E)-nona-2,6-dienal",=,0.098,mM
138,"1,6-Hexanediamine","(2E)-nona-2,6-dienal",=,0.19,mM
138,"1,5-diamino-3-azapentane","(2E)-nona-2,6-dienal",=,0.19,mM
138,"1,11-diamino-3,6,9-trioxaundecane",Citral,=,0.098,mM
138,"1,6-Hexanediamine",Citral,=,0.19,mM
138,"1,5-diamino-3-azapentane",Citral,=,0.19,mM
138,"1,11-diamino-3,6,9-trioxaundecane",(E)-hex-2-enal,=,0.19,mM
138,"1,6-Hexanediamine",(E)-hex-2-enal,=,0.39,mM
138,"1,5-diamino-3-azapentane",(E)-hex-2-enal,=,3,mM
138,"1,11-diamino-3,6,9-trioxaundecane",Formaldehyde,=,3.12,mM
138,"1,5-diamino-3-azapentane",Formaldehyde,=,12.5,mM
139,"N-bis-(2-amino-ethyl)-ethane-1,2-diamine",(E)-2-Octenal,=,0.196,mM
139,(Z)-[bis(2-aminoethyl)amino]-hydroxyimino-oxidoazanium,(E)-2-Octenal,=,0.098,mM
139,"1,7-Diaminoheptane",(E)-2-Octenal,=,0.049,mM
139,"2,2'-diaminodiethyl ether",(E)-2-Octenal,=,0.098,mM
139,"1,11-diamino-3,6,9-trioxaundecane",(E)-2-Octenal,=,0.098,mM
139,"1,5-diaminopentane",(E)-2-Octenal,=,0.098,mM
139,"1,4-diaminobutane",(E)-2-Octenal,=,0.098,mM
139,"1,8-diaminooctan",(E)-2-Octenal,=,0.098,mM
139,Polyethylenimine linear,(E)-2-Octenal,=,0.38,mM
139,"3,7-diazanonane-1,9-diamine",(E)-2-Octenal,=,0.196,mM
139,"(3-aminopropyl)-1,2-ethylenediamine",(E)-2-Octenal,=,0.39,mM
139,"1,6-Hexanediamine",(E)-2-Octenal,=,0.098,mM
139,"1,3-bis(aminomethyl)cyclohexane",(E)-2-Octenal,=,0.39,mM
139,1.9-diaminononane,(E)-2-Octenal,=,0.098,mM
139,"2,2'-(ethylenedioxy)bis(ethylamine)",(E)-2-Octenal,=,0.049,mM
139,"2,2',2''-triaminotriethylamine",(E)-2-Octenal,=,0.098,mM
139,"N'-(2-aminoethyl)-N'-methylethane-1,2-diamine",(E)-2-Octenal,=,0.049,mM
139,"1,5-diamino-3-azapentane",(E)-2-Octenal,=,0.38,mM
139,Bis(3-aminopropyl)amine,(E)-2-Octenal,=,0.75,mM
139,"3,3'-Diamino-N-methyldipropylamine",(E)-2-Octenal,=,0.098,mM
139,Spermine,(E)-2-Octenal,=,0.75,mM
139,"1,6-Hexanediamine",1H-Imidazole-2-carboxaldehyde,=,3.12,mM
139,"1,5-diamino-3-azapentane",4-Ethynylbenzaldehyde,>,12.5,mM
139,"1,11-diamino-3,6,9-trioxaundecane","3,4-Dihydroxybenzaldehyde",=,6.25,mM
139,"1,6-Hexanediamine","3,4-Dihydroxybenzaldehyde",=,6.25,mM
139,"1,11-diamino-3,6,9-trioxaundecane",(E)-Dec-2-enal,=,0.024,mM
139,"1,6-Hexanediamine",(E)-Dec-2-enal,=,0.098,mM
139,"1,5-diamino-3-azapentane",(E)-Dec-2-enal,=,1.5,mM
139,"N-bis-(2-amino-ethyl)-ethane-1,2-diamine","2,6-Dimethyl-5-heptenal",=,3.12,mM
139,"2,2-bis(2-aminoethoxy)propane","2,6-Dimethyl-5-heptenal",>,12.5,mM
139,(Z)-[bis(2-aminoethyl)amino]-hydroxyimino-oxidoazanium,"2,6-Dimethyl-5-heptenal",=,6.25,mM
139,cystamine dihydrochloride,"2,6-Dimethyl-5-heptenal",=,6.25,mM
139,"1,7-Diaminoheptane","2,6-Dimethyl-5-heptenal",=,3.12,mM
139,"2,2'-diaminodiethyl ether","2,6-Dimethyl-5-heptenal",>,12.5,mM
139,"1,11-diamino-3,6,9-trioxaundecane","2,6-Dimethyl-5-heptenal",=,12.5,mM
139,"1,5-diaminopentane","2,6-Dimethyl-5-heptenal",=,6.25,mM
139,"1,4-diaminobutane","2,6-Dimethyl-5-heptenal",=,3.12,mM
139,"1,8-diaminooctan","2,6-Dimethyl-5-heptenal",=,1.56,mM
139,p-Phenylenediamine,"2,6-Dimethyl-5-heptenal",=,1.56,mM
139,"3,7-diazanonane-1,9-diamine","2,6-Dimethyl-5-heptenal",=,6.25,mM
139,"(3-aminopropyl)-1,2-ethylenediamine","2,6-Dimethyl-5-heptenal",=,12.5,mM
139,"1,6-Hexanediamine","2,6-Dimethyl-5-heptenal",=,6.25,mM
139,"1,3-di(aminomethyl)benzene","2,6-Dimethyl-5-heptenal",=,12.5,mM
139,"1,3-bis(aminomethyl)cyclohexane","2,6-Dimethyl-5-heptenal",=,12.5,mM
139,"2,2'-(ethylenedioxy)bis(ethylamine)","2,6-Dimethyl-5-heptenal",=,3.12,mM
139,"2,2',2''-triaminotriethylamine","2,6-Dimethyl-5-heptenal",=,3.12,mM
139,"N'-(2-aminoethyl)-N'-methylethane-1,2-diamine","2,6-Dimethyl-5-heptenal",>,12.5,mM
139,Spermidine,"2,6-Dimethyl-5-heptenal",=,6.25,mM
139,"1,5-diamino-3-azapentane","2,6-Dimethyl-5-heptenal",=,6.25,mM
139,"3,3'-Diamino-N-methyldipropylamine","2,6-Dimethyl-5-heptenal",=,12.5,mM
139,"1,6-Hexanediamine",4-Nitrobenzaldehyde,=,3.12,mM
139,"1,11-diamino-3,6,9-trioxaundecane",Hexanal,=,0.39,mM
139,"1,6-Hexanediamine",Hexanal,=,0.048,mM
139,"1,11-diamino-3,6,9-trioxaundecane",Vanillin,=,12.5,mM
139,"1,11-diamino-3,6,9-trioxaundecane",Octyl aldehyde,=,0.024,mM
139,"1,6-Hexanediamine",Octyl aldehyde,=,0.098,mM
139,"1,6-Hexanediamine",Nonyl aldehyde,=,0.19,mM
139,"1,5-diamino-3-azapentane",Nonyl aldehyde,=,0.098,mM
139,"2,2-bis(2-aminoethoxy)propane",Trans-2-pentenal,=,1.56,mM
139,(Z)-[bis(2-aminoethyl)amino]-hydroxyimino-oxidoazanium,Trans-2-pentenal,=,0.39,mM
139,"1,7-Diaminoheptane",Trans-2-pentenal,=,0.39,mM
139,"1,11-diamino-3,6,9-trioxaundecane",Trans-2-pentenal,=,3.12,mM
139,"1,5-diaminopentane",Trans-2-pentenal,=,1.56,mM
139,"1,4-diaminobutane",Trans-2-pentenal,=,0.19,mM
139,p-Phenylenediamine,Trans-2-pentenal,>,12.5,mM
139,"3,7-diazanonane-1,9-diamine",Trans-2-pentenal,=,6.25,mM
139,"(3-aminopropyl)-1,2-ethylenediamine",Trans-2-pentenal,=,6.25,mM
139,"1,6-Hexanediamine",Trans-2-pentenal,=,0.19,mM
139,"1,3-bis(aminomethyl)cyclohexane",Trans-2-pentenal,=,1.56,mM
139,"2,2'-(ethylenedioxy)bis(ethylamine)",Trans-2-pentenal,=,3.12,mM
139,"N'-(2-aminoethyl)-N'-methylethane-1,2-diamine",Trans-2-pentenal,=,0.78,mM
139,Bis(3-aminopropyl)amine,Trans-2-pentenal,=,0.39,mM
139,"3,3'-Diamino-N-methyldipropylamine",Trans-2-pentenal,=,3.12,mM
139,"1,11-diamino-3,6,9-trioxaundecane",citronellal,=,0.0061,mM
139,"1,6-Hexanediamine",citronellal,=,0.048,mM
139,"1,5-diamino-3-azapentane",citronellal,=,1.56,mM
139,"1,11-diamino-3,6,9-trioxaundecane",2-Pyridinecarboxaldehyde,=,3.12,mM
139,"1,6-Hexanediamine",2-Pyridinecarboxaldehyde,=,3.12,mM
139,"1,5-diamino-3-azapentane",2-Pyridinecarboxaldehyde,=,12.5,mM
139,"1,11-diamino-3,6,9-trioxaundecane",(E)-hept-2-enal,=,0.049,mM
139,"1,6-Hexanediamine",(E)-hept-2-enal,=,0.048,mM
139,"1,6-Hexanediamine","(2E,4E)-deca-2,4-dienal",=,0.19,mM
139,"1,5-diamino-3-azapentane","(2E,4E)-deca-2,4-dienal",=,0.75,mM
139,"1,11-diamino-3,6,9-trioxaundecane",Cinnamaldehyde,=,0.19,mM
139,"1,6-Hexanediamine",Cinnamaldehyde,=,0.39,mM
139,"1,5-diamino-3-azapentane",Cinnamaldehyde,=,3,mM
139,"1,11-diamino-3,6,9-trioxaundecane",p-Bromo benzaldehyde,=,6.25,mM
139,"1,6-Hexanediamine",p-Bromo benzaldehyde,=,6.25,mM
139,"1,5-diamino-3-azapentane",p-Bromo benzaldehyde,=,3.12,mM
139,"1,11-diamino-3,6,9-trioxaundecane",(E)-non-2-enal,=,0.048,mM
139,"1,6-Hexanediamine",(E)-non-2-enal,=,0.098,mM
139,"1,5-diamino-3-azapentane",(E)-non-2-enal,=,0.38,mM
139,"1,6-Hexanediamine","(2E)-nona-2,6-dienal",=,0.19,mM
139,"1,5-diamino-3-azapentane","(2E)-nona-2,6-dienal",=,0.19,mM
139,"1,11-diamino-3,6,9-trioxaundecane",Citral,=,0.098,mM
139,"1,6-Hexanediamine",Citral,=,0.19,mM
139,"1,11-diamino-3,6,9-trioxaundecane",(E)-hex-2-enal,=,0.19,mM
139,"1,6-Hexanediamine",(E)-hex-2-enal,=,0.39,mM
139,"1,5-diamino-3-azapentane",(E)-hex-2-enal,=,3,mM
139,"1,11-diamino-3,6,9-trioxaundecane",Formaldehyde,=,3.12,mM
140,"N-bis-(2-amino-ethyl)-ethane-1,2-diamine",(E)-2-Octenal,=,0.196,mM
140,(Z)-[bis(2-aminoethyl)amino]-hydroxyimino-oxidoazanium,(E)-2-Octenal,=,0.098,mM
140,"2,2'-diaminodiethyl ether",(E)-2-Octenal,=,0.098,mM
140,"1,5-diaminopentane",(E)-2-Octenal,=,0.098,mM
140,"1,4-diaminobutane",(E)-2-Octenal,=,0.098,mM
140,"(3-aminopropyl)-1,2-ethylenediamine",(E)-2-Octenal,=,0.39,mM
140,"1,6-Hexanediamine",(E)-2-Octenal,=,0.098,mM
140,"1,3-bis(aminomethyl)cyclohexane",(E)-2-Octenal,=,0.39,mM
140,1.9-diaminononane,(E)-2-Octenal,=,0.098,mM
140,"2,2'-(ethylenedioxy)bis(ethylamine)",(E)-2-Octenal,=,0.049,mM
140,"2,2',2''-triaminotriethylamine",(E)-2-Octenal,=,0.098,mM
140,"1,5-diamino-3-azapentane",(E)-2-Octenal,=,0.38,mM
140,"3,3'-Diamino-N-methyldipropylamine",(E)-2-Octenal,=,0.098,mM
140,"1,11-diamino-3,6,9-trioxaundecane",1H-Imidazole-2-carboxaldehyde,=,0.39,mM
140,"1,5-diamino-3-azapentane",1H-Imidazole-2-carboxaldehyde,=,0.78,mM
140,"1,11-diamino-3,6,9-trioxaundecane",4-Ethynylbenzaldehyde,=,3.12,mM
140,"1,11-diamino-3,6,9-trioxaundecane","3,4-Dihydroxybenzaldehyde",=,6.25,mM
140,"1,6-Hexanediamine","3,4-Dihydroxybenzaldehyde",=,6.25,mM
140,"1,6-Hexanediamine",(E)-Dec-2-enal,=,0.098,mM
140,"1,5-diamino-3-azapentane",(E)-Dec-2-enal,=,1.5,mM
140,"N-bis-(2-amino-ethyl)-ethane-1,2-diamine","2,6-Dimethyl-5-heptenal",=,3.12,mM
140,"2,2-bis(2-aminoethoxy)propane","2,6-Dimethyl-5-heptenal",>,12.5,mM
140,(Z)-[bis(2-aminoethyl)amino]-hydroxyimino-oxidoazanium,"2,6-Dimethyl-5-heptenal",=,6.25,mM
140,cystamine dihydrochloride,"2,6-Dimethyl-5-heptenal",=,6.25,mM
140,"1,7-Diaminoheptane","2,6-Dimethyl-5-heptenal",=,3.12,mM
140,"2,2'-diaminodiethyl ether","2,6-Dimethyl-5-heptenal",>,12.5,mM
140,"1,11-diamino-3,6,9-trioxaundecane","2,6-Dimethyl-5-heptenal",=,12.5,mM
140,"1,4-diaminobutane","2,6-Dimethyl-5-heptenal",=,3.12,mM
140,"2,5-Bis(aminomethyl)furan","2,6-Dimethyl-5-heptenal",=,6.25,mM
140,"1,8-diaminooctan","2,6-Dimethyl-5-heptenal",=,1.56,mM
140,p-Phenylenediamine,"2,6-Dimethyl-5-heptenal",=,1.56,mM
140,"3,7-diazanonane-1,9-diamine","2,6-Dimethyl-5-heptenal",=,6.25,mM
140,"(3-aminopropyl)-1,2-ethylenediamine","2,6-Dimethyl-5-heptenal",=,12.5,mM
140,"1,6-Hexanediamine","2,6-Dimethyl-5-heptenal",=,6.25,mM
140,"1,3-bis(aminomethyl)cyclohexane","2,6-Dimethyl-5-heptenal",=,12.5,mM
140,1.9-diaminononane,"2,6-Dimethyl-5-heptenal",=,1.56,mM
140,"2,2',2''-triaminotriethylamine","2,6-Dimethyl-5-heptenal",=,3.12,mM
140,"N'-(2-aminoethyl)-N'-methylethane-1,2-diamine","2,6-Dimethyl-5-heptenal",>,12.5,mM
140,Spermidine,"2,6-Dimethyl-5-heptenal",=,6.25,mM
140,Bis(3-aminopropyl)amine,"2,6-Dimethyl-5-heptenal",=,3.12,mM
140,"3,3'-Diamino-N-methyldipropylamine","2,6-Dimethyl-5-heptenal",=,12.5,mM
140,Spermine,"2,6-Dimethyl-5-heptenal",=,6.25,mM
140,"1,11-diamino-3,6,9-trioxaundecane",4-Nitrobenzaldehyde,=,1.56,mM
140,"1,6-Hexanediamine",4-Nitrobenzaldehyde,=,3.12,mM
140,"1,5-diamino-3-azapentane",4-Nitrobenzaldehyde,=,3.12,mM
140,"1,11-diamino-3,6,9-trioxaundecane",Hexanal,=,0.39,mM
140,"1,6-Hexanediamine",Hexanal,=,0.048,mM
140,"1,5-diamino-3-azapentane",Hexanal,=,0.78,mM
140,"1,11-diamino-3,6,9-trioxaundecane",Vanillin,=,12.5,mM
140,"1,6-Hexanediamine",Vanillin,=,6.25,mM
140,"1,5-diamino-3-azapentane",Vanillin,=,1.5,mM
140,"1,11-diamino-3,6,9-trioxaundecane",Octyl aldehyde,=,0.024,mM
140,"1,6-Hexanediamine",Octyl aldehyde,=,0.098,mM
140,"1,5-diamino-3-azapentane",Octyl aldehyde,=,0.39,mM
140,"1,6-Hexanediamine",Nonyl aldehyde,=,0.19,mM
140,"1,5-diamino-3-azapentane",Nonyl aldehyde,=,0.098,mM
140,"N-bis-(2-amino-ethyl)-ethane-1,2-diamine",Trans-2-pentenal,=,6.25,mM
140,"2,2-bis(2-aminoethoxy)propane",Trans-2-pentenal,=,1.56,mM
140,(Z)-[bis(2-aminoethyl)amino]-hydroxyimino-oxidoazanium,Trans-2-pentenal,=,0.39,mM
140,"1,7-Diaminoheptane",Trans-2-pentenal,=,0.39,mM
140,"1,11-diamino-3,6,9-trioxaundecane",Trans-2-pentenal,=,3.12,mM
140,"1,5-diaminopentane",Trans-2-pentenal,=,1.56,mM
140,"1,4-diaminobutane",Trans-2-pentenal,=,0.19,mM
140,p-Phenylenediamine,Trans-2-pentenal,>,12.5,mM
140,"3,7-diazanonane-1,9-diamine",Trans-2-pentenal,=,6.25,mM
140,"(3-aminopropyl)-1,2-ethylenediamine",Trans-2-pentenal,=,6.25,mM
140,"1,3-bis(aminomethyl)cyclohexane",Trans-2-pentenal,=,1.56,mM
140,1.9-diaminononane,Trans-2-pentenal,=,0.098,mM
140,"2,2'-(ethylenedioxy)bis(ethylamine)",Trans-2-pentenal,=,3.12,mM
140,"N'-(2-aminoethyl)-N'-methylethane-1,2-diamine",Trans-2-pentenal,=,0.78,mM
140,"1,5-diamino-3-azapentane",Trans-2-pentenal,=,6.25,mM
140,"3,3'-Diamino-N-methyldipropylamine",Trans-2-pentenal,=,3.12,mM
140,"1,11-diamino-3,6,9-trioxaundecane",citronellal,=,0.0061,mM
140,"1,6-Hexanediamine",citronellal,=,0.048,mM
140,"1,5-diamino-3-azapentane",citronellal,=,1.56,mM
140,"1,11-diamino-3,6,9-trioxaundecane",2-Pyridinecarboxaldehyde,=,3.12,mM
140,"1,6-Hexanediamine",2-Pyridinecarboxaldehyde,=,3.12,mM
140,"1,5-diamino-3-azapentane",2-Pyridinecarboxaldehyde,=,12.5,mM
140,"1,11-diamino-3,6,9-trioxaundecane",(E)-hept-2-enal,=,0.049,mM
140,"1,6-Hexanediamine",(E)-hept-2-enal,=,0.048,mM
140,"1,5-diamino-3-azapentane",(E)-hept-2-enal,=,1.5,mM
140,"1,11-diamino-3,6,9-trioxaundecane","(2E,4E)-deca-2,4-dienal",=,0.049,mM
140,"1,6-Hexanediamine","(2E,4E)-deca-2,4-dienal",=,0.19,mM
140,"1,5-diamino-3-azapentane","(2E,4E)-deca-2,4-dienal",=,0.75,mM
140,"1,11-diamino-3,6,9-trioxaundecane",Cinnamaldehyde,=,0.19,mM
140,"1,6-Hexanediamine",Cinnamaldehyde,=,0.39,mM
140,"1,5-diamino-3-azapentane",Cinnamaldehyde,=,3,mM
140,"1,11-diamino-3,6,9-trioxaundecane",p-Bromo benzaldehyde,=,6.25,mM
140,"1,6-Hexanediamine",p-Bromo benzaldehyde,=,6.25,mM
140,"1,5-diamino-3-azapentane",p-Bromo benzaldehyde,=,3.12,mM
140,"1,11-diamino-3,6,9-trioxaundecane",(E)-non-2-enal,=,0.048,mM
140,"1,6-Hexanediamine",(E)-non-2-enal,=,0.098,mM
140,"1,11-diamino-3,6,9-trioxaundecane","(2E)-nona-2,6-dienal",=,0.098,mM
140,"1,5-diamino-3-azapentane","(2E)-nona-2,6-dienal",=,0.19,mM
140,"1,6-Hexanediamine",Citral,=,0.19,mM
140,"1,5-diamino-3-azapentane",Citral,=,0.19,mM
140,"1,11-diamino-3,6,9-trioxaundecane",(E)-hex-2-enal,=,0.19,mM
140,"1,6-Hexanediamine",(E)-hex-2-enal,=,0.39,mM
140,"1,11-diamino-3,6,9-trioxaundecane",Formaldehyde,=,3.12,mM
140,"1,5-diamino-3-azapentane",Formaldehyde,=,12.5,mM
141,"N-bis-(2-amino-ethyl)-ethane-1,2-diamine",(E)-2-Octenal,=,0.196,mM
141,"2,2-bis(2-aminoethoxy)propane",(E)-2-Octenal,=,0.098,mM
141,(Z)-[bis(2-aminoethyl)amino]-hydroxyimino-oxidoazanium,(E)-2-Octenal,=,0.098,mM
141,"1,7-Diaminoheptane",(E)-2-Octenal,=,0.049,mM
141,"2,2'-diaminodiethyl ether",(E)-2-Octenal,=,0.098,mM
141,"1,11-diamino-3,6,9-trioxaundecane",(E)-2-Octenal,=,0.098,mM
141,"1,5-diaminopentane",(E)-2-Octenal,=,0.098,mM
141,p-Phenylenediamine,(E)-2-Octenal,>,12.5,mM
141,Polyethylenimine linear,(E)-2-Octenal,=,0.38,mM
141,"3,7-diazanonane-1,9-diamine",(E)-2-Octenal,=,0.196,mM
141,"1,6-Hexanediamine",(E)-2-Octenal,=,0.098,mM
141,"1,3-bis(aminomethyl)cyclohexane",(E)-2-Octenal,=,0.39,mM
141,"2,2'-(ethylenedioxy)bis(ethylamine)",(E)-2-Octenal,=,0.049,mM
141,"2,2',2''-triaminotriethylamine",(E)-2-Octenal,=,0.098,mM
141,"N'-(2-aminoethyl)-N'-methylethane-1,2-diamine",(E)-2-Octenal,=,0.049,mM
141,"1,5-diamino-3-azapentane",(E)-2-Octenal,=,0.38,mM
141,Bis(3-aminopropyl)amine,(E)-2-Octenal,=,0.75,mM
141,"3,3'-Diamino-N-methyldipropylamine",(E)-2-Octenal,=,0.098,mM
141,Spermine,(E)-2-Octenal,=,0.75,mM
141,"1,11-diamino-3,6,9-trioxaundecane",1H-Imidazole-2-carboxaldehyde,=,0.39,mM
141,"1,6-Hexanediamine",1H-Imidazole-2-carboxaldehyde,=,3.12,mM
141,"1,5-diamino-3-azapentane",1H-Imidazole-2-carboxaldehyde,=,0.78,mM
141,"1,11-diamino-3,6,9-trioxaundecane",4-Ethynylbenzaldehyde,=,3.12,mM
141,"1,5-diamino-3-azapentane",4-Ethynylbenzaldehyde,>,12.5,mM
141,"1,11-diamino-3,6,9-trioxaundecane","3,4-Dihydroxybenzaldehyde",=,6.25,mM
141,"1,6-Hexanediamine","3,4-Dihydroxybenzaldehyde",=,6.25,mM
141,"1,11-diamino-3,6,9-trioxaundecane",(E)-Dec-2-enal,=,0.024,mM
141,"1,6-Hexanediamine",(E)-Dec-2-enal,=,0.098,mM
141,"1,5-diamino-3-azapentane",(E)-Dec-2-enal,=,1.5,mM
141,"N-bis-(2-amino-ethyl)-ethane-1,2-diamine","2,6-Dimethyl-5-heptenal",=,3.12,mM
141,"2,2-bis(2-aminoethoxy)propane","2,6-Dimethyl-5-heptenal",>,12.5,mM
141,(Z)-[bis(2-aminoethyl)amino]-hydroxyimino-oxidoazanium,"2,6-Dimethyl-5-heptenal",=,6.25,mM
141,cystamine dihydrochloride,"2,6-Dimethyl-5-heptenal",=,6.25,mM
141,"1,7-Diaminoheptane","2,6-Dimethyl-5-heptenal",=,3.12,mM
141,"2,2'-diaminodiethyl ether","2,6-Dimethyl-5-heptenal",>,12.5,mM
141,"1,4-diaminobutane","2,6-Dimethyl-5-heptenal",=,3.12,mM
141,"1,8-diaminooctan","2,6-Dimethyl-5-heptenal",=,1.56,mM
141,p-Phenylenediamine,"2,6-Dimethyl-5-heptenal",=,1.56,mM
141,"1,3-di(aminomethyl)benzene","2,6-Dimethyl-5-heptenal",=,12.5,mM
141,"1,3-bis(aminomethyl)cyclohexane","2,6-Dimethyl-5-heptenal",=,12.5,mM
141,1.9-diaminononane,"2,6-Dimethyl-5-heptenal",=,1.56,mM
141,"2,2'-(ethylenedioxy)bis(ethylamine)","2,6-Dimethyl-5-heptenal",=,3.12,mM
141,"2,2',2''-triaminotriethylamine","2,6-Dimethyl-5-heptenal",=,3.12,mM
141,"N'-(2-aminoethyl)-N'-methylethane-1,2-diamine","2,6-Dimethyl-5-heptenal",>,12.5,mM
141,Spermidine,"2,6-Dimethyl-5-heptenal",=,6.25,mM
141,"1,5-diamino-3-azapentane","2,6-Dimethyl-5-heptenal",=,6.25,mM
141,Bis(3-aminopropyl)amine,"2,6-Dimethyl-5-heptenal",=,3.12,mM
141,"3,3'-Diamino-N-methyldipropylamine","2,6-Dimethyl-5-heptenal",=,12.5,mM
141,Spermine,"2,6-Dimethyl-5-heptenal",=,6.25,mM
141,"1,11-diamino-3,6,9-trioxaundecane",4-Nitrobenzaldehyde,=,1.56,mM
141,"1,6-Hexanediamine",4-Nitrobenzaldehyde,=,3.12,mM
141,"1,5-diamino-3-azapentane",4-Nitrobenzaldehyde,=,3.12,mM
141,"1,11-diamino-3,6,9-trioxaundecane",Hexanal,=,0.39,mM
141,"1,6-Hexanediamine",Hexanal,=,0.048,mM
141,"1,5-diamino-3-azapentane",Hexanal,=,0.78,mM
141,"1,11-diamino-3,6,9-trioxaundecane",Vanillin,=,12.5,mM
141,"1,5-diamino-3-azapentane",Vanillin,=,1.5,mM
141,"1,11-diamino-3,6,9-trioxaundecane",Octyl aldehyde,=,0.024,mM
141,"1,6-Hexanediamine",Octyl aldehyde,=,0.098,mM
141,"1,5-diamino-3-azapentane",Octyl aldehyde,=,0.39,mM
141,"1,6-Hexanediamine",Nonyl aldehyde,=,0.19,mM
141,"1,5-diamino-3-azapentane",Nonyl aldehyde,=,0.098,mM
141,"N-bis-(2-amino-ethyl)-ethane-1,2-diamine",Trans-2-pentenal,=,6.25,mM
141,"2,2-bis(2-aminoethoxy)propane",Trans-2-pentenal,=,1.56,mM
141,(Z)-[bis(2-aminoethyl)amino]-hydroxyimino-oxidoazanium,Trans-2-pentenal,=,0.39,mM
141,"1,7-Diaminoheptane",Trans-2-pentenal,=,0.39,mM
141,"2,2'-diaminodiethyl ether",Trans-2-pentenal,=,3.12,mM
141,"1,11-diamino-3,6,9-trioxaundecane",Trans-2-pentenal,=,3.12,mM
141,"1,5-diaminopentane",Trans-2-pentenal,=,1.56,mM
141,"1,8-diaminooctan",Trans-2-pentenal,=,0.39,mM
141,p-Phenylenediamine,Trans-2-pentenal,>,12.5,mM
141,"3,7-diazanonane-1,9-diamine",Trans-2-pentenal,=,6.25,mM
141,"1,3-bis(aminomethyl)cyclohexane",Trans-2-pentenal,=,1.56,mM
141,"2,2'-(ethylenedioxy)bis(ethylamine)",Trans-2-pentenal,=,3.12,mM
141,"1,5-diamino-3-azapentane",Trans-2-pentenal,=,6.25,mM
141,Bis(3-aminopropyl)amine,Trans-2-pentenal,=,0.39,mM
141,"1,11-diamino-3,6,9-trioxaundecane",citronellal,=,0.0061,mM
141,"1,6-Hexanediamine",citronellal,=,0.048,mM
141,"1,11-diamino-3,6,9-trioxaundecane",2-Pyridinecarboxaldehyde,=,3.12,mM
141,"1,6-Hexanediamine",2-Pyridinecarboxaldehyde,=,3.12,mM
141,"1,5-diamino-3-azapentane",2-Pyridinecarboxaldehyde,=,12.5,mM
141,"1,5-diamino-3-azapentane",(E)-hept-2-enal,=,1.5,mM
141,"1,11-diamino-3,6,9-trioxaundecane","(2E,4E)-deca-2,4-dienal",=,0.049,mM
141,"1,5-diamino-3-azapentane","(2E,4E)-deca-2,4-dienal",=,0.75,mM
141,"1,11-diamino-3,6,9-trioxaundecane",Cinnamaldehyde,=,0.19,mM
141,"1,6-Hexanediamine",Cinnamaldehyde,=,0.39,mM
141,"1,5-diamino-3-azapentane",Cinnamaldehyde,=,3,mM
141,"1,11-diamino-3,6,9-trioxaundecane",p-Bromo benzaldehyde,=,6.25,mM
141,"1,6-Hexanediamine",p-Bromo benzaldehyde,=,6.25,mM
141,"1,5-diamino-3-azapentane",p-Bromo benzaldehyde,=,3.12,mM
141,"1,5-diamino-3-azapentane",(E)-non-2-enal,=,0.38,mM
141,"1,11-diamino-3,6,9-trioxaundecane","(2E)-nona-2,6-dienal",=,0.098,mM
141,"1,6-Hexanediamine","(2E)-nona-2,6-dienal",=,0.19,mM
141,"1,5-diamino-3-azapentane","(2E)-nona-2,6-dienal",=,0.19,mM
141,"1,11-diamino-3,6,9-trioxaundecane",Citral,=,0.098,mM
141,"1,6-Hexanediamine",Citral,=,0.19,mM
141,"1,11-diamino-3,6,9-trioxaundecane",(E)-hex-2-enal,=,0.19,mM
141,"1,6-Hexanediamine",(E)-hex-2-enal,=,0.39,mM
141,"1,11-diamino-3,6,9-trioxaundecane",Formaldehyde,=,3.12,mM
141,"1,5-diamino-3-azapentane",Formaldehyde,=,12.5,mM
142,"N-bis-(2-amino-ethyl)-ethane-1,2-diamine",(E)-2-Octenal,=,0.196,mM
142,"2,2-bis(2-aminoethoxy)propane",(E)-2-Octenal,=,0.098,mM
142,(Z)-[bis(2-aminoethyl)amino]-hydroxyimino-oxidoazanium,(E)-2-Octenal,=,0.098,mM
142,"1,7-Diaminoheptane",(E)-2-Octenal,=,0.049,mM
142,"2,2'-diaminodiethyl ether",(E)-2-Octenal,=,0.098,mM
142,"1,11-diamino-3,6,9-trioxaundecane",(E)-2-Octenal,=,0.098,mM
142,"1,5-diaminopentane",(E)-2-Octenal,=,0.098,mM
142,Polyethylenimine linear,(E)-2-Octenal,=,0.38,mM
142,"3,7-diazanonane-1,9-diamine",(E)-2-Octenal,=,0.196,mM
142,"(3-aminopropyl)-1,2-ethylenediamine",(E)-2-Octenal,=,0.39,mM
142,1.9-diaminononane,(E)-2-Octenal,=,0.098,mM
142,"2,2'-(ethylenedioxy)bis(ethylamine)",(E)-2-Octenal,=,0.049,mM
142,"2,2',2''-triaminotriethylamine",(E)-2-Octenal,=,0.098,mM
142,"N'-(2-aminoethyl)-N'-methylethane-1,2-diamine",(E)-2-Octenal,=,0.049,mM
142,"1,5-diamino-3-azapentane",(E)-2-Octenal,=,0.38,mM
142,Bis(3-aminopropyl)amine,(E)-2-Octenal,=,0.75,mM
142,"3,3'-Diamino-N-methyldipropylamine",(E)-2-Octenal,=,0.098,mM
142,Spermine,(E)-2-Octenal,=,0.75,mM
142,"1,11-diamino-3,6,9-trioxaundecane",4-Ethynylbenzaldehyde,=,3.12,mM
142,"1,11-diamino-3,6,9-trioxaundecane","3,4-Dihydroxybenzaldehyde",=,6.25,mM
142,"1,6-Hexanediamine","3,4-Dihydroxybenzaldehyde",=,6.25,mM
142,"1,11-diamino-3,6,9-trioxaundecane",(E)-Dec-2-enal,=,0.024,mM
142,"1,6-Hexanediamine",(E)-Dec-2-enal,=,0.098,mM
142,"1,5-diamino-3-azapentane",(E)-Dec-2-enal,=,1.5,mM
142,"N-bis-(2-amino-ethyl)-ethane-1,2-diamine","2,6-Dimethyl-5-heptenal",=,3.12,mM
142,(Z)-[bis(2-aminoethyl)amino]-hydroxyimino-oxidoazanium,"2,6-Dimethyl-5-heptenal",=,6.25,mM
142,cystamine dihydrochloride,"2,6-Dimethyl-5-heptenal",=,6.25,mM
142,"1,7-Diaminoheptane","2,6-Dimethyl-5-heptenal",=,3.12,mM
142,"2,2'-diaminodiethyl ether","2,6-Dimethyl-5-heptenal",>,12.5,mM
142,"1,11-diamino-3,6,9-trioxaundecane","2,6-Dimethyl-5-heptenal",=,12.5,mM
142,"1,5-diaminopentane","2,6-Dimethyl-5-heptenal",=,6.25,mM
142,"1,4-diaminobutane","2,6-Dimethyl-5-heptenal",=,3.12,mM
142,"2,5-Bis(aminomethyl)furan","2,6-Dimethyl-5-heptenal",=,6.25,mM
142,"1,8-diaminooctan","2,6-Dimethyl-5-heptenal",=,1.56,mM
142,p-Phenylenediamine,"2,6-Dimethyl-5-heptenal",=,1.56,mM
142,"3,7-diazanonane-1,9-diamine","2,6-Dimethyl-5-heptenal",=,6.25,mM
142,"(3-aminopropyl)-1,2-ethylenediamine","2,6-Dimethyl-5-heptenal",=,12.5,mM
142,"1,6-Hexanediamine","2,6-Dimethyl-5-heptenal",=,6.25,mM
142,"1,3-di(aminomethyl)benzene","2,6-Dimethyl-5-heptenal",=,12.5,mM
142,1.9-diaminononane,"2,6-Dimethyl-5-heptenal",=,1.56,mM
142,"N'-(2-aminoethyl)-N'-methylethane-1,2-diamine","2,6-Dimethyl-5-heptenal",>,12.5,mM
142,"1,5-diamino-3-azapentane","2,6-Dimethyl-5-heptenal",=,6.25,mM
142,Bis(3-aminopropyl)amine,"2,6-Dimethyl-5-heptenal",=,3.12,mM
142,"3,3'-Diamino-N-methyldipropylamine","2,6-Dimethyl-5-heptenal",=,12.5,mM
142,Spermine,"2,6-Dimethyl-5-heptenal",=,6.25,mM
142,"1,11-diamino-3,6,9-trioxaundecane",4-Nitrobenzaldehyde,=,1.56,mM
142,"1,6-Hexanediamine",4-Nitrobenzaldehyde,=,3.12,mM
142,"1,5-diamino-3-azapentane",4-Nitrobenzaldehyde,=,3.12,mM
142,"1,6-Hexanediamine",Hexanal,=,0.048,mM
142,"1,11-diamino-3,6,9-trioxaundecane",Vanillin,=,12.5,mM
142,"1,6-Hexanediamine",Vanillin,=,6.25,mM
142,"1,5-diamino-3-azapentane",Vanillin,=,1.5,mM
142,"1,11-diamino-3,6,9-trioxaundecane",Octyl aldehyde,=,0.024,mM
142,"1,6-Hexanediamine",Octyl aldehyde,=,0.098,mM
142,"1,5-diamino-3-azapentane",Octyl aldehyde,=,0.39,mM
142,"1,6-Hexanediamine",Nonyl aldehyde,=,0.19,mM
142,"1,5-diamino-3-azapentane",Nonyl aldehyde,=,0.098,mM
142,"2,2-bis(2-aminoethoxy)propane",Trans-2-pentenal,=,1.56,mM
142,"1,7-Diaminoheptane",Trans-2-pentenal,=,0.39,mM
142,"2,2'-diaminodiethyl ether",Trans-2-pentenal,=,3.12,mM
142,"1,11-diamino-3,6,9-trioxaundecane",Trans-2-pentenal,=,3.12,mM
142,"1,5-diaminopentane",Trans-2-pentenal,=,1.56,mM
142,"1,4-diaminobutane",Trans-2-pentenal,=,0.19,mM
142,"1,8-diaminooctan",Trans-2-pentenal,=,0.39,mM
142,p-Phenylenediamine,Trans-2-pentenal,>,12.5,mM
142,"3,7-diazanonane-1,9-diamine",Trans-2-pentenal,=,6.25,mM
142,"(3-aminopropyl)-1,2-ethylenediamine",Trans-2-pentenal,=,6.25,mM
142,"1,6-Hexanediamine",Trans-2-pentenal,=,0.19,mM
142,"1,3-bis(aminomethyl)cyclohexane",Trans-2-pentenal,=,1.56,mM
142,1.9-diaminononane,Trans-2-pentenal,=,0.098,mM
142,"2,2'-(ethylenedioxy)bis(ethylamine)",Trans-2-pentenal,=,3.12,mM
142,"N'-(2-aminoethyl)-N'-methylethane-1,2-diamine",Trans-2-pentenal,=,0.78,mM
142,"1,5-diamino-3-azapentane",Trans-2-pentenal,=,6.25,mM
142,Bis(3-aminopropyl)amine,Trans-2-pentenal,=,0.39,mM
142,"3,3'-Diamino-N-methyldipropylamine",Trans-2-pentenal,=,3.12,mM
142,"1,11-diamino-3,6,9-trioxaundecane",citronellal,=,0.0061,mM
142,"1,6-Hexanediamine",citronellal,=,0.048,mM
142,"1,5-diamino-3-azapentane",citronellal,=,1.56,mM
142,"1,11-diamino-3,6,9-trioxaundecane",2-Pyridinecarboxaldehyde,=,3.12,mM
142,"1,6-Hexanediamine",2-Pyridinecarboxaldehyde,=,3.12,mM
142,"1,5-diamino-3-azapentane",2-Pyridinecarboxaldehyde,=,12.5,mM
142,"1,11-diamino-3,6,9-trioxaundecane",(E)-hept-2-enal,=,0.049,mM
142,"1,6-Hexanediamine",(E)-hept-2-enal,=,0.048,mM
142,"1,6-Hexanediamine","(2E,4E)-deca-2,4-dienal",=,0.19,mM
142,"1,5-diamino-3-azapentane","(2E,4E)-deca-2,4-dienal",=,0.75,mM
142,"1,11-diamino-3,6,9-trioxaundecane",Cinnamaldehyde,=,0.19,mM
142,"1,6-Hexanediamine",Cinnamaldehyde,=,0.39,mM
142,"1,5-diamino-3-azapentane",Cinnamaldehyde,=,3,mM
142,"1,11-diamino-3,6,9-trioxaundecane",p-Bromo benzaldehyde,=,6.25,mM
142,"1,6-Hexanediamine",p-Bromo benzaldehyde,=,6.25,mM
142,"1,5-diamino-3-azapentane",p-Bromo benzaldehyde,=,3.12,mM
142,"1,6-Hexanediamine",(E)-non-2-enal,=,0.098,mM
142,"1,5-diamino-3-azapentane",(E)-non-2-enal,=,0.38,mM
142,"1,11-diamino-3,6,9-trioxaundecane","(2E)-nona-2,6-dienal",=,0.098,mM
142,"1,6-Hexanediamine","(2E)-nona-2,6-dienal",=,0.19,mM
142,"1,5-diamino-3-azapentane","(2E)-nona-2,6-dienal",=,0.19,mM
142,"1,5-diamino-3-azapentane",Citral,=,0.19,mM
142,"1,11-diamino-3,6,9-trioxaundecane",(E)-hex-2-enal,=,0.19,mM
142,"1,5-diamino-3-azapentane",(E)-hex-2-enal,=,3,mM
142,"1,5-diamino-3-azapentane",Formaldehyde,=,12.5,mM
143,"N-bis-(2-amino-ethyl)-ethane-1,2-diamine",(E)-2-Octenal,=,0.196,mM
143,"2,2-bis(2-aminoethoxy)propane",(E)-2-Octenal,=,0.098,mM
143,(Z)-[bis(2-aminoethyl)amino]-hydroxyimino-oxidoazanium,(E)-2-Octenal,=,0.098,mM
143,"1,7-Diaminoheptane",(E)-2-Octenal,=,0.049,mM
143,"2,2'-diaminodiethyl ether",(E)-2-Octenal,=,0.098,mM
143,"1,11-diamino-3,6,9-trioxaundecane",(E)-2-Octenal,=,0.098,mM
143,"1,5-diaminopentane",(E)-2-Octenal,=,0.098,mM
143,"1,4-diaminobutane",(E)-2-Octenal,=,0.098,mM
143,"1,8-diaminooctan",(E)-2-Octenal,=,0.098,mM
143,p-Phenylenediamine,(E)-2-Octenal,>,12.5,mM
143,"3,7-diazanonane-1,9-diamine",(E)-2-Octenal,=,0.196,mM
143,"(3-aminopropyl)-1,2-ethylenediamine",(E)-2-Octenal,=,0.39,mM
143,"1,3-bis(aminomethyl)cyclohexane",(E)-2-Octenal,=,0.39,mM
143,1.9-diaminononane,(E)-2-Octenal,=,0.098,mM
143,"2,2'-(ethylenedioxy)bis(ethylamine)",(E)-2-Octenal,=,0.049,mM
143,"N'-(2-aminoethyl)-N'-methylethane-1,2-diamine",(E)-2-Octenal,=,0.049,mM
143,"1,5-diamino-3-azapentane",(E)-2-Octenal,=,0.38,mM
143,Bis(3-aminopropyl)amine,(E)-2-Octenal,=,0.75,mM
143,Spermine,(E)-2-Octenal,=,0.75,mM
143,"1,11-diamino-3,6,9-trioxaundecane",1H-Imidazole-2-carboxaldehyde,=,0.39,mM
143,"1,6-Hexanediamine",1H-Imidazole-2-carboxaldehyde,=,3.12,mM
143,"1,5-diamino-3-azapentane",1H-Imidazole-2-carboxaldehyde,=,0.78,mM
143,"1,11-diamino-3,6,9-trioxaundecane",4-Ethynylbenzaldehyde,=,3.12,mM
143,"1,5-diamino-3-azapentane",4-Ethynylbenzaldehyde,>,12.5,mM
143,"1,11-diamino-3,6,9-trioxaundecane","3,4-Dihydroxybenzaldehyde",=,6.25,mM
143,"1,6-Hexanediamine","3,4-Dihydroxybenzaldehyde",=,6.25,mM
143,"1,11-diamino-3,6,9-trioxaundecane",(E)-Dec-2-enal,=,0.024,mM
143,"1,5-diamino-3-azapentane",(E)-Dec-2-enal,=,1.5,mM
143,"N-bis-(2-amino-ethyl)-ethane-1,2-diamine","2,6-Dimethyl-5-heptenal",=,3.12,mM
143,"2,2-bis(2-aminoethoxy)propane","2,6-Dimethyl-5-heptenal",>,12.5,mM
143,(Z)-[bis(2-aminoethyl)amino]-hydroxyimino-oxidoazanium,"2,6-Dimethyl-5-heptenal",=,6.25,mM
143,cystamine dihydrochloride,"2,6-Dimethyl-5-heptenal",=,6.25,mM
143,"1,7-Diaminoheptane","2,6-Dimethyl-5-heptenal",=,3.12,mM
143,"2,2'-diaminodiethyl ether","2,6-Dimethyl-5-heptenal",>,12.5,mM
143,"1,11-diamino-3,6,9-trioxaundecane","2,6-Dimethyl-5-heptenal",=,12.5,mM
143,"1,5-diaminopentane","2,6-Dimethyl-5-heptenal",=,6.25,mM
143,"2,5-Bis(aminomethyl)furan","2,6-Dimethyl-5-heptenal",=,6.25,mM
143,"1,8-diaminooctan","2,6-Dimethyl-5-heptenal",=,1.56,mM
143,p-Phenylenediamine,"2,6-Dimethyl-5-heptenal",=,1.56,mM
143,"3,7-diazanonane-1,9-diamine","2,6-Dimethyl-5-heptenal",=,6.25,mM
143,"(3-aminopropyl)-1,2-ethylenediamine","2,6-Dimethyl-5-heptenal",=,12.5,mM
143,1.9-diaminononane,"2,6-Dimethyl-5-heptenal",=,1.56,mM
143,"2,2'-(ethylenedioxy)bis(ethylamine)","2,6-Dimethyl-5-heptenal",=,3.12,mM
143,"2,2',2''-triaminotriethylamine","2,6-Dimethyl-5-heptenal",=,3.12,mM
143,"N'-(2-aminoethyl)-N'-methylethane-1,2-diamine","2,6-Dimethyl-5-heptenal",>,12.5,mM
143,Spermidine,"2,6-Dimethyl-5-heptenal",=,6.25,mM
143,Bis(3-aminopropyl)amine,"2,6-Dimethyl-5-heptenal",=,3.12,mM
143,Spermine,"2,6-Dimethyl-5-heptenal",=,6.25,mM
143,"1,11-diamino-3,6,9-trioxaundecane",4-Nitrobenzaldehyde,=,1.56,mM
143,"1,6-Hexanediamine",4-Nitrobenzaldehyde,=,3.12,mM
143,"1,5-diamino-3-azapentane",4-Nitrobenzaldehyde,=,3.12,mM
143,"1,11-diamino-3,6,9-trioxaundecane",Hexanal,=,0.39,mM
143,"1,5-diamino-3-azapentane",Hexanal,=,0.78,mM
143,"1,11-diamino-3,6,9-trioxaundecane",Vanillin,=,12.5,mM
143,"1,5-diamino-3-azapentane",Vanillin,=,1.5,mM
143,"1,11-diamino-3,6,9-trioxaundecane",Octyl aldehyde,=,0.024,mM
143,"1,6-Hexanediamine",Octyl aldehyde,=,0.098,mM
143,"1,5-diamino-3-azapentane",Octyl aldehyde,=,0.39,mM
143,"1,6-Hexanediamine",Nonyl aldehyde,=,0.19,mM
143,"1,5-diamino-3-azapentane",Nonyl aldehyde,=,0.098,mM
143,"2,2-bis(2-aminoethoxy)propane",Trans-2-pentenal,=,1.56,mM
143,(Z)-[bis(2-aminoethyl)amino]-hydroxyimino-oxidoazanium,Trans-2-pentenal,=,0.39,mM
143,"1,7-Diaminoheptane",Trans-2-pentenal,=,0.39,mM
143,"2,2'-diaminodiethyl ether",Trans-2-pentenal,=,3.12,mM
143,"1,11-diamino-3,6,9-trioxaundecane",Trans-2-pentenal,=,3.12,mM
143,"1,5-diaminopentane",Trans-2-pentenal,=,1.56,mM
143,"1,4-diaminobutane",Trans-2-pentenal,=,0.19,mM
143,"1,8-diaminooctan",Trans-2-pentenal,=,0.39,mM
143,"3,7-diazanonane-1,9-diamine",Trans-2-pentenal,=,6.25,mM
143,"(3-aminopropyl)-1,2-ethylenediamine",Trans-2-pentenal,=,6.25,mM
143,"1,6-Hexanediamine",Trans-2-pentenal,=,0.19,mM
143,"1,3-bis(aminomethyl)cyclohexane",Trans-2-pentenal,=,1.56,mM
143,"2,2'-(ethylenedioxy)bis(ethylamine)",Trans-2-pentenal,=,3.12,mM
143,"N'-(2-aminoethyl)-N'-methylethane-1,2-diamine",Trans-2-pentenal,=,0.78,mM
143,"1,5-diamino-3-azapentane",Trans-2-pentenal,=,6.25,mM
143,Bis(3-aminopropyl)amine,Trans-2-pentenal,=,0.39,mM
143,"3,3'-Diamino-N-methyldipropylamine",Trans-2-pentenal,=,3.12,mM
143,"1,6-Hexanediamine",citronellal,=,0.048,mM
143,"1,6-Hexanediamine",2-Pyridinecarboxaldehyde,=,3.12,mM
143,"1,5-diamino-3-azapentane",2-Pyridinecarboxaldehyde,=,12.5,mM
143,"1,11-diamino-3,6,9-trioxaundecane",(E)-hept-2-enal,=,0.049,mM
143,"1,6-Hexanediamine",(E)-hept-2-enal,=,0.048,mM
143,"1,5-diamino-3-azapentane",(E)-hept-2-enal,=,1.5,mM
143,"1,11-diamino-3,6,9-trioxaundecane","(2E,4E)-deca-2,4-dienal",=,0.049,mM
143,"1,6-Hexanediamine","(2E,4E)-deca-2,4-dienal",=,0.19,mM
143,"1,5-diamino-3-azapentane","(2E,4E)-deca-2,4-dienal",=,0.75,mM
143,"1,11-diamino-3,6,9-trioxaundecane",Cinnamaldehyde,=,0.19,mM
143,"1,6-Hexanediamine",Cinnamaldehyde,=,0.39,mM
143,"1,5-diamino-3-azapentane",Cinnamaldehyde,=,3,mM
143,"1,11-diamino-3,6,9-trioxaundecane",p-Bromo benzaldehyde,=,6.25,mM
143,"1,11-diamino-3,6,9-trioxaundecane",(E)-non-2-enal,=,0.048,mM
143,"1,6-Hexanediamine",(E)-non-2-enal,=,0.098,mM
143,"1,5-diamino-3-azapentane",(E)-non-2-enal,=,0.38,mM
143,"1,11-diamino-3,6,9-trioxaundecane","(2E)-nona-2,6-dienal",=,0.098,mM
143,"1,6-Hexanediamine","(2E)-nona-2,6-dienal",=,0.19,mM
143,"1,5-diamino-3-azapentane","(2E)-nona-2,6-dienal",=,0.19,mM
143,"1,11-diamino-3,6,9-trioxaundecane",Citral,=,0.098,mM
143,"1,5-diamino-3-azapentane",Citral,=,0.19,mM
143,"1,11-diamino-3,6,9-trioxaundecane",(E)-hex-2-enal,=,0.19,mM
143,"1,6-Hexanediamine",(E)-hex-2-enal,=,0.39,mM
144,"N-bis-(2-amino-ethyl)-ethane-1,2-diamine",(E)-2-Octenal,=,0.196,mM
144,"2,2-bis(2-aminoethoxy)propane",(E)-2-Octenal,=,0.098,mM
144,"1,7-Diaminoheptane",(E)-2-Octenal,=,0.049,mM
144,"2,2'-diaminodiethyl ether",(E)-2-Octenal,=,0.098,mM
144,"1,11-diamino-3,6,9-trioxaundecane",(E)-2-Octenal,=,0.098,mM
144,"1,5-diaminopentane",(E)-2-Octenal,=,0.098,mM
144,"1,4-diaminobutane",(E)-2-Octenal,=,0.098,mM
144,"1,8-diaminooctan",(E)-2-Octenal,=,0.098,mM
144,p-Phenylenediamine,(E)-2-Octenal,>,12.5,mM
144,Polyethylenimine linear,(E)-2-Octenal,=,0.38,mM
144,"3,7-diazanonane-1,9-diamine",(E)-2-Octenal,=,0.196,mM
144,"(3-aminopropyl)-1,2-ethylenediamine",(E)-2-Octenal,=,0.39,mM
144,"1,3-bis(aminomethyl)cyclohexane",(E)-2-Octenal,=,0.39,mM
144,1.9-diaminononane,(E)-2-Octenal,=,0.098,mM
144,"2,2'-(ethylenedioxy)bis(ethylamine)",(E)-2-Octenal,=,0.049,mM
144,"2,2',2''-triaminotriethylamine",(E)-2-Octenal,=,0.098,mM
144,"N'-(2-aminoethyl)-N'-methylethane-1,2-diamine",(E)-2-Octenal,=,0.049,mM
144,"1,5-diamino-3-azapentane",(E)-2-Octenal,=,0.38,mM
144,Bis(3-aminopropyl)amine,(E)-2-Octenal,=,0.75,mM
144,"3,3'-Diamino-N-methyldipropylamine",(E)-2-Octenal,=,0.098,mM
144,Spermine,(E)-2-Octenal,=,0.75,mM
144,"1,11-diamino-3,6,9-trioxaundecane",1H-Imidazole-2-carboxaldehyde,=,0.39,mM
144,"1,6-Hexanediamine",1H-Imidazole-2-carboxaldehyde,=,3.12,mM
144,"1,5-diamino-3-azapentane",1H-Imidazole-2-carboxaldehyde,=,0.78,mM
144,"1,11-diamino-3,6,9-trioxaundecane",4-Ethynylbenzaldehyde,=,3.12,mM
144,"1,5-diamino-3-azapentane",4-Ethynylbenzaldehyde,>,12.5,mM
144,"1,6-Hexanediamine",(E)-Dec-2-enal,=,0.098,mM
144,"1,5-diamino-3-azapentane",(E)-Dec-2-enal,=,1.5,mM
144,"2,2-bis(2-aminoethoxy)propane","2,6-Dimethyl-5-heptenal",>,12.5,mM
144,(Z)-[bis(2-aminoethyl)amino]-hydroxyimino-oxidoazanium,"2,6-Dimethyl-5-heptenal",=,6.25,mM
144,cystamine dihydrochloride,"2,6-Dimethyl-5-heptenal",=,6.25,mM
144,"1,7-Diaminoheptane","2,6-Dimethyl-5-heptenal",=,3.12,mM
144,"2,2'-diaminodiethyl ether","2,6-Dimethyl-5-heptenal",>,12.5,mM
144,"1,11-diamino-3,6,9-trioxaundecane","2,6-Dimethyl-5-heptenal",=,12.5,mM
144,"1,5-diaminopentane","2,6-Dimethyl-5-heptenal",=,6.25,mM
144,"2,5-Bis(aminomethyl)furan","2,6-Dimethyl-5-heptenal",=,6.25,mM
144,"1,8-diaminooctan","2,6-Dimethyl-5-heptenal",=,1.56,mM
144,p-Phenylenediamine,"2,6-Dimethyl-5-heptenal",=,1.56,mM
144,"1,3-di(aminomethyl)benzene","2,6-Dimethyl-5-heptenal",=,12.5,mM
144,"1,3-bis(aminomethyl)cyclohexane","2,6-Dimethyl-5-heptenal",=,12.5,mM
144,1.9-diaminononane,"2,6-Dimethyl-5-heptenal",=,1.56,mM
144,"2,2'-(ethylenedioxy)bis(ethylamine)","2,6-Dimethyl-5-heptenal",=,3.12,mM
144,"N'-(2-aminoethyl)-N'-methylethane-1,2-diamine","2,6-Dimethyl-5-heptenal",>,12.5,mM
144,"1,5-diamino-3-azapentane","2,6-Dimethyl-5-heptenal",=,6.25,mM
144,Bis(3-aminopropyl)amine,"2,6-Dimethyl-5-heptenal",=,3.12,mM
144,"3,3'-Diamino-N-methyldipropylamine","2,6-Dimethyl-5-heptenal",=,12.5,mM
144,"1,11-diamino-3,6,9-trioxaundecane",4-Nitrobenzaldehyde,=,1.56,mM
144,"1,6-Hexanediamine",4-Nitrobenzaldehyde,=,3.12,mM
144,"1,5-diamino-3-azapentane",4-Nitrobenzaldehyde,=,3.12,mM
144,"1,11-diamino-3,6,9-trioxaundecane",Hexanal,=,0.39,mM
144,"1,6-Hexanediamine",Hexanal,=,0.048,mM
144,"1,5-diamino-3-azapentane",Hexanal,=,0.78,mM
144,"1,11-diamino-3,6,9-trioxaundecane",Vanillin,=,12.5,mM
144,"1,6-Hexanediamine",Vanillin,=,6.25,mM
144,"1,5-diamino-3-azapentane",Vanillin,=,1.5,mM
144,"1,11-diamino-3,6,9-trioxaundecane",Octyl aldehyde,=,0.024,mM
144,"1,6-Hexanediamine",Octyl aldehyde,=,0.098,mM
144,"1,6-Hexanediamine",Nonyl aldehyde,=,0.19,mM
144,"1,5-diamino-3-azapentane",Nonyl aldehyde,=,0.098,mM
144,(Z)-[bis(2-aminoethyl)amino]-hydroxyimino-oxidoazanium,Trans-2-pentenal,=,0.39,mM
144,"1,7-Diaminoheptane",Trans-2-pentenal,=,0.39,mM
144,"1,5-diaminopentane",Trans-2-pentenal,=,1.56,mM
144,"1,4-diaminobutane",Trans-2-pentenal,=,0.19,mM
144,"1,8-diaminooctan",Trans-2-pentenal,=,0.39,mM
144,p-Phenylenediamine,Trans-2-pentenal,>,12.5,mM
144,"3,7-diazanonane-1,9-diamine",Trans-2-pentenal,=,6.25,mM
144,"(3-aminopropyl)-1,2-ethylenediamine",Trans-2-pentenal,=,6.25,mM
144,"1,6-Hexanediamine",Trans-2-pentenal,=,0.19,mM
144,"1,3-bis(aminomethyl)cyclohexane",Trans-2-pentenal,=,1.56,mM
144,1.9-diaminononane,Trans-2-pentenal,=,0.098,mM
144,"N'-(2-aminoethyl)-N'-methylethane-1,2-diamine",Trans-2-pentenal,=,0.78,mM
144,"1,5-diamino-3-azapentane",Trans-2-pentenal,=,6.25,mM
144,Bis(3-aminopropyl)amine,Trans-2-pentenal,=,0.39,mM
144,"3,3'-Diamino-N-methyldipropylamine",Trans-2-pentenal,=,3.12,mM
144,"1,11-diamino-3,6,9-trioxaundecane",citronellal,=,0.0061,mM
144,"1,6-Hexanediamine",citronellal,=,0.048,mM
144,"1,5-diamino-3-azapentane",citronellal,=,1.56,mM
144,"1,6-Hexanediamine",2-Pyridinecarboxaldehyde,=,3.12,mM
144,"1,6-Hexanediamine",(E)-hept-2-enal,=,0.048,mM
144,"1,5-diamino-3-azapentane",(E)-hept-2-enal,=,1.5,mM
144,"1,6-Hexanediamine","(2E,4E)-deca-2,4-dienal",=,0.19,mM
144,"1,11-diamino-3,6,9-trioxaundecane",Cinnamaldehyde,=,0.19,mM
144,"1,6-Hexanediamine",Cinnamaldehyde,=,0.39,mM
144,"1,5-diamino-3-azapentane",Cinnamaldehyde,=,3,mM
144,"1,11-diamino-3,6,9-trioxaundecane",p-Bromo benzaldehyde,=,6.25,mM
144,"1,6-Hexanediamine",p-Bromo benzaldehyde,=,6.25,mM
144,"1,5-diamino-3-azapentane",p-Bromo benzaldehyde,=,3.12,mM
144,"1,11-diamino-3,6,9-trioxaundecane",(E)-non-2-enal,=,0.048,mM
144,"1,6-Hexanediamine",(E)-non-2-enal,=,0.098,mM
144,"1,5-diamino-3-azapentane",(E)-non-2-enal,=,0.38,mM
144,"1,11-diamino-3,6,9-trioxaundecane","(2E)-nona-2,6-dienal",=,0.098,mM
144,"1,6-Hexanediamine","(2E)-nona-2,6-dienal",=,0.19,mM
144,"1,5-diamino-3-azapentane","(2E)-nona-2,6-dienal",=,0.19,mM
144,"1,11-diamino-3,6,9-trioxaundecane",Citral,=,0.098,mM
144,"1,6-Hexanediamine",Citral,=,0.19,mM
144,"1,5-diamino-3-azapentane",Citral,=,0.19,mM
144,"1,6-Hexanediamine",(E)-hex-2-enal,=,0.39,mM
144,"1,5-diamino-3-azapentane",(E)-hex-2-enal,=,3,mM
144,"1,11-diamino-3,6,9-trioxaundecane",Formaldehyde,=,3.12,mM
144,"1,5-diamino-3-azapentane",Formaldehyde,=,12.5,mM
145,"N-bis-(2-amino-ethyl)-ethane-1,2-diamine",(E)-2-Octenal,=,0.196,mM
145,"2,2-bis(2-aminoethoxy)propane",(E)-2-Octenal,=,0.098,mM
145,(Z)-[bis(2-aminoethyl)amino]-hydroxyimino-oxidoazanium,(E)-2-Octenal,=,0.098,mM
145,"1,7-Diaminoheptane",(E)-2-Octenal,=,0.049,mM
145,"2,2'-diaminodiethyl ether",(E)-2-Octenal,=,0.098,mM
145,"1,11-diamino-3,6,9-trioxaundecane",(E)-2-Octenal,=,0.098,mM
145,"1,5-diaminopentane",(E)-2-Octenal,=,0.098,mM
145,"1,8-diaminooctan",(E)-2-Octenal,=,0.098,mM
145,p-Phenylenediamine,(E)-2-Octenal,>,12.5,mM
145,Polyethylenimine linear,(E)-2-Octenal,=,0.38,mM
145,"3,7-diazanonane-1,9-diamine",(E)-2-Octenal,=,0.196,mM
145,"(3-aminopropyl)-1,2-ethylenediamine",(E)-2-Octenal,=,0.39,mM
145,"1,6-Hexanediamine",(E)-2-Octenal,=,0.098,mM
145,"1,3-bis(aminomethyl)cyclohexane",(E)-2-Octenal,=,0.39,mM
145,1.9-diaminononane,(E)-2-Octenal,=,0.098,mM
145,"2,2',2''-triaminotriethylamine",(E)-2-Octenal,=,0.098,mM
145,"N'-(2-aminoethyl)-N'-methylethane-1,2-diamine",(E)-2-Octenal,=,0.049,mM
145,"1,5-diamino-3-azapentane",(E)-2-Octenal,=,0.38,mM
145,Bis(3-aminopropyl)amine,(E)-2-Octenal,=,0.75,mM
145,"3,3'-Diamino-N-methyldipropylamine",(E)-2-Octenal,=,0.098,mM
145,Spermine,(E)-2-Octenal,=,0.75,mM
145,"1,11-diamino-3,6,9-trioxaundecane",1H-Imidazole-2-carboxaldehyde,=,0.39,mM
145,"1,6-Hexanediamine",1H-Imidazole-2-carboxaldehyde,=,3.12,mM
145,"1,5-diamino-3-azapentane",1H-Imidazole-2-carboxaldehyde,=,0.78,mM
145,"1,11-diamino-3,6,9-trioxaundecane",4-Ethynylbenzaldehyde,=,3.12,mM
145,"1,11-diamino-3,6,9-trioxaundecane","3,4-Dihydroxybenzaldehyde",=,6.25,mM
145,"1,6-Hexanediamine","3,4-Dihydroxybenzaldehyde",=,6.25,mM
145,"1,11-diamino-3,6,9-trioxaundecane",(E)-Dec-2-enal,=,0.024,mM
145,"1,5-diamino-3-azapentane",(E)-Dec-2-enal,=,1.5,mM
145,"N-bis-(2-amino-ethyl)-ethane-1,2-diamine","2,6-Dimethyl-5-heptenal",=,3.12,mM
145,"1,7-Diaminoheptane","2,6-Dimethyl-5-heptenal",=,3.12,mM
145,"2,2'-diaminodiethyl ether","2,6-Dimethyl-5-heptenal",>,12.5,mM
145,"1,11-diamino-3,6,9-trioxaundecane","2,6-Dimethyl-5-heptenal",=,12.5,mM
145,"1,5-diaminopentane","2,6-Dimethyl-5-heptenal",=,6.25,mM
145,"1,4-diaminobutane","2,6-Dimethyl-5-heptenal",=,3.12,mM
145,"1,8-diaminooctan","2,6-Dimethyl-5-heptenal",=,1.56,mM
145,p-Phenylenediamine,"2,6-Dimethyl-5-heptenal",=,1.56,mM
145,"3,7-diazanonane-1,9-diamine","2,6-Dimethyl-5-heptenal",=,6.25,mM
145,"(3-aminopropyl)-1,2-ethylenediamine","2,6-Dimethyl-5-heptenal",=,12.5,mM
145,"1,6-Hexanediamine","2,6-Dimethyl-5-heptenal",=,6.25,mM
145,"1,3-di(aminomethyl)benzene","2,6-Dimethyl-5-heptenal",=,12.5,mM
145,"1,3-bis(aminomethyl)cyclohexane","2,6-Dimethyl-5-heptenal",=,12.5,mM
145,"2,2'-(ethylenedioxy)bis(ethylamine)","2,6-Dimethyl-5-heptenal",=,3.12,mM
145,"2,2',2''-triaminotriethylamine","2,6-Dimethyl-5-heptenal",=,3.12,mM
145,"N'-(2-aminoethyl)-N'-methylethane-1,2-diamine","2,6-Dimethyl-5-heptenal",>,12.5,mM
145,Spermidine,"2,6-Dimethyl-5-heptenal",=,6.25,mM
145,"1,5-diamino-3-azapentane","2,6-Dimethyl-5-heptenal",=,6.25,mM
145,Bis(3-aminopropyl)amine,"2,6-Dimethyl-5-heptenal",=,3.12,mM
145,"3,3'-Diamino-N-methyldipropylamine","2,6-Dimethyl-5-heptenal",=,12.5,mM
145,Spermine,"2,6-Dimethyl-5-heptenal",=,6.25,mM
145,"1,11-diamino-3,6,9-trioxaundecane",4-Nitrobenzaldehyde,=,1.56,mM
145,"1,6-Hexanediamine",4-Nitrobenzaldehyde,=,3.12,mM
145,"1,5-diamino-3-azapentane",4-Nitrobenzaldehyde,=,3.12,mM
145,"1,6-Hexanediamine",Hexanal,=,0.048,mM
145,"1,5-diamino-3-azapentane",Hexanal,=,0.78,mM
145,"1,11-diamino-3,6,9-trioxaundecane",Vanillin,=,12.5,mM
145,"1,6-Hexanediamine",Vanillin,=,6.25,mM
145,"1,6-Hexanediamine",Octyl aldehyde,=,0.098,mM
145,"1,5-diamino-3-azapentane",Octyl aldehyde,=,0.39,mM
145,"1,5-diamino-3-azapentane",Nonyl aldehyde,=,0.098,mM
145,"N-bis-(2-amino-ethyl)-ethane-1,2-diamine",Trans-2-pentenal,=,6.25,mM
145,"2,2-bis(2-aminoethoxy)propane",Trans-2-pentenal,=,1.56,mM
145,(Z)-[bis(2-aminoethyl)amino]-hydroxyimino-oxidoazanium,Trans-2-pentenal,=,0.39,mM
145,"1,7-Diaminoheptane",Trans-2-pentenal,=,0.39,mM
145,"2,2'-diaminodiethyl ether",Trans-2-pentenal,=,3.12,mM
145,"1,11-diamino-3,6,9-trioxaundecane",Trans-2-pentenal,=,3.12,mM
145,"1,4-diaminobutane",Trans-2-pentenal,=,0.19,mM
145,"1,8-diaminooctan",Trans-2-pentenal,=,0.39,mM
145,"3,7-diazanonane-1,9-diamine",Trans-2-pentenal,=,6.25,mM
145,"(3-aminopropyl)-1,2-ethylenediamine",Trans-2-pentenal,=,6.25,mM
145,"1,6-Hexanediamine",Trans-2-pentenal,=,0.19,mM
145,"1,3-bis(aminomethyl)cyclohexane",Trans-2-pentenal,=,1.56,mM
145,1.9-diaminononane,Trans-2-pentenal,=,0.098,mM
145,"N'-(2-aminoethyl)-N'-methylethane-1,2-diamine",Trans-2-pentenal,=,0.78,mM
145,"1,5-diamino-3-azapentane",Trans-2-pentenal,=,6.25,mM
145,Bis(3-aminopropyl)amine,Trans-2-pentenal,=,0.39,mM
145,"3,3'-Diamino-N-methyldipropylamine",Trans-2-pentenal,=,3.12,mM
145,"1,6-Hexanediamine",citronellal,=,0.048,mM
145,"1,5-diamino-3-azapentane",citronellal,=,1.56,mM
145,"1,5-diamino-3-azapentane",2-Pyridinecarboxaldehyde,=,12.5,mM
145,"1,11-diamino-3,6,9-trioxaundecane",(E)-hept-2-enal,=,0.049,mM
145,"1,6-Hexanediamine",(E)-hept-2-enal,=,0.048,mM
145,"1,5-diamino-3-azapentane",(E)-hept-2-enal,=,1.5,mM
145,"1,11-diamino-3,6,9-trioxaundecane","(2E,4E)-deca-2,4-dienal",=,0.049,mM
145,"1,6-Hexanediamine","(2E,4E)-deca-2,4-dienal",=,0.19,mM
145,"1,5-diamino-3-azapentane","(2E,4E)-deca-2,4-dienal",=,0.75,mM
145,"1,6-Hexanediamine",Cinnamaldehyde,=,0.39,mM
145,"1,5-diamino-3-azapentane",Cinnamaldehyde,=,3,mM
145,"1,11-diamino-3,6,9-trioxaundecane",p-Bromo benzaldehyde,=,6.25,mM
145,"1,6-Hexanediamine",p-Bromo benzaldehyde,=,6.25,mM
145,"1,11-diamino-3,6,9-trioxaundecane",(E)-non-2-enal,=,0.048,mM
145,"1,6-Hexanediamine",(E)-non-2-enal,=,0.098,mM
145,"1,5-diamino-3-azapentane",(E)-non-2-enal,=,0.38,mM
145,"1,11-diamino-3,6,9-trioxaundecane","(2E)-nona-2,6-dienal",=,0.098,mM
145,"1,6-Hexanediamine","(2E)-nona-2,6-dienal",=,0.19,mM
145,"1,11-diamino-3,6,9-trioxaundecane",Citral,=,0.098,mM
145,"1,5-diamino-3-azapentane",Citral,=,0.19,mM
145,"1,11-diamino-3,6,9-trioxaundecane",(E)-hex-2-enal,=,0.19,mM
145,"1,11-diamino-3,6,9-trioxaundecane",Formaldehyde,=,3.12,mM
145,"1,5-diamino-3-azapentane",Formaldehyde,=,12.5,mM
146,"N-bis-(2-amino-ethyl)-ethane-1,2-diamine",(E)-2-Octenal,=,0.196,mM
146,(Z)-[bis(2-aminoethyl)amino]-hydroxyimino-oxidoazanium,(E)-2-Octenal,=,0.098,mM
146,"1,7-Diaminoheptane",(E)-2-Octenal,=,0.049,mM
146,"2,2'-diaminodiethyl ether",(E)-2-Octenal,=,0.098,mM
146,"1,5-diaminopentane",(E)-2-Octenal,=,0.098,mM
146,"1,4-diaminobutane",(E)-2-Octenal,=,0.098,mM
146,"1,8-diaminooctan",(E)-2-Octenal,=,0.098,mM
146,p-Phenylenediamine,(E)-2-Octenal,>,12.5,mM
146,Polyethylenimine linear,(E)-2-Octenal,=,0.38,mM
146,"3,7-diazanonane-1,9-diamine",(E)-2-Octenal,=,0.196,mM
146,"(3-aminopropyl)-1,2-ethylenediamine",(E)-2-Octenal,=,0.39,mM
146,"1,6-Hexanediamine",(E)-2-Octenal,=,0.098,mM
146,"1,3-bis(aminomethyl)cyclohexane",(E)-2-Octenal,=,0.39,mM
146,"2,2'-(ethylenedioxy)bis(ethylamine)",(E)-2-Octenal,=,0.049,mM
146,"N'-(2-aminoethyl)-N'-methylethane-1,2-diamine",(E)-2-Octenal,=,0.049,mM
146,"1,5-diamino-3-azapentane",(E)-2-Octenal,=,0.38,mM
146,Bis(3-aminopropyl)amine,(E)-2-Octenal,=,0.75,mM
146,"3,3'-Diamino-N-methyldipropylamine",(E)-2-Octenal,=,0.098,mM
146,Spermine,(E)-2-Octenal,=,0.75,mM
146,"1,11-diamino-3,6,9-trioxaundecane",1H-Imidazole-2-carboxaldehyde,=,0.39,mM
146,"1,6-Hexanediamine",1H-Imidazole-2-carboxaldehyde,=,3.12,mM
146,"1,11-diamino-3,6,9-trioxaundecane",4-Ethynylbenzaldehyde,=,3.12,mM
146,"1,5-diamino-3-azapentane",4-Ethynylbenzaldehyde,>,12.5,mM
146,"1,11-diamino-3,6,9-trioxaundecane","3,4-Dihydroxybenzaldehyde",=,6.25,mM
146,"1,6-Hexanediamine","3,4-Dihydroxybenzaldehyde",=,6.25,mM
146,"1,11-diamino-3,6,9-trioxaundecane",(E)-Dec-2-enal,=,0.024,mM
146,"1,6-Hexanediamine",(E)-Dec-2-enal,=,0.098,mM
146,"1,5-diamino-3-azapentane",(E)-Dec-2-enal,=,1.5,mM
146,"N-bis-(2-amino-ethyl)-ethane-1,2-diamine","2,6-Dimethyl-5-heptenal",=,3.12,mM
146,"2,2-bis(2-aminoethoxy)propane","2,6-Dimethyl-5-heptenal",>,12.5,mM
146,(Z)-[bis(2-aminoethyl)amino]-hydroxyimino-oxidoazanium,"2,6-Dimethyl-5-heptenal",=,6.25,mM
146,cystamine dihydrochloride,"2,6-Dimethyl-5-heptenal",=,6.25,mM
146,"1,7-Diaminoheptane","2,6-Dimethyl-5-heptenal",=,3.12,mM
146,"1,5-diaminopentane","2,6-Dimethyl-5-heptenal",=,6.25,mM
146,"1,4-diaminobutane","2,6-Dimethyl-5-heptenal",=,3.12,mM
146,"2,5-Bis(aminomethyl)furan","2,6-Dimethyl-5-heptenal",=,6.25,mM
146,"1,8-diaminooctan","2,6-Dimethyl-5-heptenal",=,1.56,mM
146,p-Phenylenediamine,"2,6-Dimethyl-5-heptenal",=,1.56,mM
146,"3,7-diazanonane-1,9-diamine","2,6-Dimethyl-5-heptenal",=,6.25,mM
146,"(3-aminopropyl)-1,2-ethylenediamine","2,6-Dimethyl-5-heptenal",=,12.5,mM
146,"1,6-Hexanediamine","2,6-Dimethyl-5-heptenal",=,6.25,mM
146,1.9-diaminononane,"2,6-Dimethyl-5-heptenal",=,1.56,mM
146,"2,2'-(ethylenedioxy)bis(ethylamine)","2,6-Dimethyl-5-heptenal",=,3.12,mM
146,"N'-(2-aminoethyl)-N'-methylethane-1,2-diamine","2,6-Dimethyl-5-heptenal",>,12.5,mM
146,Spermidine,"2,6-Dimethyl-5-heptenal",=,6.25,mM
146,"1,5-diamino-3-azapentane","2,6-Dimethyl-5-heptenal",=,6.25,mM
146,"3,3'-Diamino-N-methyldipropylamine","2,6-Dimethyl-5-heptenal",=,12.5,mM
146,Spermine,"2,6-Dimethyl-5-heptenal",=,6.25,mM
146,"1,11-diamino-3,6,9-trioxaundecane",4-Nitrobenzaldehyde,=,1.56,mM
146,"1,5-diamino-3-azapentane",4-Nitrobenzaldehyde,=,3.12,mM
146,"1,6-Hexanediamine",Hexanal,=,0.048,mM
146,"1,11-diamino-3,6,9-trioxaundecane",Vanillin,=,12.5,mM
146,"1,6-Hexanediamine",Vanillin,=,6.25,mM
146,"1,5-diamino-3-azapentane",Vanillin,=,1.5,mM
146,"1,11-diamino-3,6,9-trioxaundecane",Octyl aldehyde,=,0.024,mM
146,"1,6-Hexanediamine",Octyl aldehyde,=,0.098,mM
146,"1,5-diamino-3-azapentane",Octyl aldehyde,=,0.39,mM
146,"1,6-Hexanediamine",Nonyl aldehyde,=,0.19,mM
146,"1,5-diamino-3-azapentane",Nonyl aldehyde,=,0.098,mM
146,"N-bis-(2-amino-ethyl)-ethane-1,2-diamine",Trans-2-pentenal,=,6.25,mM
146,"2,2-bis(2-aminoethoxy)propane",Trans-2-pentenal,=,1.56,mM
146,(Z)-[bis(2-aminoethyl)amino]-hydroxyimino-oxidoazanium,Trans-2-pentenal,=,0.39,mM
146,"1,11-diamino-3,6,9-trioxaundecane",Trans-2-pentenal,=,3.12,mM
146,"1,5-diaminopentane",Trans-2-pentenal,=,1.56,mM
146,"1,4-diaminobutane",Trans-2-pentenal,=,0.19,mM
146,"1,8-diaminooctan",Trans-2-pentenal,=,0.39,mM
146,"3,7-diazanonane-1,9-diamine",Trans-2-pentenal,=,6.25,mM
146,"1,6-Hexanediamine",Trans-2-pentenal,=,0.19,mM
146,"1,3-bis(aminomethyl)cyclohexane",Trans-2-pentenal,=,1.56,mM
146,"N'-(2-aminoethyl)-N'-methylethane-1,2-diamine",Trans-2-pentenal,=,0.78,mM
146,"1,5-diamino-3-azapentane",Trans-2-pentenal,=,6.25,mM
146,Bis(3-aminopropyl)amine,Trans-2-pentenal,=,0.39,mM
146,"3,3'-Diamino-N-methyldipropylamine",Trans-2-pentenal,=,3.12,mM
146,"1,6-Hexanediamine",citronellal,=,0.048,mM
146,"1,11-diamino-3,6,9-trioxaundecane",2-Pyridinecarboxaldehyde,=,3.12,mM
146,"1,6-Hexanediamine",2-Pyridinecarboxaldehyde,=,3.12,mM
146,"1,5-diamino-3-azapentane",2-Pyridinecarboxaldehyde,=,12.5,mM
146,"1,11-diamino-3,6,9-trioxaundecane",(E)-hept-2-enal,=,0.049,mM
146,"1,6-Hexanediamine",(E)-hept-2-enal,=,0.048,mM
146,"1,5-diamino-3-azapentane",(E)-hept-2-enal,=,1.5,mM
146,"1,11-diamino-3,6,9-trioxaundecane","(2E,4E)-deca-2,4-dienal",=,0.049,mM
146,"1,6-Hexanediamine","(2E,4E)-deca-2,4-dienal",=,0.19,mM
146,"1,5-diamino-3-azapentane","(2E,4E)-deca-2,4-dienal",=,0.75,mM
146,"1,11-diamino-3,6,9-trioxaundecane",Cinnamaldehyde,=,0.19,mM
146,"1,6-Hexanediamine",Cinnamaldehyde,=,0.39,mM
146,"1,5-diamino-3-azapentane",Cinnamaldehyde,=,3,mM
146,"1,11-diamino-3,6,9-trioxaundecane",p-Bromo benzaldehyde,=,6.25,mM
146,"1,6-Hexanediamine",p-Bromo benzaldehyde,=,6.25,mM
146,"1,5-diamino-3-azapentane",p-Bromo benzaldehyde,=,3.12,mM
146,"1,11-diamino-3,6,9-trioxaundecane",(E)-non-2-enal,=,0.048,mM
146,"1,6-Hexanediamine",(E)-non-2-enal,=,0.098,mM
146,"1,5-diamino-3-azapentane",(E)-non-2-enal,=,0.38,mM
146,"1,6-Hexanediamine","(2E)-nona-2,6-dienal",=,0.19,mM
146,"1,5-diamino-3-azapentane","(2E)-nona-2,6-dienal",=,0.19,mM
146,"1,11-diamino-3,6,9-trioxaundecane",Citral,=,0.098,mM
146,"1,6-Hexanediamine",Citral,=,0.19,mM
146,"1,5-diamino-3-azapentane",Citral,=,0.19,mM
146,"1,5-diamino-3-azapentane",(E)-hex-2-enal,=,3,mM
146,"1,11-diamino-3,6,9-trioxaundecane",Formaldehyde,=,3.12,mM
146,"1,5-diamino-3-azapentane",Formaldehyde,=,12.5,mM
147,"N-bis-(2-amino-ethyl)-ethane-1,2-diamine",(E)-2-Octenal,=,0.196,mM
147,"2,2-bis(2-aminoethoxy)propane",(E)-2-Octenal,=,0.098,mM
147,(Z)-[bis(2-aminoethyl)amino]-hydroxyimino-oxidoazanium,(E)-2-Octenal,=,0.098,mM
147,"1,7-Diaminoheptane",(E)-2-Octenal,=,0.049,mM
147,"2,2'-diaminodiethyl ether",(E)-2-Octenal,=,0.098,mM
147,"1,11-diamino-3,6,9-trioxaundecane",(E)-2-Octenal,=,0.098,mM
147,"1,5-diaminopentane",(E)-2-Octenal,=,0.098,mM
147,"1,4-diaminobutane",(E)-2-Octenal,=,0.098,mM
147,"1,8-diaminooctan",(E)-2-Octenal,=,0.098,mM
147,p-Phenylenediamine,(E)-2-Octenal,>,12.5,mM
147,Polyethylenimine linear,(E)-2-Octenal,=,0.38,mM
147,"(3-aminopropyl)-1,2-ethylenediamine",(E)-2-Octenal,=,0.39,mM
147,"1,6-Hexanediamine",(E)-2-Octenal,=,0.098,mM
147,"1,3-bis(aminomethyl)cyclohexane",(E)-2-Octenal,=,0.39,mM
147,1.9-diaminononane,(E)-2-Octenal,=,0.098,mM
147,"2,2'-(ethylenedioxy)bis(ethylamine)",(E)-2-Octenal,=,0.049,mM
147,"2,2',2''-triaminotriethylamine",(E)-2-Octenal,=,0.098,mM
147,"N'-(2-aminoethyl)-N'-methylethane-1,2-diamine",(E)-2-Octenal,=,0.049,mM
147,Bis(3-aminopropyl)amine,(E)-2-Octenal,=,0.75,mM
147,"3,3'-Diamino-N-methyldipropylamine",(E)-2-Octenal,=,0.098,mM
147,Spermine,(E)-2-Octenal,=,0.75,mM
147,"1,11-diamino-3,6,9-trioxaundecane",1H-Imidazole-2-carboxaldehyde,=,0.39,mM
147,"1,6-Hexanediamine",1H-Imidazole-2-carboxaldehyde,=,3.12,mM
147,"1,5-diamino-3-azapentane",1H-Imidazole-2-carboxaldehyde,=,0.78,mM
147,"1,11-diamino-3,6,9-trioxaundecane",4-Ethynylbenzaldehyde,=,3.12,mM
147,"1,5-diamino-3-azapentane",4-Ethynylbenzaldehyde,>,12.5,mM
147,"1,11-diamino-3,6,9-trioxaundecane",(E)-Dec-2-enal,=,0.024,mM
147,"1,6-Hexanediamine",(E)-Dec-2-enal,=,0.098,mM
147,"1,5-diamino-3-azapentane",(E)-Dec-2-enal,=,1.5,mM
147,"N-bis-(2-amino-ethyl)-ethane-1,2-diamine","2,6-Dimethyl-5-heptenal",=,3.12,mM
147,"2,2-bis(2-aminoethoxy)propane","2,6-Dimethyl-5-heptenal",>,12.5,mM
147,(Z)-[bis(2-aminoethyl)amino]-hydroxyimino-oxidoazanium,"2,6-Dimethyl-5-heptenal",=,6.25,mM
147,cystamine dihydrochloride,"2,6-Dimethyl-5-heptenal",=,6.25,mM
147,"2,2'-diaminodiethyl ether","2,6-Dimethyl-5-heptenal",>,12.5,mM
147,"1,11-diamino-3,6,9-trioxaundecane","2,6-Dimethyl-5-heptenal",=,12.5,mM
147,"1,5-diaminopentane","2,6-Dimethyl-5-heptenal",=,6.25,mM
147,"1,4-diaminobutane","2,6-Dimethyl-5-heptenal",=,3.12,mM
147,"2,5-Bis(aminomethyl)furan","2,6-Dimethyl-5-heptenal",=,6.25,mM
147,"1,8-diaminooctan","2,6-Dimethyl-5-heptenal",=,1.56,mM
147,"3,7-diazanonane-1,9-diamine","2,6-Dimethyl-5-heptenal",=,6.25,mM
147,"(3-aminopropyl)-1,2-ethylenediamine","2,6-Dimethyl-5-heptenal",=,12.5,mM
147,"1,6-Hexanediamine","2,6-Dimethyl-5-heptenal",=,6.25,mM
147,"1,3-di(aminomethyl)benzene","2,6-Dimethyl-5-heptenal",=,12.5,mM
147,1.9-diaminononane,"2,6-Dimethyl-5-heptenal",=,1.56,mM
147,"2,2'-(ethylenedioxy)bis(ethylamine)","2,6-Dimethyl-5-heptenal",=,3.12,mM
147,"2,2',2''-triaminotriethylamine","2,6-Dimethyl-5-heptenal",=,3.12,mM
147,Spermidine,"2,6-Dimethyl-5-heptenal",=,6.25,mM
147,"1,5-diamino-3-azapentane","2,6-Dimethyl-5-heptenal",=,6.25,mM
147,Bis(3-aminopropyl)amine,"2,6-Dimethyl-5-heptenal",=,3.12,mM
147,"3,3'-Diamino-N-methyldipropylamine","2,6-Dimethyl-5-heptenal",=,12.5,mM
147,Spermine,"2,6-Dimethyl-5-heptenal",=,6.25,mM
147,"1,11-diamino-3,6,9-trioxaundecane",4-Nitrobenzaldehyde,=,1.56,mM
147,"1,6-Hexanediamine",4-Nitrobenzaldehyde,=,3.12,mM
147,"1,5-diamino-3-azapentane",4-Nitrobenzaldehyde,=,3.12,mM
147,"1,11-diamino-3,6,9-trioxaundecane",Hexanal,=,0.39,mM
147,"1,6-Hexanediamine",Hexanal,=,0.048,mM
147,"1,5-diamino-3-azapentane",Vanillin,=,1.5,mM
147,"1,6-Hexanediamine",Octyl aldehyde,=,0.098,mM
147,"1,5-diamino-3-azapentane",Octyl aldehyde,=,0.39,mM
147,"1,5-diamino-3-azapentane",Nonyl aldehyde,=,0.098,mM
147,"N-bis-(2-amino-ethyl)-ethane-1,2-diamine",Trans-2-pentenal,=,6.25,mM
147,"2,2-bis(2-aminoethoxy)propane",Trans-2-pentenal,=,1.56,mM
147,(Z)-[bis(2-aminoethyl)amino]-hydroxyimino-oxidoazanium,Trans-2-pentenal,=,0.39,mM
147,"1,7-Diaminoheptane",Trans-2-pentenal,=,0.39,mM
147,"2,2'-diaminodiethyl ether",Trans-2-pentenal,=,3.12,mM
147,"1,11-diamino-3,6,9-trioxaundecane",Trans-2-pentenal,=,3.12,mM
147,"1,5-diaminopentane",Trans-2-pentenal,=,1.56,mM
147,"1,4-diaminobutane",Trans-2-pentenal,=,0.19,mM
147,"1,8-diaminooctan",Trans-2-pentenal,=,0.39,mM
147,p-Phenylenediamine,Trans-2-pentenal,>,12.5,mM
147,"3,7-diazanonane-1,9-diamine",Trans-2-pentenal,=,6.25,mM
147,"(3-aminopropyl)-1,2-ethylenediamine",Trans-2-pentenal,=,6.25,mM
147,"1,6-Hexanediamine",Trans-2-pentenal,=,0.19,mM
147,1.9-diaminononane,Trans-2-pentenal,=,0.098,mM
147,"2,2'-(ethylenedioxy)bis(ethylamine)",Trans-2-pentenal,=,3.12,mM
147,Bis(3-aminopropyl)amine,Trans-2-pentenal,=,0.39,mM
147,"3,3'-Diamino-N-methyldipropylamine",Trans-2-pentenal,=,3.12,mM
147,"1,11-diamino-3,6,9-trioxaundecane",citronellal,=,0.0061,mM
147,"1,6-Hexanediamine",citronellal,=,0.048,mM
147,"1,11-diamino-3,6,9-trioxaundecane",2-Pyridinecarboxaldehyde,=,3.12,mM
147,"1,5-diamino-3-azapentane",2-Pyridinecarboxaldehyde,=,12.5,mM
147,"1,11-diamino-3,6,9-trioxaundecane",(E)-hept-2-enal,=,0.049,mM
147,"1,6-Hexanediamine",(E)-hept-2-enal,=,0.048,mM
147,"1,6-Hexanediamine","(2E,4E)-deca-2,4-dienal",=,0.19,mM
147,"1,5-diamino-3-azapentane","(2E,4E)-deca-2,4-dienal",=,0.75,mM
147,"1,11-diamino-3,6,9-trioxaundecane",Cinnamaldehyde,=,0.19,mM
147,"1,11-diamino-3,6,9-trioxaundecane",p-Bromo benzaldehyde,=,6.25,mM
147,"1,6-Hexanediamine",(E)-non-2-enal,=,0.098,mM
147,"1,5-diamino-3-azapentane",(E)-non-2-enal,=,0.38,mM
147,"1,11-diamino-3,6,9-trioxaundecane","(2E)-nona-2,6-dienal",=,0.098,mM
147,"1,6-Hexanediamine","(2E)-nona-2,6-dienal",=,0.19,mM
147,"1,5-diamino-3-azapentane","(2E)-nona-2,6-dienal",=,0.19,mM
147,"1,11-diamino-3,6,9-trioxaundecane",Citral,=,0.098,mM
147,"1,6-Hexanediamine",Citral,=,0.19,mM
147,"1,5-diamino-3-azapentane",Citral,=,0.19,mM
147,"1,11-diamino-3,6,9-trioxaundecane",(E)-hex-2-enal,=,0.19,mM
147,"1,6-Hexanediamine",(E)-hex-2-enal,=,0.39,mM
147,"1,5-diamino-3-azapentane",(E)-hex-2-enal,=,3,mM
147,"1,11-diamino-3,6,9-trioxaundecane",Formaldehyde,=,3.12,mM
147,"1,5-diamino-3-azapentane",Formaldehyde,=,12.5,mM
148,"N-bis-(2-amino-ethyl)-ethane-1,2-diamine",(E)-2-Octenal,=,0.196,mM
148,"2,2-bis(2-aminoethoxy)propane",(E)-2-Octenal,=,0.098,mM
148,(Z)-[bis(2-aminoethyl)amino]-hydroxyimino-oxidoazanium,(E)-2-Octenal,=,0.098,mM
148,"1,7-Diaminoheptane",(E)-2-Octenal,=,0.049,mM
148,"1,11-diamino-3,6,9-trioxaundecane",(E)-2-Octenal,=,0.098,mM
148,"1,5-diaminopentane",(E)-2-Octenal,=,0.098,mM
148,"1,4-diaminobutane",(E)-2-Octenal,=,0.098,mM
148,"1,8-diaminooctan",(E)-2-Octenal,=,0.098,mM
148,p-Phenylenediamine,(E)-2-Octenal,>,12.5,mM
148,Polyethylenimine linear,(E)-2-Octenal,=,0.38,mM
148,"3,7-diazanonane-1,9-diamine",(E)-2-Octenal,=,0.196,mM
148,"(3-aminopropyl)-1,2-ethylenediamine",(E)-2-Octenal,=,0.39,mM
148,"1,6-Hexanediamine",(E)-2-Octenal,=,0.098,mM
148,"1,3-bis(aminomethyl)cyclohexane",(E)-2-Octenal,=,0.39,mM
148,"2,2'-(ethylenedioxy)bis(ethylamine)",(E)-2-Octenal,=,0.049,mM
148,"2,2',2''-triaminotriethylamine",(E)-2-Octenal,=,0.098,mM
148,"N'-(2-aminoethyl)-N'-methylethane-1,2-diamine",(E)-2-Octenal,=,0.049,mM
148,"1,5-diamino-3-azapentane",(E)-2-Octenal,=,0.38,mM
148,Bis(3-aminopropyl)amine,(E)-2-Octenal,=,0.75,mM
148,"3,3'-Diamino-N-methyldipropylamine",(E)-2-Octenal,=,0.098,mM
148,Spermine,(E)-2-Octenal,=,0.75,mM
148,"1,11-diamino-3,6,9-trioxaundecane",1H-Imidazole-2-carboxaldehyde,=,0.39,mM
148,"1,6-Hexanediamine",1H-Imidazole-2-carboxaldehyde,=,3.12,mM
148,"1,5-diamino-3-azapentane",1H-Imidazole-2-carboxaldehyde,=,0.78,mM
148,"1,11-diamino-3,6,9-trioxaundecane",4-Ethynylbenzaldehyde,=,3.12,mM
148,"1,5-diamino-3-azapentane",4-Ethynylbenzaldehyde,>,12.5,mM
148,"1,11-diamino-3,6,9-trioxaundecane","3,4-Dihydroxybenzaldehyde",=,6.25,mM
148,"1,6-Hexanediamine","3,4-Dihydroxybenzaldehyde",=,6.25,mM
148,"1,11-diamino-3,6,9-trioxaundecane",(E)-Dec-2-enal,=,0.024,mM
148,"1,5-diamino-3-azapentane",(E)-Dec-2-enal,=,1.5,mM
148,"N-bis-(2-amino-ethyl)-ethane-1,2-diamine","2,6-Dimethyl-5-heptenal",=,3.12,mM
148,"2,2-bis(2-aminoethoxy)propane","2,6-Dimethyl-5-heptenal",>,12.5,mM
148,(Z)-[bis(2-aminoethyl)amino]-hydroxyimino-oxidoazanium,"2,6-Dimethyl-5-heptenal",=,6.25,mM
148,cystamine dihydrochloride,"2,6-Dimethyl-5-heptenal",=,6.25,mM
148,"1,7-Diaminoheptane","2,6-Dimethyl-5-heptenal",=,3.12,mM
148,"2,2'-diaminodiethyl ether","2,6-Dimethyl-5-heptenal",>,12.5,mM
148,"1,11-diamino-3,6,9-trioxaundecane","2,6-Dimethyl-5-heptenal",=,12.5,mM
148,"1,4-diaminobutane","2,6-Dimethyl-5-heptenal",=,3.12,mM
148,"2,5-Bis(aminomethyl)furan","2,6-Dimethyl-5-heptenal",=,6.25,mM
148,"1,8-diaminooctan","2,6-Dimethyl-5-heptenal",=,1.56,mM
148,p-Phenylenediamine,"2,6-Dimethyl-5-heptenal",=,1.56,mM
148,"(3-aminopropyl)-1,2-ethylenediamine","2,6-Dimethyl-5-heptenal",=,12.5,mM
148,"1,6-Hexanediamine","2,6-Dimethyl-5-heptenal",=,6.25,mM
148,"1,3-di(aminomethyl)benzene","2,6-Dimethyl-5-heptenal",=,12.5,mM
148,"1,3-bis(aminomethyl)cyclohexane","2,6-Dimethyl-5-heptenal",=,12.5,mM
148,1.9-diaminononane,"2,6-Dimethyl-5-heptenal",=,1.56,mM
148,"2,2',2''-triaminotriethylamine","2,6-Dimethyl-5-heptenal",=,3.12,mM
148,"N'-(2-aminoethyl)-N'-methylethane-1,2-diamine","2,6-Dimethyl-5-heptenal",>,12.5,mM
148,Spermidine,"2,6-Dimethyl-5-heptenal",=,6.25,mM
148,"1,5-diamino-3-azapentane","2,6-Dimethyl-5-heptenal",=,6.25,mM
148,Spermine,"2,6-Dimethyl-5-heptenal",=,6.25,mM
148,"1,11-diamino-3,6,9-trioxaundecane",4-Nitrobenzaldehyde,=,1.56,mM
148,"1,5-diamino-3-azapentane",4-Nitrobenzaldehyde,=,3.12,mM
148,"1,11-diamino-3,6,9-trioxaundecane",Hexanal,=,0.39,mM
148,"1,5-diamino-3-azapentane",Hexanal,=,0.78,mM
148,"1,11-diamino-3,6,9-trioxaundecane",Vanillin,=,12.5,mM
148,"1,6-Hexanediamine",Vanillin,=,6.25,mM
148,"1,11-diamino-3,6,9-trioxaundecane",Octyl aldehyde,=,0.024,mM
148,"1,6-Hexanediamine",Octyl aldehyde,=,0.098,mM
148,"1,5-diamino-3-azapentane",Octyl aldehyde,=,0.39,mM
148,"1,5-diamino-3-azapentane",Nonyl aldehyde,=,0.098,mM
148,"N-bis-(2-amino-ethyl)-ethane-1,2-diamine",Trans-2-pentenal,=,6.25,mM
148,"2,2-bis(2-aminoethoxy)propane",Trans-2-pentenal,=,1.56,mM
148,"1,7-Diaminoheptane",Trans-2-pentenal,=,0.39,mM
148,"2,2'-diaminodiethyl ether",Trans-2-pentenal,=,3.12,mM
148,"1,11-diamino-3,6,9-trioxaundecane",Trans-2-pentenal,=,3.12,mM
148,"1,5-diaminopentane",Trans-2-pentenal,=,1.56,mM
148,"1,4-diaminobutane",Trans-2-pentenal,=,0.19,mM
148,p-Phenylenediamine,Trans-2-pentenal,>,12.5,mM
148,"3,7-diazanonane-1,9-diamine",Trans-2-pentenal,=,6.25,mM
148,"(3-aminopropyl)-1,2-ethylenediamine",Trans-2-pentenal,=,6.25,mM
148,"1,6-Hexanediamine",Trans-2-pentenal,=,0.19,mM
148,"1,3-bis(aminomethyl)cyclohexane",Trans-2-pentenal,=,1.56,mM
148,"2,2'-(ethylenedioxy)bis(ethylamine)",Trans-2-pentenal,=,3.12,mM
148,"N'-(2-aminoethyl)-N'-methylethane-1,2-diamine",Trans-2-pentenal,=,0.78,mM
148,"1,5-diamino-3-azapentane",Trans-2-pentenal,=,6.25,mM
148,Bis(3-aminopropyl)amine,Trans-2-pentenal,=,0.39,mM
148,"3,3'-Diamino-N-methyldipropylamine",Trans-2-pentenal,=,3.12,mM
148,"1,11-diamino-3,6,9-trioxaundecane",citronellal,=,0.0061,mM
148,"1,6-Hexanediamine",citronellal,=,0.048,mM
148,"1,11-diamino-3,6,9-trioxaundecane",2-Pyridinecarboxaldehyde,=,3.12,mM
148,"1,6-Hexanediamine",2-Pyridinecarboxaldehyde,=,3.12,mM
148,"1,11-diamino-3,6,9-trioxaundecane",(E)-hept-2-enal,=,0.049,mM
148,"1,6-Hexanediamine",(E)-hept-2-enal,=,0.048,mM
148,"1,11-diamino-3,6,9-trioxaundecane","(2E,4E)-deca-2,4-dienal",=,0.049,mM
148,"1,6-Hexanediamine","(2E,4E)-deca-2,4-dienal",=,0.19,mM
148,"1,5-diamino-3-azapentane","(2E,4E)-deca-2,4-dienal",=,0.75,mM
148,"1,11-diamino-3,6,9-trioxaundecane",Cinnamaldehyde,=,0.19,mM
148,"1,6-Hexanediamine",Cinnamaldehyde,=,0.39,mM
148,"1,5-diamino-3-azapentane",p-Bromo benzaldehyde,=,3.12,mM
148,"1,11-diamino-3,6,9-trioxaundecane",(E)-non-2-enal,=,0.048,mM
148,"1,6-Hexanediamine",(E)-non-2-enal,=,0.098,mM
148,"1,5-diamino-3-azapentane",(E)-non-2-enal,=,0.38,mM
148,"1,11-diamino-3,6,9-trioxaundecane","(2E)-nona-2,6-dienal",=,0.098,mM
148,"1,6-Hexanediamine","(2E)-nona-2,6-dienal",=,0.19,mM
148,"1,5-diamino-3-azapentane","(2E)-nona-2,6-dienal",=,0.19,mM
148,"1,5-diamino-3-azapentane",Citral,=,0.19,mM
148,"1,5-diamino-3-azapentane",(E)-hex-2-enal,=,3,mM
148,"1,11-diamino-3,6,9-trioxaundecane",Formaldehyde,=,3.12,mM
148,"1,5-diamino-3-azapentane",Formaldehyde,=,12.5,mM
149,"2,2-bis(2-aminoethoxy)propane",(E)-2-Octenal,=,0.098,mM
149,(Z)-[bis(2-aminoethyl)amino]-hydroxyimino-oxidoazanium,(E)-2-Octenal,=,0.098,mM
149,"2,2'-diaminodiethyl ether",(E)-2-Octenal,=,0.098,mM
149,"1,11-diamino-3,6,9-trioxaundecane",(E)-2-Octenal,=,0.098,mM
149,"1,5-diaminopentane",(E)-2-Octenal,=,0.098,mM
149,"1,4-diaminobutane",(E)-2-Octenal,=,0.098,mM
149,"1,8-diaminooctan",(E)-2-Octenal,=,0.098,mM
149,p-Phenylenediamine,(E)-2-Octenal,>,12.5,mM
149,Polyethylenimine linear,(E)-2-Octenal,=,0.38,mM
149,"3,7-diazanonane-1,9-diamine",(E)-2-Octenal,=,0.196,mM
149,"(3-aminopropyl)-1,2-ethylenediamine",(E)-2-Octenal,=,0.39,mM
149,"1,6-Hexanediamine",(E)-2-Octenal,=,0.098,mM
149,1.9-diaminononane,(E)-2-Octenal,=,0.098,mM
149,"2,2'-(ethylenedioxy)bis(ethylamine)",(E)-2-Octenal,=,0.049,mM
149,"2,2',2''-triaminotriethylamine",(E)-2-Octenal,=,0.098,mM
149,"1,5-diamino-3-azapentane",(E)-2-Octenal,=,0.38,mM
149,"3,3'-Diamino-N-methyldipropylamine",(E)-2-Octenal,=,0.098,mM
149,Spermine,(E)-2-Octenal,=,0.75,mM
149,"1,11-diamino-3,6,9-trioxaundecane",1H-Imidazole-2-carboxaldehyde,=,0.39,mM
149,"1,6-Hexanediamine",1H-Imidazole-2-carboxaldehyde,=,3.12,mM
149,"1,5-diamino-3-azapentane",1H-Imidazole-2-carboxaldehyde,=,0.78,mM
149,"1,11-diamino-3,6,9-trioxaundecane",4-Ethynylbenzaldehyde,=,3.12,mM
149,"1,5-diamino-3-azapentane",4-Ethynylbenzaldehyde,>,12.5,mM
149,"1,11-diamino-3,6,9-trioxaundecane","3,4-Dihydroxybenzaldehyde",=,6.25,mM
149,"1,6-Hexanediamine","3,4-Dihydroxybenzaldehyde",=,6.25,mM
149,"1,11-diamino-3,6,9-trioxaundecane",(E)-Dec-2-enal,=,0.024,mM
149,"1,5-diamino-3-azapentane",(E)-Dec-2-enal,=,1.5,mM
149,"N-bis-(2-amino-ethyl)-ethane-1,2-diamine","2,6-Dimethyl-5-heptenal",=,3.12,mM
149,"2,2-bis(2-aminoethoxy)propane","2,6-Dimethyl-5-heptenal",>,12.5,mM
149,(Z)-[bis(2-aminoethyl)amino]-hydroxyimino-oxidoazanium,"2,6-Dimethyl-5-heptenal",=,6.25,mM
149,"1,7-Diaminoheptane","2,6-Dimethyl-5-heptenal",=,3.12,mM
149,"2,2'-diaminodiethyl ether","2,6-Dimethyl-5-heptenal",>,12.5,mM
149,"1,5-diaminopentane","2,6-Dimethyl-5-heptenal",=,6.25,mM
149,"1,4-diaminobutane","2,6-Dimethyl-5-heptenal",=,3.12,mM
149,"2,5-Bis(aminomethyl)furan","2,6-Dimethyl-5-heptenal",=,6.25,mM
149,"1,8-diaminooctan","2,6-Dimethyl-5-heptenal",=,1.56,mM
149,p-Phenylenediamine,"2,6-Dimethyl-5-heptenal",=,1.56,mM
149,"(3-aminopropyl)-1,2-ethylenediamine","2,6-Dimethyl-5-heptenal",=,12.5,mM
149,"1,6-Hexanediamine","2,6-Dimethyl-5-heptenal",=,6.25,mM
149,"1,3-di(aminomethyl)benzene","2,6-Dimethyl-5-heptenal",=,12.5,mM
149,"1,3-bis(aminomethyl)cyclohexane","2,6-Dimethyl-5-heptenal",=,12.5,mM
149,1.9-diaminononane,"2,6-Dimethyl-5-heptenal",=,1.56,mM
149,"2,2'-(ethylenedioxy)bis(ethylamine)","2,6-Dimethyl-5-heptenal",=,3.12,mM
149,"2,2',2''-triaminotriethylamine","2,6-Dimethyl-5-heptenal",=,3.12,mM
149,"N'-(2-aminoethyl)-N'-methylethane-1,2-diamine","2,6-Dimethyl-5-heptenal",>,12.5,mM
149,Spermidine,"2,6-Dimethyl-5-heptenal",=,6.25,mM
149,"1,5-diamino-3-azapentane","2,6-Dimethyl-5-heptenal",=,6.25,mM
149,Bis(3-aminopropyl)amine,"2,6-Dimethyl-5-heptenal",=,3.12,mM
149,Spermine,"2,6-Dimethyl-5-heptenal",=,6.25,mM
149,"1,11-diamino-3,6,9-trioxaundecane",4-Nitrobenzaldehyde,=,1.56,mM
149,"1,6-Hexanediamine",4-Nitrobenzaldehyde,=,3.12,mM
149,"1,5-diamino-3-azapentane",4-Nitrobenzaldehyde,=,3.12,mM
149,"1,11-diamino-3,6,9-trioxaundecane",Hexanal,=,0.39,mM
149,"1,6-Hexanediamine",Hexanal,=,0.048,mM
149,"1,11-diamino-3,6,9-trioxaundecane",Vanillin,=,12.5,mM
149,"1,6-Hexanediamine",Vanillin,=,6.25,mM
149,"1,5-diamino-3-azapentane",Vanillin,=,1.5,mM
149,"1,11-diamino-3,6,9-trioxaundecane",Octyl aldehyde,=,0.024,mM
149,"1,5-diamino-3-azapentane",Octyl aldehyde,=,0.39,mM
149,"1,5-diamino-3-azapentane",Nonyl aldehyde,=,0.098,mM
149,"N-bis-(2-amino-ethyl)-ethane-1,2-diamine",Trans-2-pentenal,=,6.25,mM
149,(Z)-[bis(2-aminoethyl)amino]-hydroxyimino-oxidoazanium,Trans-2-pentenal,=,0.39,mM
149,"1,7-Diaminoheptane",Trans-2-pentenal,=,0.39,mM
149,"2,2'-diaminodiethyl ether",Trans-2-pentenal,=,3.12,mM
149,"1,4-diaminobutane",Trans-2-pentenal,=,0.19,mM
149,"1,8-diaminooctan",Trans-2-pentenal,=,0.39,mM
149,p-Phenylenediamine,Trans-2-pentenal,>,12.5,mM
149,"3,7-diazanonane-1,9-diamine",Trans-2-pentenal,=,6.25,mM
149,"(3-aminopropyl)-1,2-ethylenediamine",Trans-2-pentenal,=,6.25,mM
149,"1,6-Hexanediamine",Trans-2-pentenal,=,0.19,mM
149,"1,3-bis(aminomethyl)cyclohexane",Trans-2-pentenal,=,1.56,mM
149,"2,2'-(ethylenedioxy)bis(ethylamine)",Trans-2-pentenal,=,3.12,mM
149,"N'-(2-aminoethyl)-N'-methylethane-1,2-diamine",Trans-2-pentenal,=,0.78,mM
149,Bis(3-aminopropyl)amine,Trans-2-pentenal,=,0.39,mM
149,"1,11-diamino-3,6,9-trioxaundecane",citronellal,=,0.0061,mM
149,"1,6-Hexanediamine",citronellal,=,0.048,mM
149,"1,5-diamino-3-azapentane",citronellal,=,1.56,mM
149,"1,11-diamino-3,6,9-trioxaundecane",2-Pyridinecarboxaldehyde,=,3.12,mM
149,"1,5-diamino-3-azapentane",2-Pyridinecarboxaldehyde,=,12.5,mM
149,"1,11-diamino-3,6,9-trioxaundecane",(E)-hept-2-enal,=,0.049,mM
149,"1,5-diamino-3-azapentane",(E)-hept-2-enal,=,1.5,mM
149,"1,11-diamino-3,6,9-trioxaundecane","(2E,4E)-deca-2,4-dienal",=,0.049,mM
149,"1,6-Hexanediamine","(2E,4E)-deca-2,4-dienal",=,0.19,mM
149,"1,5-diamino-3-azapentane","(2E,4E)-deca-2,4-dienal",=,0.75,mM
149,"1,6-Hexanediamine",Cinnamaldehyde,=,0.39,mM
149,"1,5-diamino-3-azapentane",Cinnamaldehyde,=,3,mM
149,"1,11-diamino-3,6,9-trioxaundecane",p-Bromo benzaldehyde,=,6.25,mM
149,"1,6-Hexanediamine",p-Bromo benzaldehyde,=,6.25,mM
149,"1,5-diamino-3-azapentane",p-Bromo benzaldehyde,=,3.12,mM
149,"1,11-diamino-3,6,9-trioxaundecane",(E)-non-2-enal,=,0.048,mM
149,"1,6-Hexanediamine",(E)-non-2-enal,=,0.098,mM
149,"1,11-diamino-3,6,9-trioxaundecane","(2E)-nona-2,6-dienal",=,0.098,mM
149,"1,6-Hexanediamine","(2E)-nona-2,6-dienal",=,0.19,mM
149,"1,5-diamino-3-azapentane","(2E)-nona-2,6-dienal",=,0.19,mM
149,"1,6-Hexanediamine",Citral,=,0.19,mM
149,"1,5-diamino-3-azapentane",Citral,=,0.19,mM
149,"1,11-diamino-3,6,9-trioxaundecane",(E)-hex-2-enal,=,0.19,mM
149,"1,6-Hexanediamine",(E)-hex-2-enal,=,0.39,mM
149,"1,5-diamino-3-azapentane",(E)-hex-2-enal,=,3,mM
149,"1,5-diamino-3-azapentane",Formaldehyde,=,12.5,mM
150,"N-bis-(2-amino-ethyl)-ethane-1,2-diamine",(E)-2-Octenal,=,0.196,mM
150,(Z)-[bis(2-aminoethyl)amino]-hydroxyimino-oxidoazanium,(E)-2-Octenal,=,0.098,mM
150,"1,7-Diaminoheptane",(E)-2-Octenal,=,0.049,mM
150,"2,2'-diaminodiethyl ether",(E)-2-Octenal,=,0.098,mM
150,"1,11-diamino-3,6,9-trioxaundecane",(E)-2-Octenal,=,0.098,mM
150,"1,5-diaminopentane",(E)-2-Octenal,=,0.098,mM
150,"1,4-diaminobutane",(E)-2-Octenal,=,0.098,mM
150,Polyethylenimine linear,(E)-2-Octenal,=,0.38,mM
150,"(3-aminopropyl)-1,2-ethylenediamine",(E)-2-Octenal,=,0.39,mM
150,"1,6-Hexanediamine",(E)-2-Octenal,=,0.098,mM
150,1.9-diaminononane,(E)-2-Octenal,=,0.098,mM
150,"2,2'-(ethylenedioxy)bis(ethylamine)",(E)-2-Octenal,=,0.049,mM
150,"2,2',2''-triaminotriethylamine",(E)-2-Octenal,=,0.098,mM
150,"N'-(2-aminoethyl)-N'-methylethane-1,2-diamine",(E)-2-Octenal,=,0.049,mM
150,"1,5-diamino-3-azapentane",(E)-2-Octenal,=,0.38,mM
150,Bis(3-aminopropyl)amine,(E)-2-Octenal,=,0.75,mM
150,Spermine,(E)-2-Octenal,=,0.75,mM
150,"1,11-diamino-3,6,9-trioxaundecane",1H-Imidazole-2-carboxaldehyde,=,0.39,mM
150,"1,6-Hexanediamine",1H-Imidazole-2-carboxaldehyde,=,3.12,mM
150,"1,5-diamino-3-azapentane",1H-Imidazole-2-carboxaldehyde,=,0.78,mM
150,"1,11-diamino-3,6,9-trioxaundecane",4-Ethynylbenzaldehyde,=,3.12,mM
150,"1,5-diamino-3-azapentane",4-Ethynylbenzaldehyde,>,12.5,mM
150,"1,11-diamino-3,6,9-trioxaundecane","3,4-Dihydroxybenzaldehyde",=,6.25,mM
150,"1,6-Hexanediamine","3,4-Dihydroxybenzaldehyde",=,6.25,mM
150,"1,11-diamino-3,6,9-trioxaundecane",(E)-Dec-2-enal,=,0.024,mM
150,"1,6-Hexanediamine",(E)-Dec-2-enal,=,0.098,mM
150,"1,5-diamino-3-azapentane",(E)-Dec-2-enal,=,1.5,mM
150,"N-bis-(2-amino-ethyl)-ethane-1,2-diamine","2,6-Dimethyl-5-heptenal",=,3.12,mM
150,"2,2-bis(2-aminoethoxy)propane","2,6-Dimethyl-5-heptenal",>,12.5,mM
150,(Z)-[bis(2-aminoethyl)amino]-hydroxyimino-oxidoazanium,"2,6-Dimethyl-5-heptenal",=,6.25,mM
150,cystamine dihydrochloride,"2,6-Dimethyl-5-heptenal",=,6.25,mM
150,"1,7-Diaminoheptane","2,6-Dimethyl-5-heptenal",=,3.12,mM
150,"2,2'-diaminodiethyl ether","2,6-Dimethyl-5-heptenal",>,12.5,mM
150,"1,11-diamino-3,6,9-trioxaundecane","2,6-Dimethyl-5-heptenal",=,12.5,mM
150,"1,5-diaminopentane","2,6-Dimethyl-5-heptenal",=,6.25,mM
150,"1,4-diaminobutane","2,6-Dimethyl-5-heptenal",=,3.12,mM
150,"2,5-Bis(aminomethyl)furan","2,6-Dimethyl-5-heptenal",=,6.25,mM
150,"1,8-diaminooctan","2,6-Dimethyl-5-heptenal",=,1.56,mM
150,p-Phenylenediamine,"2,6-Dimethyl-5-heptenal",=,1.56,mM
150,"3,7-diazanonane-1,9-diamine","2,6-Dimethyl-5-heptenal",=,6.25,mM
150,"(3-aminopropyl)-1,2-ethylenediamine","2,6-Dimethyl-5-heptenal",=,12.5,mM
150,"1,6-Hexanediamine","2,6-Dimethyl-5-heptenal",=,6.25,mM
150,"1,3-di(aminomethyl)benzene","2,6-Dimethyl-5-heptenal",=,12.5,mM
150,"1,3-bis(aminomethyl)cyclohexane","2,6-Dimethyl-5-heptenal",=,12.5,mM
150,"2,2',2''-triaminotriethylamine","2,6-Dimethyl-5-heptenal",=,3.12,mM
150,"N'-(2-aminoethyl)-N'-methylethane-1,2-diamine","2,6-Dimethyl-5-heptenal",>,12.5,mM
150,"1,5-diamino-3-azapentane","2,6-Dimethyl-5-heptenal",=,6.25,mM
150,Bis(3-aminopropyl)amine,"2,6-Dimethyl-5-heptenal",=,3.12,mM
150,"3,3'-Diamino-N-methyldipropylamine","2,6-Dimethyl-5-heptenal",=,12.5,mM
150,Spermine,"2,6-Dimethyl-5-heptenal",=,6.25,mM
150,"1,11-diamino-3,6,9-trioxaundecane",4-Nitrobenzaldehyde,=,1.56,mM
150,"1,6-Hexanediamine",4-Nitrobenzaldehyde,=,3.12,mM
150,"1,5-diamino-3-azapentane",4-Nitrobenzaldehyde,=,3.12,mM
150,"1,11-diamino-3,6,9-trioxaundecane",Hexanal,=,0.39,mM
150,"1,6-Hexanediamine",Hexanal,=,0.048,mM
150,"1,11-diamino-3,6,9-trioxaundecane",Vanillin,=,12.5,mM
150,"1,5-diamino-3-azapentane",Vanillin,=,1.5,mM
150,"1,11-diamino-3,6,9-trioxaundecane",Octyl aldehyde,=,0.024,mM
150,"1,6-Hexanediamine",Octyl aldehyde,=,0.098,mM
150,"1,5-diamino-3-azapentane",Octyl aldehyde,=,0.39,mM
150,"1,6-Hexanediamine",Nonyl aldehyde,=,0.19,mM
150,"1,5-diamino-3-azapentane",Nonyl aldehyde,=,0.098,mM
150,"N-bis-(2-amino-ethyl)-ethane-1,2-diamine",Trans-2-pentenal,=,6.25,mM
150,(Z)-[bis(2-aminoethyl)amino]-hydroxyimino-oxidoazanium,Trans-2-pentenal,=,0.39,mM
150,"1,7-Diaminoheptane",Trans-2-pentenal,=,0.39,mM
150,"2,2'-diaminodiethyl ether",Trans-2-pentenal,=,3.12,mM
150,"1,11-diamino-3,6,9-trioxaundecane",Trans-2-pentenal,=,3.12,mM
150,"1,5-diaminopentane",Trans-2-pentenal,=,1.56,mM
150,"1,4-diaminobutane",Trans-2-pentenal,=,0.19,mM
150,"1,8-diaminooctan",Trans-2-pentenal,=,0.39,mM
150,p-Phenylenediamine,Trans-2-pentenal,>,12.5,mM
150,"(3-aminopropyl)-1,2-ethylenediamine",Trans-2-pentenal,=,6.25,mM
150,"1,6-Hexanediamine",Trans-2-pentenal,=,0.19,mM
150,"1,3-bis(aminomethyl)cyclohexane",Trans-2-pentenal,=,1.56,mM
150,1.9-diaminononane,Trans-2-pentenal,=,0.098,mM
150,Bis(3-aminopropyl)amine,Trans-2-pentenal,=,0.39,mM
150,"1,11-diamino-3,6,9-trioxaundecane",citronellal,=,0.0061,mM
150,"1,6-Hexanediamine",citronellal,=,0.048,mM
150,"1,11-diamino-3,6,9-trioxaundecane",2-Pyridinecarboxaldehyde,=,3.12,mM
150,"1,5-diamino-3-azapentane",2-Pyridinecarboxaldehyde,=,12.5,mM
150,"1,6-Hexanediamine",(E)-hept-2-enal,=,0.048,mM
150,"1,5-diamino-3-azapentane",(E)-hept-2-enal,=,1.5,mM
150,"1,6-Hexanediamine","(2E,4E)-deca-2,4-dienal",=,0.19,mM
150,"1,5-diamino-3-azapentane","(2E,4E)-deca-2,4-dienal",=,0.75,mM
150,"1,6-Hexanediamine",Cinnamaldehyde,=,0.39,mM
150,"1,5-diamino-3-azapentane",Cinnamaldehyde,=,3,mM
150,"1,11-diamino-3,6,9-trioxaundecane",p-Bromo benzaldehyde,=,6.25,mM
150,"1,6-Hexanediamine",p-Bromo benzaldehyde,=,6.25,mM
150,"1,5-diamino-3-azapentane",p-Bromo benzaldehyde,=,3.12,mM
150,"1,5-diamino-3-azapentane",(E)-non-2-enal,=,0.38,mM
150,"1,6-Hexanediamine","(2E)-nona-2,6-dienal",=,0.19,mM
150,"1,5-diamino-3-azapentane","(2E)-nona-2,6-dienal",=,0.19,mM
150,"1,11-diamino-3,6,9-trioxaundecane",Citral,=,0.098,mM
150,"1,6-Hexanediamine",Citral,=,0.19,mM
150,"1,5-diamino-3-azapentane",Citral,=,0.19,mM
150,"1,11-diamino-3,6,9-trioxaundecane",(E)-hex-2-enal,=,0.19,mM
150,"1,6-Hexanediamine",(E)-hex-2-enal,=,0.39,mM
150,"1,5-diamino-3-azapentane",(E)-hex-2-enal,=,3,mM
150,"1,11-diamino-3,6,9-trioxaundecane",Formaldehyde,=,3.12,mM
150,"1,5-diamino-3-azapentane",Formaldehyde,=,12.5,mM
